CustomerID,Age,Gender,Tenure,Usage Frequency,Support Calls,Payment Delay,Subscription Type,Contract Length,Total Spend,Last Interaction,Churn
1,22,Female,25,14,4,27,Basic,Monthly,598,9,1
2,41,Female,28,28,7,13,Standard,Monthly,584,20,0
3,47,Male,27,10,2,29,Premium,Annual,757,21,0
4,35,Male,9,12,5,17,Premium,Quarterly,232,18,0
5,53,Female,58,24,9,2,Standard,Annual,533,18,0
6,30,Male,41,14,10,10,Premium,Monthly,500,29,0
7,47,Female,37,15,9,28,Basic,Quarterly,574,14,1
8,54,Female,36,11,0,18,Standard,Monthly,323,16,0
9,36,Male,20,5,10,8,Basic,Monthly,687,8,0
10,65,Male,8,4,2,23,Basic,Annual,995,10,0
11,46,Female,42,27,9,21,Standard,Annual,526,3,1
12,56,Male,13,23,5,14,Basic,Quarterly,187,1,0
13,31,Male,2,7,0,25,Premium,Quarterly,758,24,0
14,42,Male,46,27,5,8,Premium,Quarterly,438,30,0
15,59,Male,21,17,2,14,Premium,Quarterly,663,15,0
16,35,Female,1,3,7,3,Basic,Monthly,677,25,1
17,29,Male,54,3,6,2,Basic,Monthly,636,22,0
18,45,Male,9,30,4,25,Basic,Annual,127,18,0
19,65,Female,40,2,1,6,Premium,Annual,396,21,0
20,62,Male,39,19,2,15,Premium,Quarterly,202,24,0
21,48,Male,28,7,1,21,Premium,Monthly,925,13,0
22,36,Female,58,4,0,1,Premium,Quarterly,463,26,0
23,55,Male,50,28,0,17,Standard,Quarterly,449,3,0
24,36,Female,54,20,4,1,Basic,Monthly,373,25,0
25,64,Male,59,7,5,9,Basic,Annual,460,12,0
26,65,Female,58,7,3,30,Premium,Annual,166,1,1
27,53,Female,58,18,8,4,Basic,Quarterly,615,4,0
28,41,Female,60,7,7,0,Premium,Annual,696,20,0
29,25,Female,41,11,5,11,Premium,Annual,678,30,0
30,44,Female,44,7,8,16,Basic,Quarterly,792,27,1
31,28,Female,23,8,8,0,Basic,Annual,812,3,0
32,34,Male,26,3,0,2,Basic,Annual,156,15,0
33,24,Male,1,7,0,3,Standard,Annual,611,4,0
34,27,Female,41,8,1,7,Premium,Monthly,943,12,0
35,31,Female,31,6,2,29,Standard,Quarterly,329,6,1
36,46,Male,30,10,4,16,Standard,Monthly,493,1,0
37,59,Male,44,17,3,2,Basic,Quarterly,636,30,0
38,56,Female,27,15,8,24,Standard,Monthly,384,6,1
39,27,Female,44,21,3,22,Premium,Annual,515,1,0
40,42,Male,51,10,9,11,Basic,Monthly,820,17,0
41,29,Female,28,23,7,16,Basic,Quarterly,1000,26,1
42,36,Male,45,24,5,2,Premium,Quarterly,405,4,0
43,61,Male,19,2,7,2,Premium,Monthly,879,4,1
44,57,Male,2,26,5,14,Premium,Monthly,771,4,0
45,56,Male,9,16,1,22,Premium,Monthly,600,17,0
46,42,Female,14,14,8,12,Basic,Monthly,825,19,0
47,36,Female,24,21,8,29,Basic,Monthly,231,8,1
48,37,Male,13,26,2,26,Basic,Quarterly,259,15,0
49,51,Female,15,26,10,25,Basic,Quarterly,244,1,1
50,57,Female,46,30,2,21,Standard,Annual,705,5,0
51,47,Female,47,4,7,3,Standard,Monthly,136,14,0
52,29,Male,3,5,0,23,Standard,Monthly,843,6,0
53,45,Female,17,4,5,23,Standard,Annual,402,8,1
54,18,Female,22,21,3,30,Premium,Annual,919,3,0
55,27,Male,57,4,10,20,Premium,Annual,699,4,1
56,23,Male,34,20,3,26,Basic,Annual,733,1,0
57,60,Male,24,11,9,10,Standard,Monthly,563,10,0
58,57,Male,24,28,3,24,Premium,Annual,448,12,0
59,28,Female,29,3,2,21,Premium,Quarterly,172,2,1
60,64,Female,39,25,2,9,Standard,Quarterly,933,9,0
61,30,Male,57,21,8,24,Standard,Annual,576,6,1
62,18,Female,57,16,10,2,Basic,Quarterly,657,26,0
63,24,Male,13,25,9,27,Premium,Quarterly,843,29,0
64,40,Male,54,7,0,15,Standard,Annual,731,27,0
65,26,Female,33,27,1,23,Basic,Quarterly,665,5,0
66,41,Male,35,4,6,16,Standard,Annual,546,26,1
67,64,Female,19,27,2,0,Basic,Monthly,579,14,0
68,42,Male,34,2,7,17,Premium,Annual,757,25,1
69,24,Male,28,13,0,27,Premium,Quarterly,515,27,0
70,52,Female,56,8,9,21,Premium,Annual,599,20,1
71,48,Male,57,29,1,19,Standard,Monthly,554,12,0
72,28,Female,34,20,1,1,Basic,Annual,986,19,0
73,52,Female,5,12,5,23,Basic,Annual,844,12,0
74,52,Female,37,26,5,29,Standard,Annual,668,3,1
75,56,Female,55,15,10,3,Standard,Annual,867,26,0
76,64,Male,48,9,7,26,Premium,Annual,471,11,1
77,41,Male,59,30,5,26,Basic,Annual,628,11,1
78,48,Female,47,12,0,29,Basic,Monthly,761,8,1
79,22,Male,39,10,3,29,Standard,Monthly,599,13,0
80,42,Female,19,25,5,13,Premium,Monthly,372,8,0
81,55,Female,54,26,0,9,Premium,Annual,213,13,0
82,43,Female,6,16,6,21,Basic,Monthly,996,17,1
83,34,Male,26,22,8,9,Premium,Monthly,403,3,0
84,27,Male,42,22,3,27,Basic,Monthly,468,25,0
85,19,Female,59,24,3,26,Basic,Quarterly,368,8,1
86,58,Male,59,10,5,8,Basic,Monthly,599,25,0
87,22,Female,39,9,2,13,Basic,Quarterly,759,1,0
88,22,Male,25,10,10,17,Premium,Monthly,966,7,1
89,61,Female,28,9,6,5,Standard,Monthly,784,7,0
90,28,Male,17,19,10,12,Premium,Quarterly,332,24,0
91,33,Male,36,18,0,24,Premium,Annual,364,1,0
92,37,Female,57,21,6,6,Premium,Quarterly,209,29,0
93,65,Female,6,21,1,2,Premium,Quarterly,428,29,0
94,22,Male,51,27,9,23,Standard,Annual,347,11,1
95,42,Male,37,14,0,24,Premium,Annual,418,13,0
96,36,Female,42,18,8,6,Premium,Quarterly,322,10,0
97,20,Male,32,7,5,14,Basic,Annual,920,28,0
98,58,Male,21,28,10,2,Basic,Annual,894,28,0
99,65,Male,21,3,5,20,Standard,Quarterly,570,1,1
100,40,Male,6,26,10,0,Basic,Annual,632,5,0
101,52,Female,45,20,6,28,Standard,Monthly,442,10,1
102,35,Male,47,23,4,8,Standard,Annual,969,7,0
103,62,Female,16,13,9,15,Standard,Quarterly,719,19,0
104,41,Male,20,27,4,13,Basic,Monthly,941,18,0
105,36,Male,10,22,9,0,Standard,Quarterly,218,7,0
106,39,Male,59,29,5,7,Basic,Annual,225,27,0
107,62,Male,10,9,1,18,Standard,Quarterly,345,27,0
108,55,Male,22,15,1,19,Standard,Quarterly,769,30,0
109,44,Female,54,20,1,9,Basic,Quarterly,717,9,0
110,39,Female,7,30,3,5,Basic,Monthly,199,13,0
111,30,Male,57,20,8,26,Premium,Monthly,821,8,1
112,41,Male,8,11,9,24,Premium,Monthly,900,14,0
113,56,Male,56,3,3,12,Standard,Monthly,175,11,0
114,24,Male,10,3,8,13,Basic,Annual,317,3,0
115,28,Female,43,30,7,5,Basic,Monthly,600,11,0
116,46,Female,43,10,0,10,Basic,Quarterly,779,23,0
117,18,Male,36,18,7,14,Standard,Monthly,635,19,0
118,34,Male,28,7,8,7,Premium,Monthly,524,1,0
119,39,Male,13,27,6,21,Basic,Quarterly,382,16,0
120,32,Female,3,12,8,8,Basic,Quarterly,990,21,0
121,35,Female,47,2,8,21,Basic,Monthly,532,7,1
122,40,Male,28,4,0,21,Basic,Annual,377,7,0
123,44,Male,13,26,3,3,Basic,Monthly,486,25,0
124,52,Female,50,10,2,26,Basic,Quarterly,640,3,0
125,40,Female,35,15,6,20,Basic,Annual,104,27,1
126,41,Male,58,27,1,3,Premium,Annual,392,3,0
127,30,Female,23,29,1,22,Standard,Annual,255,24,1
128,64,Female,36,17,4,15,Standard,Monthly,237,5,0
129,43,Female,52,13,10,14,Standard,Quarterly,555,11,0
130,31,Female,36,23,2,5,Premium,Annual,444,2,0
131,61,Male,6,15,2,30,Premium,Annual,630,18,0
132,56,Female,33,7,0,22,Premium,Monthly,664,27,1
133,57,Male,37,15,4,10,Basic,Monthly,186,9,0
134,41,Female,59,20,0,17,Standard,Quarterly,978,11,0
135,46,Male,47,14,10,16,Basic,Annual,996,16,1
136,65,Female,26,17,10,25,Basic,Annual,254,1,1
137,25,Male,27,15,2,15,Basic,Quarterly,123,19,0
138,43,Male,37,11,3,23,Standard,Annual,377,9,0
139,65,Male,13,4,3,12,Basic,Monthly,921,3,0
140,25,Female,58,7,5,9,Basic,Annual,920,22,0
141,45,Male,56,29,0,24,Standard,Annual,335,18,0
142,20,Male,59,10,5,5,Premium,Quarterly,803,15,0
143,38,Male,10,9,1,30,Premium,Annual,888,28,0
144,43,Female,16,20,10,26,Basic,Annual,712,2,0
145,24,Male,8,12,9,15,Basic,Annual,257,18,0
146,56,Female,2,20,6,17,Basic,Quarterly,355,12,0
147,61,Male,58,24,9,5,Premium,Monthly,201,20,0
148,38,Female,16,13,2,28,Premium,Annual,133,24,1
149,39,Male,24,6,5,28,Premium,Quarterly,910,22,1
150,29,Male,42,8,8,21,Premium,Quarterly,419,27,1
151,31,Male,20,12,1,7,Premium,Annual,115,7,0
152,25,Male,22,5,5,29,Basic,Monthly,121,20,0
153,62,Male,22,30,9,21,Basic,Annual,736,24,0
154,64,Male,13,16,10,18,Standard,Annual,934,11,0
155,57,Female,7,27,7,23,Standard,Annual,640,1,0
156,48,Male,41,25,10,1,Standard,Annual,119,13,0
157,21,Male,3,8,5,15,Premium,Quarterly,994,25,0
158,26,Female,16,10,0,14,Standard,Annual,411,19,0
159,63,Male,36,21,8,0,Premium,Annual,817,22,0
160,28,Male,14,5,3,4,Premium,Monthly,200,7,0
161,36,Male,51,1,0,7,Premium,Annual,837,16,0
162,31,Male,34,23,5,12,Standard,Quarterly,164,2,0
163,64,Female,46,2,1,12,Basic,Quarterly,413,12,0
164,49,Female,53,16,5,3,Standard,Annual,423,15,0
165,58,Female,54,18,1,29,Premium,Quarterly,235,29,1
166,51,Male,6,22,7,23,Premium,Quarterly,862,3,0
167,62,Female,10,11,5,1,Standard,Quarterly,775,6,0
168,41,Female,55,17,10,12,Premium,Monthly,259,22,0
169,22,Female,59,9,4,9,Basic,Monthly,581,4,0
170,56,Male,52,27,5,13,Standard,Annual,796,25,0
171,59,Female,20,8,10,3,Standard,Annual,317,20,0
172,51,Female,6,1,9,18,Standard,Quarterly,354,12,1
173,57,Male,5,13,7,3,Basic,Quarterly,821,16,0
174,56,Female,36,4,4,21,Premium,Quarterly,946,30,1
175,23,Male,42,23,6,24,Standard,Monthly,838,6,1
176,33,Female,52,26,0,10,Standard,Quarterly,136,4,0
177,29,Male,31,30,8,24,Premium,Quarterly,150,11,1
178,49,Male,40,11,4,17,Premium,Monthly,546,7,0
179,25,Female,28,8,4,23,Premium,Monthly,716,1,1
180,37,Male,1,7,4,22,Standard,Annual,699,15,0
181,45,Male,40,10,10,28,Premium,Annual,912,8,1
182,53,Male,13,11,9,14,Basic,Annual,350,9,0
183,33,Female,60,24,10,18,Premium,Monthly,423,24,1
184,20,Male,5,22,8,0,Premium,Monthly,973,25,0
185,62,Male,26,18,1,16,Standard,Annual,683,12,0
186,37,Male,55,8,8,4,Standard,Monthly,561,16,0
187,51,Male,38,21,4,5,Basic,Quarterly,203,26,0
188,21,Female,41,13,8,22,Premium,Monthly,538,18,1
189,64,Male,60,25,5,8,Premium,Annual,720,24,0
190,41,Male,50,15,6,1,Standard,Annual,588,10,0
191,44,Male,44,30,0,26,Standard,Monthly,656,6,0
192,20,Male,4,26,8,12,Standard,Annual,733,4,0
193,18,Male,28,12,3,20,Standard,Monthly,261,13,0
194,41,Female,58,24,9,16,Standard,Annual,447,20,1
195,50,Male,46,2,4,28,Premium,Annual,527,19,0
196,59,Male,41,29,3,1,Basic,Quarterly,833,5,0
197,39,Male,29,25,4,2,Standard,Quarterly,254,20,0
198,19,Male,17,11,6,24,Standard,Quarterly,715,15,0
199,29,Female,56,21,3,26,Basic,Quarterly,239,29,1
200,45,Female,20,1,4,15,Standard,Monthly,224,13,0
201,36,Male,24,29,1,26,Premium,Monthly,566,8,0
202,20,Female,9,27,5,16,Standard,Annual,295,21,0
203,30,Female,44,22,4,18,Standard,Quarterly,890,12,0
204,33,Male,5,25,1,26,Standard,Annual,821,27,0
205,27,Male,29,30,4,3,Basic,Annual,258,18,0
206,36,Female,26,7,2,3,Basic,Annual,371,8,0
207,33,Male,35,29,9,18,Basic,Monthly,335,8,1
208,18,Male,33,18,1,22,Basic,Annual,312,29,0
209,64,Male,13,20,0,22,Standard,Quarterly,749,14,0
210,48,Male,36,19,1,13,Premium,Annual,140,28,0
211,57,Female,15,4,5,30,Standard,Quarterly,960,21,1
212,28,Female,22,5,1,2,Premium,Quarterly,838,10,0
213,28,Male,56,7,2,25,Basic,Monthly,854,26,0
214,22,Female,45,29,8,7,Standard,Monthly,344,17,0
215,56,Male,11,10,10,10,Basic,Annual,841,26,0
216,23,Female,31,15,6,11,Basic,Quarterly,705,24,0
217,59,Male,44,7,8,9,Standard,Annual,890,26,0
218,46,Male,27,25,6,8,Basic,Monthly,150,28,0
219,56,Male,8,11,10,12,Premium,Quarterly,866,15,0
220,37,Female,25,19,8,26,Standard,Monthly,212,13,1
221,36,Male,46,5,2,11,Premium,Quarterly,524,6,0
222,59,Male,36,16,4,26,Standard,Annual,894,29,0
223,56,Female,15,19,3,2,Standard,Quarterly,650,3,0
224,51,Female,32,20,2,24,Standard,Quarterly,505,21,0
225,38,Female,29,18,4,16,Standard,Annual,909,24,0
226,20,Male,60,29,7,22,Standard,Quarterly,298,23,1
227,60,Female,16,24,6,21,Basic,Monthly,725,14,1
228,49,Male,59,9,2,18,Premium,Annual,733,18,0
229,20,Female,55,25,1,26,Premium,Quarterly,382,8,1
230,58,Female,29,20,0,20,Standard,Quarterly,126,9,0
231,27,Male,50,1,10,30,Standard,Annual,736,4,1
232,20,Female,29,5,4,17,Basic,Annual,584,26,0
233,63,Male,46,2,4,9,Basic,Quarterly,969,30,1
234,47,Female,33,5,4,23,Premium,Quarterly,393,14,1
235,63,Male,18,15,3,27,Premium,Annual,722,26,0
236,62,Male,51,9,2,0,Premium,Monthly,654,16,0
237,46,Female,35,29,8,5,Standard,Monthly,805,2,0
238,49,Female,33,23,3,21,Premium,Annual,230,23,1
239,46,Female,52,26,5,27,Basic,Monthly,403,14,1
240,64,Female,11,7,1,8,Basic,Annual,984,14,0
241,60,Male,13,17,7,19,Basic,Monthly,849,26,0
242,54,Male,44,24,1,16,Premium,Annual,664,3,0
243,47,Female,52,3,6,1,Premium,Quarterly,408,7,0
244,37,Male,55,28,4,26,Basic,Monthly,826,17,0
245,19,Female,1,13,6,9,Basic,Monthly,302,3,0
246,52,Female,33,14,8,2,Standard,Quarterly,846,11,0
247,62,Male,5,18,6,14,Standard,Annual,205,22,0
248,48,Male,54,15,7,18,Standard,Quarterly,131,11,1
249,60,Male,18,27,1,30,Standard,Annual,426,30,0
250,58,Male,15,2,1,13,Premium,Annual,309,23,0
251,43,Male,31,8,7,28,Premium,Monthly,313,10,1
252,26,Male,41,27,8,15,Premium,Monthly,889,6,0
253,41,Female,45,21,5,18,Basic,Quarterly,799,7,1
254,22,Male,47,15,10,24,Premium,Annual,237,17,1
255,45,Male,14,20,1,13,Basic,Quarterly,828,11,0
256,38,Male,59,30,1,28,Premium,Quarterly,481,28,0
257,28,Male,49,22,6,29,Standard,Quarterly,187,13,1
258,56,Male,22,21,5,13,Premium,Monthly,632,22,0
259,42,Female,17,14,6,22,Standard,Annual,207,10,1
260,20,Female,59,19,0,10,Premium,Quarterly,366,22,0
261,62,Male,52,1,4,22,Standard,Monthly,153,26,1
262,22,Female,37,6,8,17,Basic,Quarterly,212,12,1
263,30,Female,46,18,4,13,Standard,Quarterly,300,21,0
264,30,Female,55,27,6,11,Standard,Monthly,662,28,0
265,44,Male,21,18,4,27,Basic,Quarterly,388,12,0
266,58,Male,38,26,0,27,Premium,Annual,874,12,0
267,59,Male,41,18,6,18,Standard,Annual,971,12,1
268,65,Male,55,10,5,18,Premium,Quarterly,689,6,1
269,30,Female,42,15,8,8,Premium,Monthly,280,20,0
270,28,Female,35,19,2,2,Premium,Monthly,506,22,0
271,58,Male,39,16,0,8,Basic,Monthly,690,17,0
272,63,Female,56,28,1,17,Basic,Quarterly,821,7,0
273,62,Female,35,8,7,8,Basic,Annual,514,17,0
274,32,Female,47,20,0,8,Premium,Monthly,885,9,0
275,20,Male,19,10,5,11,Basic,Quarterly,644,8,0
276,28,Female,28,9,5,9,Premium,Monthly,628,18,0
277,19,Male,54,27,6,30,Standard,Quarterly,131,20,1
278,24,Female,48,29,10,30,Premium,Monthly,278,26,1
279,43,Male,28,4,10,9,Premium,Annual,280,15,0
280,38,Female,13,13,6,27,Standard,Quarterly,466,14,1
281,52,Female,26,28,3,6,Standard,Quarterly,953,5,0
282,25,Male,4,14,5,16,Premium,Annual,465,17,0
283,37,Male,10,22,2,3,Premium,Annual,292,6,0
284,56,Male,35,15,4,18,Standard,Monthly,940,1,0
285,55,Female,28,11,0,21,Premium,Monthly,741,4,1
286,41,Female,14,18,10,15,Basic,Annual,380,7,0
287,61,Male,46,5,2,3,Premium,Annual,501,21,0
288,20,Female,50,8,2,30,Basic,Annual,407,29,1
289,40,Male,5,1,3,21,Standard,Annual,101,12,1
290,19,Male,40,22,0,24,Premium,Quarterly,212,20,0
291,44,Male,34,30,4,28,Standard,Quarterly,654,26,0
292,24,Female,8,7,8,29,Premium,Annual,226,4,1
293,28,Female,1,4,6,1,Premium,Annual,337,6,0
294,41,Male,35,8,3,28,Standard,Annual,163,8,0
295,20,Female,56,12,5,14,Basic,Quarterly,837,9,0
296,52,Male,33,27,0,19,Basic,Monthly,719,18,0
297,47,Male,14,28,4,26,Basic,Quarterly,987,2,0
298,47,Female,23,6,1,17,Basic,Annual,300,27,0
299,18,Female,50,10,6,27,Standard,Monthly,487,18,1
300,37,Male,42,26,5,24,Premium,Quarterly,862,9,1
301,36,Male,38,14,4,7,Basic,Annual,863,7,0
302,48,Female,35,26,3,5,Premium,Quarterly,415,20,0
303,35,Female,21,19,9,11,Basic,Monthly,607,21,0
304,52,Female,9,2,5,3,Premium,Monthly,592,24,1
305,58,Female,42,24,8,3,Standard,Annual,256,17,0
306,62,Male,35,18,4,24,Premium,Quarterly,603,9,0
307,19,Female,26,18,10,18,Standard,Monthly,721,25,1
308,41,Female,49,27,0,5,Standard,Monthly,329,8,0
309,46,Male,12,26,9,3,Basic,Monthly,173,29,0
310,29,Male,24,30,1,7,Standard,Annual,101,30,0
311,24,Male,56,23,3,30,Standard,Quarterly,123,14,0
312,31,Female,16,8,0,1,Basic,Annual,438,23,0
313,49,Male,41,5,10,4,Basic,Annual,532,27,0
314,29,Female,37,16,0,7,Standard,Monthly,845,2,0
315,24,Female,42,17,7,8,Basic,Annual,210,29,0
316,19,Female,29,28,1,21,Basic,Annual,802,17,0
317,55,Male,20,18,5,4,Premium,Quarterly,305,26,0
318,62,Male,3,6,5,0,Standard,Quarterly,808,26,0
319,45,Female,47,19,10,23,Basic,Monthly,464,24,1
320,31,Male,52,7,10,19,Premium,Quarterly,197,3,1
321,59,Female,7,30,4,5,Premium,Quarterly,646,9,0
322,64,Male,51,1,0,22,Basic,Monthly,800,9,0
323,51,Female,57,21,3,11,Premium,Monthly,471,11,0
324,36,Male,15,10,8,0,Standard,Annual,672,2,0
325,23,Female,39,11,2,24,Standard,Monthly,666,25,1
326,61,Male,42,3,2,24,Standard,Monthly,525,25,0
327,25,Female,32,1,0,5,Standard,Annual,404,27,0
328,45,Female,59,11,7,20,Standard,Annual,175,29,1
329,58,Female,60,5,8,17,Premium,Annual,951,13,1
330,59,Male,7,30,10,21,Standard,Annual,285,4,0
331,52,Male,37,17,5,10,Premium,Monthly,476,1,0
332,34,Female,57,9,8,10,Standard,Monthly,603,25,0
333,41,Male,2,22,7,23,Standard,Monthly,681,23,0
334,27,Female,21,24,4,30,Standard,Annual,823,28,0
335,26,Male,54,26,8,27,Basic,Annual,525,30,1
336,63,Female,8,22,5,12,Basic,Annual,582,27,0
337,53,Male,46,5,5,4,Premium,Monthly,977,2,1
338,42,Female,38,18,2,18,Basic,Monthly,808,6,0
339,55,Male,56,30,8,10,Standard,Quarterly,550,17,0
340,23,Female,48,11,8,26,Basic,Monthly,169,15,1
341,36,Female,51,21,6,16,Premium,Monthly,278,27,1
342,44,Female,57,10,8,7,Standard,Monthly,163,17,0
343,45,Male,16,14,3,9,Basic,Monthly,474,14,0
344,29,Male,17,5,7,22,Basic,Annual,446,7,0
345,47,Female,37,20,8,16,Premium,Monthly,641,2,1
346,53,Female,44,21,10,27,Standard,Annual,650,3,1
347,24,Female,3,8,4,8,Premium,Quarterly,647,21,0
348,61,Female,4,29,6,6,Premium,Annual,428,8,0
349,22,Male,59,23,1,6,Premium,Monthly,707,12,0
350,46,Female,42,18,6,5,Premium,Monthly,719,6,0
351,55,Female,29,3,8,4,Basic,Quarterly,918,9,1
352,28,Male,16,15,2,28,Standard,Quarterly,704,23,0
353,28,Male,17,4,5,25,Basic,Annual,519,8,0
354,28,Female,34,28,9,8,Standard,Quarterly,672,27,0
355,30,Male,40,30,7,14,Basic,Monthly,296,25,0
356,35,Female,56,29,6,0,Basic,Quarterly,718,6,0
357,28,Male,2,8,7,16,Basic,Annual,141,8,0
358,27,Female,19,7,2,1,Premium,Monthly,928,12,0
359,60,Female,46,6,1,25,Standard,Monthly,621,2,1
360,22,Male,60,11,2,12,Premium,Monthly,736,1,0
361,51,Female,6,20,7,22,Premium,Monthly,999,3,1
362,49,Female,9,24,6,18,Basic,Quarterly,977,5,0
363,30,Male,41,17,2,14,Basic,Monthly,706,12,0
364,43,Male,33,26,6,0,Premium,Quarterly,593,26,0
365,57,Female,41,7,3,25,Premium,Quarterly,130,18,1
366,56,Female,30,24,7,10,Standard,Monthly,862,7,0
367,62,Female,47,8,10,7,Basic,Annual,107,9,0
368,29,Male,1,1,2,1,Premium,Quarterly,431,8,0
369,50,Female,41,11,7,10,Standard,Monthly,503,24,0
370,54,Female,30,6,1,24,Standard,Monthly,721,16,1
371,55,Female,39,30,6,1,Basic,Annual,795,2,0
372,30,Female,37,28,5,17,Premium,Annual,124,19,1
373,53,Female,45,25,1,11,Standard,Monthly,420,18,0
374,62,Male,14,5,0,8,Standard,Quarterly,197,5,0
375,57,Female,35,15,1,17,Premium,Quarterly,632,19,0
376,25,Female,46,30,7,22,Premium,Quarterly,982,18,1
377,34,Male,17,23,9,28,Standard,Quarterly,421,16,0
378,59,Female,1,11,5,23,Basic,Quarterly,687,9,0
379,35,Male,2,25,3,23,Basic,Monthly,899,29,0
380,24,Male,13,8,5,1,Premium,Quarterly,686,15,0
381,21,Female,45,5,2,10,Basic,Annual,288,11,0
382,50,Female,40,7,2,23,Basic,Annual,928,27,0
383,53,Male,10,17,4,25,Premium,Annual,321,12,0
384,27,Male,39,18,1,11,Basic,Annual,651,27,0
385,23,Male,20,14,3,22,Premium,Annual,924,20,0
386,41,Female,41,15,10,27,Premium,Quarterly,814,19,1
387,54,Male,41,21,2,17,Standard,Monthly,420,21,0
388,57,Female,55,12,4,26,Basic,Monthly,265,8,1
389,46,Male,37,21,9,6,Basic,Monthly,425,21,0
390,52,Female,33,27,0,1,Standard,Monthly,808,10,0
391,24,Male,32,28,5,9,Premium,Monthly,218,2,0
392,45,Male,3,6,1,17,Standard,Annual,418,10,0
393,47,Female,12,18,1,13,Premium,Annual,872,24,0
394,24,Female,14,11,9,6,Basic,Quarterly,693,27,0
395,65,Male,45,2,3,16,Standard,Annual,738,1,0
396,32,Male,52,5,10,7,Premium,Annual,839,10,0
397,39,Female,36,30,7,5,Standard,Quarterly,149,4,0
398,36,Female,28,24,2,24,Premium,Quarterly,136,1,1
399,57,Male,57,7,5,26,Premium,Annual,699,26,1
400,26,Male,19,17,7,23,Premium,Quarterly,870,2,0
401,54,Male,38,24,3,13,Basic,Annual,619,5,0
402,54,Female,46,6,2,15,Basic,Monthly,959,4,0
403,60,Female,12,5,1,17,Basic,Annual,826,7,0
404,45,Female,16,3,0,8,Basic,Monthly,763,24,0
405,21,Male,1,30,4,4,Premium,Annual,642,21,0
406,65,Male,27,17,3,23,Premium,Annual,328,23,0
407,21,Female,41,24,5,10,Basic,Annual,524,13,0
408,63,Female,60,30,0,7,Premium,Annual,494,19,0
409,40,Female,49,5,6,21,Standard,Monthly,292,14,1
410,31,Female,9,11,4,19,Premium,Annual,999,2,0
411,44,Male,45,26,3,1,Standard,Annual,927,9,0
412,33,Female,51,1,5,9,Standard,Quarterly,415,3,0
413,52,Female,56,10,4,5,Standard,Quarterly,444,9,0
414,25,Female,25,30,6,3,Premium,Annual,425,29,0
415,33,Female,16,4,5,21,Premium,Annual,233,21,1
416,18,Male,21,10,7,20,Basic,Monthly,968,18,0
417,63,Female,11,8,1,20,Standard,Annual,534,27,0
418,34,Male,58,29,0,13,Premium,Quarterly,238,29,0
419,31,Male,34,1,9,24,Premium,Annual,190,16,1
420,28,Female,43,23,0,9,Standard,Annual,421,13,0
421,44,Male,29,27,6,2,Standard,Monthly,653,8,0
422,30,Female,30,4,3,8,Basic,Quarterly,536,27,0
423,43,Male,31,3,2,20,Basic,Annual,406,13,0
424,36,Male,24,22,5,25,Standard,Annual,665,20,1
425,18,Male,8,3,7,20,Premium,Quarterly,412,26,0
426,46,Female,43,3,6,19,Basic,Monthly,165,23,1
427,54,Male,18,4,1,22,Basic,Monthly,272,29,0
428,42,Female,52,5,6,30,Standard,Quarterly,271,29,1
429,39,Female,12,28,0,1,Standard,Monthly,233,27,0
430,36,Female,36,24,2,13,Standard,Quarterly,535,1,0
431,19,Female,58,15,9,17,Basic,Monthly,317,2,1
432,50,Male,36,28,7,0,Premium,Annual,775,11,0
433,58,Female,9,19,4,26,Basic,Annual,805,21,0
434,43,Female,29,24,6,4,Premium,Quarterly,675,21,0
435,29,Female,33,2,7,13,Premium,Quarterly,190,9,0
436,20,Male,58,2,5,2,Basic,Quarterly,524,4,0
437,57,Female,34,1,5,20,Premium,Monthly,790,10,1
438,25,Male,47,28,0,22,Premium,Monthly,548,1,0
439,63,Male,23,13,3,19,Premium,Monthly,966,19,0
440,42,Male,25,6,4,6,Basic,Monthly,590,2,0
441,47,Male,1,21,10,21,Basic,Quarterly,271,21,0
442,50,Male,7,15,10,6,Basic,Quarterly,921,14,0
443,23,Male,7,27,8,18,Standard,Annual,776,16,0
444,37,Male,9,10,7,28,Basic,Annual,383,5,0
445,18,Female,1,21,8,17,Standard,Annual,360,28,0
446,64,Male,45,26,2,20,Premium,Quarterly,676,11,0
447,20,Female,6,21,8,26,Premium,Annual,948,3,0
448,22,Male,33,5,1,0,Premium,Quarterly,982,13,0
449,59,Female,44,6,10,26,Standard,Monthly,291,15,1
450,27,Female,21,4,10,21,Standard,Annual,900,4,0
451,24,Female,27,15,2,6,Standard,Quarterly,907,9,0
452,29,Male,49,25,10,24,Premium,Monthly,865,23,1
453,53,Male,30,24,4,24,Premium,Quarterly,346,29,0
454,38,Male,31,9,3,5,Standard,Monthly,158,10,0
455,44,Female,1,25,6,2,Premium,Monthly,474,2,0
456,51,Female,2,24,4,28,Standard,Quarterly,846,28,0
457,30,Male,53,7,9,20,Standard,Annual,307,8,1
458,22,Male,52,9,5,8,Premium,Annual,788,19,0
459,33,Female,55,15,8,30,Basic,Annual,611,16,1
460,24,Female,1,16,10,11,Basic,Monthly,583,20,0
461,46,Male,30,29,5,10,Premium,Annual,447,30,0
462,55,Male,1,9,9,17,Premium,Annual,337,30,0
463,30,Male,58,5,7,22,Premium,Quarterly,848,6,1
464,30,Male,35,25,1,26,Basic,Monthly,228,15,0
465,45,Male,13,29,3,18,Premium,Quarterly,642,18,0
466,22,Female,49,23,0,19,Standard,Annual,168,14,0
467,58,Female,38,6,9,29,Standard,Annual,284,29,1
468,22,Male,56,3,2,29,Basic,Quarterly,792,12,0
469,59,Male,3,7,6,22,Standard,Quarterly,466,6,0
470,56,Female,21,6,2,12,Basic,Quarterly,823,8,0
471,36,Male,30,19,9,11,Basic,Annual,121,3,0
472,35,Male,30,30,7,1,Standard,Quarterly,350,8,0
473,61,Male,49,8,4,10,Basic,Annual,880,14,0
474,48,Female,19,27,6,12,Premium,Monthly,992,12,0
475,23,Male,32,1,6,27,Standard,Quarterly,336,25,1
476,47,Male,40,8,9,8,Standard,Monthly,562,17,0
477,61,Male,53,30,0,0,Basic,Annual,521,1,0
478,61,Female,60,24,1,25,Standard,Quarterly,681,27,0
479,26,Female,59,8,4,26,Basic,Monthly,409,20,1
480,25,Female,15,30,1,4,Premium,Monthly,690,20,0
481,22,Female,49,7,8,8,Standard,Annual,751,5,0
482,30,Female,24,8,6,0,Basic,Monthly,191,17,0
483,51,Female,11,8,7,3,Basic,Monthly,649,20,0
484,42,Female,20,6,2,16,Standard,Monthly,445,29,0
485,25,Male,25,30,0,23,Premium,Annual,641,4,0
486,25,Female,24,17,6,22,Standard,Annual,489,12,1
487,22,Female,36,30,4,7,Basic,Annual,362,2,0
488,46,Male,11,19,2,7,Standard,Quarterly,612,8,0
489,24,Male,19,18,4,30,Basic,Annual,814,20,0
490,43,Female,48,6,3,15,Premium,Quarterly,183,17,0
491,46,Male,52,22,3,16,Premium,Monthly,494,17,0
492,39,Female,44,30,2,30,Standard,Annual,844,23,0
493,35,Male,22,4,2,25,Basic,Quarterly,735,15,0
494,61,Male,16,25,8,19,Standard,Quarterly,804,19,0
495,51,Male,38,26,1,18,Premium,Monthly,318,5,0
496,28,Male,60,16,9,7,Basic,Monthly,494,5,0
497,26,Female,44,15,1,24,Standard,Quarterly,109,5,1
498,64,Male,37,3,1,14,Standard,Annual,457,15,0
499,30,Female,24,15,0,2,Premium,Quarterly,755,15,0
500,36,Female,34,24,8,30,Standard,Quarterly,948,30,1
501,32,Male,43,8,2,14,Standard,Annual,323,7,0
502,45,Male,7,30,7,25,Basic,Annual,978,29,0
503,18,Female,21,2,7,3,Premium,Annual,312,8,0
504,34,Female,27,20,0,17,Basic,Annual,399,4,0
505,23,Male,24,6,1,28,Basic,Monthly,388,15,0
506,61,Female,8,18,0,5,Standard,Quarterly,447,19,0
507,47,Female,39,15,6,9,Premium,Monthly,912,12,0
508,31,Female,33,30,8,14,Standard,Quarterly,543,27,0
509,25,Male,7,11,8,29,Standard,Monthly,441,10,0
510,24,Female,25,23,9,11,Premium,Annual,314,21,0
511,59,Male,26,28,0,27,Standard,Monthly,523,29,0
512,50,Female,32,9,1,29,Basic,Quarterly,752,14,0
513,59,Female,45,14,7,16,Premium,Monthly,440,7,1
514,55,Male,52,11,0,11,Standard,Annual,478,11,0
515,56,Female,23,18,2,14,Basic,Annual,625,6,0
516,61,Female,24,15,3,13,Premium,Monthly,770,11,0
517,39,Female,48,1,8,16,Premium,Quarterly,317,12,1
518,64,Female,15,13,6,6,Basic,Quarterly,493,25,0
519,35,Female,52,2,4,20,Premium,Quarterly,851,9,0
520,27,Male,54,11,3,27,Basic,Annual,389,27,0
521,46,Female,29,2,8,21,Basic,Annual,344,17,1
522,54,Male,9,1,4,2,Standard,Annual,590,26,1
523,37,Male,15,11,6,14,Premium,Monthly,152,14,0
524,27,Female,56,8,0,23,Basic,Monthly,833,11,1
525,37,Female,13,13,8,12,Standard,Quarterly,439,18,0
526,27,Male,15,24,5,10,Standard,Annual,831,13,0
527,47,Male,53,8,0,21,Standard,Quarterly,745,9,0
528,63,Female,10,24,1,4,Standard,Monthly,919,15,0
529,63,Female,20,15,9,13,Premium,Monthly,704,3,0
530,30,Male,11,1,5,6,Standard,Annual,373,23,1
531,53,Male,52,10,0,0,Basic,Annual,974,8,0
532,30,Female,59,3,7,0,Premium,Quarterly,956,27,0
533,25,Female,32,15,5,10,Premium,Annual,849,27,0
534,18,Male,13,4,6,30,Premium,Annual,857,22,0
535,36,Male,57,21,0,27,Standard,Quarterly,648,19,0
536,62,Female,17,19,8,15,Standard,Monthly,182,19,0
537,64,Female,4,15,7,13,Premium,Quarterly,344,23,0
538,62,Male,50,15,0,22,Premium,Monthly,913,9,0
539,22,Female,22,22,9,5,Standard,Monthly,534,17,0
540,38,Female,12,29,8,3,Standard,Quarterly,619,10,0
541,59,Female,46,8,7,12,Standard,Quarterly,891,6,0
542,37,Male,5,18,3,30,Basic,Quarterly,569,25,0
543,35,Male,40,7,3,23,Premium,Quarterly,752,13,0
544,28,Male,5,8,0,28,Premium,Monthly,880,3,0
545,23,Male,59,11,10,1,Premium,Annual,970,16,0
546,38,Male,11,10,1,27,Standard,Monthly,155,8,0
547,51,Female,20,2,6,8,Standard,Annual,230,23,1
548,46,Male,60,11,8,11,Standard,Quarterly,805,26,0
549,60,Female,10,1,2,16,Premium,Monthly,328,20,0
550,60,Female,49,23,3,7,Standard,Annual,166,12,0
551,48,Male,5,29,6,1,Premium,Monthly,976,22,0
552,36,Male,26,15,2,25,Premium,Quarterly,654,30,0
553,63,Male,39,29,4,19,Standard,Annual,780,2,0
554,26,Male,3,29,2,16,Standard,Monthly,936,4,0
555,30,Male,33,14,7,30,Standard,Annual,482,24,1
556,18,Female,3,30,5,28,Standard,Annual,647,12,0
557,24,Male,43,2,1,7,Premium,Annual,186,11,1
558,58,Female,16,6,8,22,Basic,Monthly,845,8,1
559,38,Female,60,29,3,5,Premium,Annual,523,4,0
560,28,Female,38,9,5,23,Basic,Monthly,885,16,1
561,27,Female,55,11,6,24,Standard,Annual,993,18,1
562,41,Female,38,23,8,21,Standard,Quarterly,569,7,1
563,58,Male,14,21,8,11,Standard,Monthly,334,13,0
564,25,Male,44,4,9,25,Standard,Monthly,293,1,1
565,41,Female,5,9,2,12,Premium,Annual,447,2,0
566,42,Male,57,2,4,11,Standard,Annual,534,17,0
567,61,Female,3,16,10,15,Standard,Quarterly,158,7,0
568,59,Female,12,13,3,14,Basic,Annual,701,27,0
569,52,Male,6,8,4,28,Standard,Annual,536,8,0
570,32,Male,45,16,3,3,Standard,Quarterly,457,29,0
571,22,Female,12,12,10,6,Premium,Quarterly,801,9,0
572,36,Male,4,17,6,27,Standard,Monthly,133,25,0
573,45,Female,42,13,6,15,Premium,Annual,206,17,0
574,22,Female,53,9,10,4,Premium,Quarterly,636,8,0
575,23,Male,21,21,10,14,Basic,Quarterly,125,5,0
576,30,Female,18,26,0,7,Basic,Annual,471,20,0
577,35,Female,44,3,2,30,Standard,Monthly,748,20,1
578,43,Male,20,23,1,5,Premium,Quarterly,501,6,0
579,49,Male,20,2,4,7,Basic,Monthly,104,8,0
580,41,Female,27,12,4,5,Premium,Quarterly,512,25,0
581,54,Female,22,8,1,23,Premium,Monthly,554,28,1
582,55,Female,26,21,8,15,Basic,Quarterly,710,3,0
583,56,Female,59,22,10,5,Premium,Annual,722,23,0
584,25,Male,34,12,8,2,Premium,Quarterly,580,5,0
585,53,Female,58,3,8,18,Basic,Quarterly,634,11,1
586,54,Male,19,17,5,10,Standard,Monthly,668,26,0
587,63,Male,39,21,8,17,Standard,Quarterly,821,24,1
588,25,Male,7,11,5,6,Standard,Monthly,724,29,0
589,29,Male,52,14,2,29,Standard,Monthly,685,5,0
590,31,Male,8,2,0,3,Premium,Monthly,990,30,0
591,52,Female,2,5,3,19,Basic,Monthly,760,16,0
592,55,Male,33,24,10,19,Premium,Annual,282,29,1
593,45,Male,56,23,0,10,Basic,Annual,905,5,0
594,18,Male,13,7,2,24,Premium,Quarterly,476,10,0
595,61,Male,8,5,0,12,Premium,Annual,192,10,0
596,30,Female,54,28,7,2,Premium,Quarterly,400,5,0
597,18,Male,15,10,3,4,Standard,Annual,289,3,0
598,39,Female,24,28,7,10,Premium,Annual,705,27,0
599,47,Female,46,12,4,25,Standard,Quarterly,330,8,1
600,60,Female,49,12,10,6,Standard,Quarterly,784,6,0
601,26,Male,2,23,5,19,Premium,Monthly,553,1,0
602,25,Male,12,26,10,6,Premium,Quarterly,507,15,0
603,24,Male,22,20,3,13,Standard,Monthly,113,11,0
604,38,Female,58,7,4,29,Premium,Monthly,379,9,1
605,32,Male,52,5,3,8,Basic,Quarterly,415,20,0
606,19,Male,1,6,8,17,Basic,Monthly,577,28,0
607,39,Female,15,11,1,0,Premium,Quarterly,265,25,0
608,45,Male,51,25,9,30,Standard,Annual,267,15,1
609,30,Female,42,9,2,17,Premium,Quarterly,287,17,0
610,53,Female,15,21,5,24,Basic,Quarterly,495,8,1
611,42,Female,42,4,7,26,Basic,Monthly,416,22,1
612,61,Female,7,26,3,20,Basic,Annual,854,10,0
613,43,Male,33,26,6,23,Premium,Annual,196,5,1
614,45,Male,53,16,9,7,Premium,Quarterly,470,9,0
615,20,Female,42,11,9,3,Premium,Quarterly,618,16,0
616,29,Female,8,4,1,18,Premium,Monthly,245,12,0
617,44,Male,20,24,10,10,Basic,Quarterly,377,26,0
618,33,Male,54,16,9,14,Premium,Annual,317,9,0
619,34,Male,35,11,7,3,Basic,Monthly,970,16,0
620,39,Male,24,11,7,15,Basic,Annual,198,25,0
621,60,Male,50,1,0,27,Premium,Quarterly,962,17,0
622,33,Male,17,18,0,13,Basic,Annual,371,5,0
623,36,Female,32,24,9,15,Premium,Monthly,586,4,0
624,59,Female,51,1,6,26,Basic,Monthly,363,18,1
625,57,Female,59,28,7,0,Basic,Monthly,475,19,0
626,33,Male,3,19,5,3,Standard,Monthly,338,15,0
627,46,Male,6,28,4,13,Premium,Monthly,493,20,0
628,40,Male,47,11,5,14,Basic,Quarterly,947,15,0
629,56,Male,11,12,5,21,Premium,Quarterly,287,22,0
630,24,Male,44,12,9,28,Premium,Annual,935,9,1
631,46,Male,30,26,8,25,Premium,Monthly,338,21,1
632,20,Female,56,29,6,13,Basic,Quarterly,131,11,0
633,64,Female,6,7,9,12,Premium,Monthly,553,13,0
634,62,Female,22,18,8,18,Standard,Monthly,202,16,0
635,22,Female,49,29,5,19,Standard,Annual,221,23,1
636,64,Female,44,22,1,1,Premium,Annual,913,18,0
637,57,Male,30,3,8,3,Basic,Monthly,652,16,1
638,61,Female,55,17,6,6,Basic,Monthly,747,5,0
639,22,Male,51,14,8,23,Standard,Annual,559,30,1
640,47,Male,38,3,8,30,Basic,Quarterly,973,20,1
641,31,Female,6,6,2,0,Premium,Monthly,188,13,0
642,62,Male,4,15,2,0,Premium,Quarterly,846,2,0
643,56,Female,39,11,1,1,Premium,Quarterly,413,8,0
644,39,Male,19,10,4,24,Standard,Annual,742,28,0
645,41,Male,40,19,0,3,Premium,Monthly,520,2,0
646,55,Male,44,3,9,25,Premium,Annual,431,7,1
647,60,Female,26,4,5,25,Standard,Annual,935,6,1
648,53,Male,4,9,8,1,Standard,Monthly,903,6,0
649,50,Male,27,25,5,17,Basic,Quarterly,181,21,1
650,61,Female,32,20,7,26,Basic,Quarterly,908,3,1
651,32,Female,52,20,2,28,Standard,Quarterly,859,3,0
652,56,Female,46,30,0,10,Standard,Annual,924,3,0
653,42,Male,40,12,0,1,Standard,Quarterly,858,26,0
654,50,Male,47,14,9,14,Premium,Monthly,659,26,0
655,58,Male,41,8,9,4,Standard,Annual,955,19,0
656,43,Female,15,15,5,22,Standard,Annual,584,15,0
657,51,Female,35,9,10,19,Basic,Monthly,686,24,1
658,36,Male,55,30,6,11,Premium,Monthly,591,13,0
659,54,Male,43,15,9,15,Standard,Annual,851,1,0
660,18,Female,5,30,1,15,Standard,Annual,934,21,0
661,22,Female,28,8,2,8,Premium,Annual,174,14,0
662,65,Male,58,25,1,23,Premium,Annual,111,17,0
663,29,Male,37,12,7,22,Standard,Monthly,369,23,1
664,29,Female,23,17,0,12,Basic,Quarterly,601,28,0
665,24,Male,39,4,2,2,Basic,Quarterly,861,27,0
666,56,Female,43,19,6,4,Basic,Quarterly,306,13,0
667,19,Female,10,5,3,20,Premium,Quarterly,536,4,0
668,60,Female,16,12,8,10,Premium,Quarterly,855,2,0
669,24,Female,47,13,2,28,Premium,Monthly,833,13,1
670,59,Male,13,2,9,4,Standard,Quarterly,758,23,1
671,33,Male,28,6,6,19,Standard,Monthly,340,15,1
672,20,Male,23,8,10,30,Premium,Quarterly,314,27,0
673,34,Male,5,9,8,21,Premium,Quarterly,247,26,0
674,34,Female,60,24,4,9,Standard,Quarterly,726,16,0
675,41,Male,52,29,0,29,Basic,Quarterly,779,2,0
676,32,Male,19,6,10,10,Premium,Annual,231,13,0
677,21,Male,12,8,1,9,Premium,Quarterly,756,4,0
678,44,Male,28,6,8,4,Basic,Quarterly,519,11,0
679,50,Female,13,24,9,2,Standard,Quarterly,132,29,0
680,41,Female,27,21,3,22,Basic,Quarterly,608,25,0
681,28,Male,49,15,6,16,Premium,Annual,796,1,1
682,41,Female,16,4,5,7,Basic,Monthly,873,24,0
683,42,Male,53,2,9,3,Premium,Quarterly,218,9,0
684,53,Male,47,26,3,14,Premium,Monthly,126,10,0
685,37,Male,39,4,2,20,Standard,Monthly,311,23,0
686,49,Female,39,2,3,1,Premium,Annual,997,20,0
687,63,Female,37,27,5,30,Premium,Monthly,882,2,1
688,37,Female,51,14,3,19,Standard,Quarterly,720,30,0
689,20,Female,18,28,5,4,Basic,Annual,589,17,0
690,39,Male,46,28,0,25,Premium,Annual,581,25,0
691,43,Female,17,15,5,24,Standard,Quarterly,853,25,0
692,20,Male,27,26,3,6,Basic,Quarterly,969,7,0
693,33,Male,46,3,8,4,Premium,Monthly,681,7,0
694,33,Male,52,24,2,17,Basic,Monthly,996,27,0
695,65,Female,6,29,0,19,Premium,Annual,267,21,0
696,34,Male,49,5,9,0,Standard,Quarterly,884,7,0
697,44,Male,27,9,7,27,Basic,Quarterly,462,22,1
698,45,Male,25,16,5,12,Standard,Annual,702,3,0
699,20,Male,14,19,7,0,Basic,Monthly,309,26,0
700,30,Female,33,10,6,15,Basic,Quarterly,519,15,0
701,31,Female,6,6,5,29,Premium,Annual,187,18,1
702,28,Male,3,21,0,6,Premium,Monthly,769,30,0
703,31,Female,58,26,3,9,Basic,Monthly,248,8,0
704,44,Female,47,6,1,2,Standard,Monthly,483,7,0
705,41,Female,4,21,7,7,Basic,Monthly,948,17,0
706,42,Male,60,2,3,24,Basic,Monthly,293,8,0
707,44,Female,29,10,9,28,Basic,Monthly,827,23,1
708,39,Male,25,9,3,12,Basic,Annual,640,17,0
709,53,Female,34,11,4,9,Basic,Annual,804,21,0
710,63,Female,16,19,7,20,Standard,Monthly,496,6,0
711,42,Female,8,29,1,4,Standard,Monthly,374,5,0
712,30,Female,51,29,7,26,Premium,Quarterly,867,11,1
713,30,Male,34,16,6,12,Standard,Quarterly,769,17,0
714,34,Female,56,11,8,0,Standard,Quarterly,873,30,0
715,41,Female,42,28,7,19,Basic,Quarterly,109,24,1
716,25,Male,4,13,8,24,Basic,Annual,106,19,0
717,31,Female,14,10,9,15,Premium,Annual,824,16,0
718,50,Female,11,22,3,14,Premium,Quarterly,610,5,0
719,19,Male,21,5,6,16,Standard,Quarterly,369,22,0
720,29,Male,27,2,7,7,Basic,Annual,731,30,0
721,22,Female,30,10,4,15,Standard,Monthly,924,6,0
722,33,Female,38,5,5,29,Basic,Monthly,211,18,1
723,47,Male,12,24,4,26,Standard,Quarterly,184,15,0
724,53,Female,22,10,0,9,Premium,Quarterly,328,14,0
725,32,Male,60,21,9,1,Basic,Annual,339,27,0
726,25,Female,45,28,10,9,Standard,Quarterly,350,29,0
727,36,Male,38,26,3,28,Basic,Annual,285,7,0
728,56,Female,41,7,4,30,Premium,Quarterly,473,19,1
729,18,Female,52,23,6,9,Standard,Monthly,946,20,0
730,51,Female,46,13,1,23,Standard,Quarterly,937,22,0
731,44,Female,29,4,10,11,Premium,Annual,554,13,0
732,65,Female,48,15,0,22,Basic,Quarterly,727,18,0
733,25,Female,38,20,10,18,Basic,Quarterly,467,27,1
734,62,Male,8,8,3,28,Standard,Monthly,533,17,0
735,64,Female,6,6,1,0,Basic,Annual,853,19,0
736,53,Female,53,7,8,14,Basic,Monthly,140,20,0
737,48,Female,22,5,7,5,Premium,Annual,573,10,0
738,43,Female,41,17,9,0,Standard,Quarterly,369,24,0
739,58,Female,46,25,0,25,Standard,Quarterly,866,22,0
740,28,Female,21,24,3,3,Standard,Quarterly,349,13,0
741,45,Female,14,26,2,12,Premium,Monthly,649,1,0
742,28,Female,9,4,7,20,Premium,Quarterly,981,8,0
743,49,Female,29,18,7,15,Basic,Quarterly,648,12,0
744,30,Male,39,27,4,23,Premium,Annual,292,22,0
745,23,Female,23,30,5,8,Premium,Quarterly,383,16,0
746,56,Male,8,8,0,13,Standard,Annual,302,7,0
747,41,Male,48,24,2,25,Basic,Annual,760,14,0
748,52,Male,58,24,10,9,Basic,Monthly,908,27,0
749,62,Male,55,7,7,7,Basic,Quarterly,335,8,0
750,25,Female,16,24,4,27,Standard,Monthly,788,10,1
751,38,Female,53,18,1,11,Basic,Quarterly,337,16,0
752,33,Male,29,28,6,7,Premium,Monthly,564,18,0
753,34,Male,9,22,10,14,Premium,Quarterly,274,29,0
754,26,Male,6,14,3,21,Basic,Monthly,912,16,0
755,23,Male,53,3,1,24,Premium,Annual,605,18,0
756,38,Female,10,20,3,21,Standard,Annual,507,8,0
757,30,Male,53,24,1,23,Premium,Quarterly,300,22,0
758,34,Female,51,17,5,25,Premium,Quarterly,751,5,1
759,48,Male,3,14,7,11,Basic,Annual,857,19,0
760,46,Female,58,5,10,9,Premium,Monthly,935,29,0
761,40,Female,51,23,8,2,Standard,Annual,724,14,0
762,48,Male,17,7,1,30,Basic,Annual,606,21,0
763,48,Male,13,8,0,25,Basic,Annual,791,4,0
764,51,Male,25,7,4,14,Basic,Annual,592,27,0
765,21,Female,23,3,5,19,Premium,Quarterly,980,11,0
766,53,Female,30,9,8,11,Standard,Quarterly,299,30,0
767,46,Male,26,6,1,29,Standard,Annual,714,30,0
768,46,Female,58,8,9,21,Basic,Monthly,675,7,1
769,26,Female,43,25,3,6,Basic,Monthly,298,1,0
770,22,Male,24,14,6,24,Standard,Annual,150,3,1
771,63,Male,12,15,9,20,Basic,Annual,292,23,0
772,53,Female,24,15,8,17,Basic,Annual,428,17,1
773,49,Male,25,5,7,2,Premium,Monthly,712,24,0
774,22,Male,23,6,9,26,Premium,Annual,224,14,0
775,36,Male,48,19,1,23,Standard,Quarterly,401,17,0
776,33,Male,26,13,6,24,Premium,Quarterly,415,14,1
777,56,Male,37,26,9,21,Standard,Annual,494,25,1
778,22,Male,4,1,5,19,Premium,Monthly,261,10,0
779,42,Female,50,16,3,17,Basic,Quarterly,988,12,0
780,41,Male,48,30,1,12,Standard,Annual,261,2,0
781,34,Male,60,24,0,11,Basic,Quarterly,536,10,0
782,34,Male,44,27,1,17,Basic,Annual,586,7,0
783,45,Female,58,5,8,24,Premium,Annual,660,16,1
784,46,Male,45,7,2,3,Standard,Annual,927,8,0
785,42,Female,51,30,2,22,Standard,Quarterly,537,14,0
786,29,Male,33,2,4,23,Standard,Monthly,337,7,0
787,48,Female,15,26,1,15,Basic,Annual,622,13,0
788,24,Male,42,14,6,22,Standard,Quarterly,820,13,1
789,58,Female,40,25,8,13,Premium,Monthly,721,7,0
790,44,Male,31,12,5,24,Standard,Monthly,578,4,1
791,62,Female,40,11,3,30,Basic,Annual,994,20,0
792,38,Female,60,12,1,23,Basic,Quarterly,358,16,1
793,54,Male,54,2,7,0,Basic,Annual,231,29,1
794,50,Male,26,29,3,29,Standard,Quarterly,625,13,0
795,55,Female,56,22,5,24,Premium,Quarterly,183,29,1
796,36,Male,12,19,0,0,Basic,Monthly,793,23,0
797,48,Male,18,24,4,4,Standard,Quarterly,731,2,0
798,32,Female,33,29,2,19,Basic,Quarterly,850,2,0
799,46,Male,3,12,7,24,Basic,Monthly,961,12,0
800,20,Male,18,22,3,4,Premium,Monthly,971,30,0
801,44,Female,9,8,10,1,Basic,Annual,668,21,0
802,39,Female,2,2,8,5,Standard,Quarterly,963,17,0
803,22,Female,17,25,0,7,Basic,Quarterly,973,25,0
804,42,Male,16,25,5,18,Premium,Monthly,420,28,0
805,55,Male,1,4,7,1,Standard,Monthly,919,5,1
806,56,Male,6,9,0,7,Basic,Quarterly,651,16,0
807,65,Female,46,10,6,15,Standard,Monthly,361,27,0
808,24,Male,37,2,9,9,Basic,Quarterly,284,28,0
809,48,Female,51,9,7,25,Standard,Quarterly,999,2,1
810,30,Male,46,5,1,27,Premium,Annual,571,10,0
811,60,Female,41,23,10,12,Standard,Monthly,219,25,0
812,52,Male,4,17,10,13,Premium,Quarterly,903,4,0
813,65,Female,32,29,8,18,Premium,Annual,679,4,1
814,55,Female,52,14,2,10,Standard,Monthly,687,11,0
815,21,Female,23,4,7,5,Standard,Quarterly,429,3,0
816,60,Female,24,13,3,10,Basic,Quarterly,942,20,0
817,59,Female,1,3,9,22,Basic,Quarterly,376,22,1
818,23,Female,21,14,4,10,Premium,Monthly,909,15,0
819,54,Female,43,12,2,22,Premium,Quarterly,216,2,1
820,35,Female,10,5,2,5,Premium,Quarterly,119,22,0
821,42,Female,56,26,7,6,Standard,Monthly,509,18,0
822,48,Male,42,20,6,29,Basic,Quarterly,636,26,1
823,23,Male,17,16,4,18,Basic,Monthly,436,7,0
824,40,Male,34,3,4,7,Basic,Annual,741,20,0
825,25,Female,30,20,7,9,Standard,Monthly,405,22,0
826,61,Male,32,2,2,0,Premium,Annual,795,11,0
827,39,Female,24,9,5,20,Premium,Quarterly,111,24,1
828,63,Female,8,5,7,10,Premium,Monthly,772,16,1
829,25,Female,17,6,8,21,Basic,Annual,839,27,0
830,49,Female,27,13,4,7,Basic,Quarterly,251,29,0
831,39,Male,23,4,4,0,Premium,Monthly,562,8,0
832,25,Female,1,19,8,12,Premium,Annual,921,26,0
833,62,Female,60,1,1,13,Basic,Annual,222,11,1
834,57,Female,9,26,9,10,Premium,Annual,416,24,0
835,44,Female,54,7,0,13,Basic,Quarterly,597,9,0
836,47,Male,13,7,1,2,Premium,Monthly,857,7,0
837,28,Female,44,4,6,8,Standard,Quarterly,928,27,0
838,23,Female,34,29,0,26,Premium,Monthly,805,12,1
839,62,Female,31,19,2,10,Premium,Quarterly,122,24,0
840,25,Male,6,5,10,29,Premium,Monthly,823,6,0
841,52,Male,13,2,6,13,Standard,Quarterly,374,15,1
842,37,Male,59,10,0,22,Standard,Monthly,126,17,0
843,47,Male,36,4,3,27,Basic,Quarterly,547,4,0
844,64,Male,15,10,4,1,Standard,Monthly,468,21,0
845,46,Female,28,1,6,13,Basic,Annual,761,13,0
846,60,Female,8,20,3,11,Basic,Quarterly,400,12,0
847,26,Female,13,27,6,25,Premium,Quarterly,735,20,0
848,52,Female,23,1,6,9,Standard,Annual,538,10,1
849,52,Female,20,23,2,21,Standard,Annual,629,23,0
850,36,Female,51,27,2,4,Standard,Monthly,718,14,0
851,24,Male,33,21,6,7,Standard,Annual,430,17,0
852,50,Female,19,20,0,17,Premium,Quarterly,391,2,0
853,61,Male,44,1,1,11,Premium,Annual,619,19,0
854,48,Female,56,15,7,14,Premium,Annual,509,9,0
855,21,Male,51,26,4,3,Premium,Quarterly,376,8,0
856,26,Male,30,30,9,22,Basic,Monthly,971,5,1
857,31,Female,7,23,9,26,Basic,Monthly,970,11,1
858,61,Female,51,23,1,7,Premium,Quarterly,212,28,0
859,54,Female,17,9,6,0,Standard,Quarterly,182,14,0
860,25,Female,56,30,0,17,Basic,Annual,392,7,0
861,33,Female,47,9,2,26,Standard,Quarterly,454,6,1
862,60,Female,18,4,3,18,Standard,Quarterly,251,22,0
863,33,Female,26,20,2,10,Standard,Annual,270,5,0
864,61,Female,36,21,10,24,Standard,Monthly,925,3,1
865,40,Female,16,6,4,5,Standard,Monthly,823,1,0
866,62,Male,33,15,3,10,Premium,Annual,622,26,0
867,43,Female,54,23,6,19,Basic,Quarterly,764,7,1
868,21,Male,14,7,10,11,Standard,Quarterly,980,24,0
869,34,Female,15,26,6,25,Premium,Annual,284,12,1
870,28,Male,49,13,3,27,Premium,Monthly,874,16,0
871,49,Female,4,15,5,16,Standard,Annual,981,8,0
872,53,Male,59,2,5,10,Premium,Annual,778,13,1
873,27,Male,37,8,8,21,Premium,Monthly,388,23,1
874,36,Male,36,23,9,25,Standard,Quarterly,654,16,1
875,47,Male,15,18,8,20,Premium,Annual,973,12,0
876,21,Male,25,23,5,12,Basic,Monthly,644,12,0
877,26,Male,58,25,0,10,Standard,Quarterly,631,28,0
878,25,Male,58,12,0,9,Standard,Monthly,664,23,0
879,26,Female,35,29,7,18,Basic,Annual,835,2,1
880,45,Female,1,21,9,29,Standard,Monthly,737,19,1
881,27,Female,13,10,4,30,Premium,Annual,499,15,1
882,38,Male,25,16,7,4,Basic,Quarterly,113,27,0
883,60,Male,50,3,3,15,Standard,Quarterly,389,5,0
884,52,Female,5,17,0,26,Basic,Monthly,447,15,1
885,35,Male,13,28,0,10,Premium,Quarterly,827,2,0
886,56,Female,59,2,10,19,Premium,Annual,846,21,1
887,62,Female,56,4,5,5,Premium,Monthly,913,7,1
888,21,Male,28,10,4,17,Basic,Monthly,693,5,0
889,31,Male,46,12,2,27,Premium,Quarterly,591,7,0
890,62,Female,22,10,6,7,Basic,Monthly,229,22,0
891,24,Male,44,26,3,8,Premium,Quarterly,851,5,0
892,57,Male,59,16,1,14,Basic,Annual,581,29,0
893,29,Male,29,26,6,12,Basic,Quarterly,684,7,0
894,51,Male,25,11,7,16,Standard,Quarterly,760,6,1
895,42,Female,12,28,1,22,Premium,Annual,174,7,1
896,62,Male,45,10,1,9,Basic,Monthly,226,30,0
897,31,Male,19,28,5,16,Basic,Quarterly,270,24,0
898,47,Female,54,11,0,23,Basic,Annual,550,2,0
899,23,Male,33,24,5,5,Premium,Quarterly,682,18,0
900,21,Female,42,9,0,7,Basic,Quarterly,931,13,0
901,49,Male,53,23,1,7,Premium,Quarterly,879,2,0
902,32,Female,17,17,3,16,Premium,Quarterly,296,5,0
903,62,Female,47,12,10,19,Basic,Annual,213,11,1
904,54,Male,60,16,3,10,Basic,Annual,831,23,0
905,45,Female,52,1,4,23,Standard,Annual,572,3,0
906,51,Female,19,9,0,21,Premium,Quarterly,938,3,0
907,42,Male,39,14,8,12,Standard,Annual,751,30,0
908,54,Male,2,2,3,26,Basic,Quarterly,798,7,1
909,23,Male,39,26,4,14,Premium,Monthly,840,24,0
910,51,Female,8,29,1,18,Basic,Quarterly,884,23,0
911,41,Female,45,15,7,15,Basic,Quarterly,646,5,0
912,46,Male,26,13,8,21,Standard,Annual,662,2,1
913,20,Male,27,28,2,21,Premium,Monthly,621,29,0
914,48,Male,31,14,0,15,Basic,Quarterly,822,4,0
915,52,Male,13,22,3,2,Basic,Monthly,788,24,0
916,35,Male,50,25,1,27,Basic,Quarterly,962,16,0
917,25,Female,48,6,2,0,Premium,Annual,446,6,0
918,43,Female,55,30,0,30,Basic,Quarterly,597,4,0
919,57,Female,57,3,8,3,Standard,Quarterly,258,11,1
920,22,Female,21,12,1,19,Standard,Quarterly,721,20,0
921,65,Female,53,24,10,2,Basic,Annual,939,24,0
922,23,Female,28,1,8,29,Basic,Annual,297,30,1
923,29,Female,19,27,9,27,Basic,Monthly,435,22,1
924,48,Male,24,3,4,30,Basic,Annual,955,24,0
925,45,Male,7,17,4,3,Basic,Annual,138,19,0
926,26,Male,2,2,1,1,Premium,Quarterly,823,3,0
927,29,Male,26,4,6,21,Basic,Quarterly,528,8,1
928,56,Male,10,7,2,6,Premium,Annual,204,24,0
929,55,Male,27,21,9,10,Standard,Annual,888,22,0
930,61,Male,4,8,0,15,Basic,Monthly,186,14,0
931,57,Female,24,23,4,25,Standard,Monthly,509,2,1
932,47,Male,18,7,5,5,Premium,Annual,293,6,0
933,22,Male,46,9,8,27,Premium,Monthly,228,21,1
934,56,Female,35,14,0,12,Standard,Quarterly,373,12,0
935,48,Male,33,29,8,11,Premium,Annual,124,18,0
936,46,Male,55,28,2,13,Standard,Monthly,154,30,0
937,54,Male,2,25,2,0,Premium,Annual,326,23,0
938,42,Male,50,14,4,0,Basic,Annual,542,18,0
939,33,Female,57,28,1,17,Premium,Quarterly,777,8,0
940,31,Female,17,11,8,16,Premium,Quarterly,790,21,0
941,34,Male,35,8,8,7,Standard,Monthly,806,6,0
942,65,Male,40,29,5,21,Standard,Quarterly,476,13,1
943,35,Female,54,16,9,10,Standard,Annual,814,29,0
944,62,Male,4,18,2,10,Premium,Annual,540,27,0
945,59,Male,54,10,0,25,Basic,Quarterly,461,30,0
946,25,Male,59,11,6,23,Basic,Quarterly,418,4,1
947,60,Male,30,12,3,29,Premium,Monthly,726,25,0
948,63,Female,60,21,3,25,Standard,Annual,503,2,0
949,61,Female,23,7,3,26,Basic,Monthly,914,2,1
950,64,Male,17,27,6,1,Basic,Annual,410,20,0
951,52,Male,11,7,8,22,Standard,Quarterly,607,19,0
952,35,Female,17,8,5,20,Basic,Monthly,433,29,0
953,65,Male,17,20,4,8,Premium,Annual,906,20,0
954,30,Male,38,13,6,22,Premium,Annual,650,13,1
955,32,Female,45,3,7,19,Premium,Annual,551,22,1
956,57,Male,30,19,1,5,Premium,Annual,934,4,0
957,42,Male,17,30,10,1,Basic,Quarterly,846,12,0
958,62,Female,44,20,9,24,Basic,Quarterly,863,1,1
959,18,Male,43,27,2,6,Basic,Monthly,543,6,0
960,23,Male,36,4,4,8,Basic,Monthly,487,27,0
961,30,Female,21,12,8,23,Standard,Monthly,408,10,1
962,49,Female,13,14,6,13,Premium,Monthly,305,7,0
963,55,Female,44,9,9,30,Standard,Quarterly,751,22,1
964,52,Male,19,29,10,30,Premium,Monthly,959,10,0
965,19,Male,18,14,7,4,Basic,Annual,742,6,0
966,64,Male,40,25,8,1,Standard,Annual,370,20,0
967,60,Female,33,18,0,22,Basic,Quarterly,497,5,1
968,51,Male,14,22,0,25,Standard,Annual,233,3,0
969,63,Male,39,29,8,6,Premium,Annual,838,5,0
970,65,Female,8,8,3,28,Basic,Quarterly,964,12,0
971,30,Female,37,24,4,25,Standard,Quarterly,566,19,0
972,26,Male,43,12,0,30,Basic,Monthly,970,26,0
973,27,Male,42,2,6,26,Premium,Quarterly,373,23,1
974,29,Female,55,1,10,21,Basic,Monthly,189,28,1
975,29,Female,20,29,3,27,Premium,Annual,802,12,0
976,47,Female,60,4,2,18,Basic,Monthly,428,28,0
977,42,Male,37,11,3,19,Premium,Annual,298,16,0
978,60,Female,10,1,9,1,Standard,Annual,931,13,1
979,54,Female,47,23,4,16,Basic,Annual,842,30,0
980,38,Male,44,4,8,19,Standard,Annual,461,19,1
981,48,Male,16,16,8,22,Premium,Annual,966,8,0
982,51,Female,34,5,6,5,Standard,Annual,738,8,1
983,46,Male,23,29,4,7,Basic,Annual,115,11,0
984,62,Male,51,26,0,27,Premium,Annual,268,25,0
985,18,Female,9,21,8,26,Premium,Quarterly,915,11,0
986,35,Female,17,29,4,4,Basic,Annual,155,30,0
987,36,Female,52,26,0,8,Basic,Monthly,835,1,0
988,56,Female,29,6,8,6,Premium,Annual,455,22,0
989,43,Female,36,10,7,8,Standard,Quarterly,534,1,0
990,41,Male,9,13,5,22,Basic,Monthly,767,8,0
991,35,Male,33,9,0,11,Basic,Quarterly,515,5,0
992,44,Male,60,23,9,24,Standard,Annual,908,2,1
993,39,Male,43,9,9,9,Standard,Annual,479,1,0
994,23,Male,40,18,6,7,Standard,Annual,546,13,0
995,45,Female,56,24,7,9,Premium,Monthly,675,22,0
996,32,Male,39,26,8,20,Premium,Monthly,344,3,1
997,29,Male,37,26,3,26,Basic,Annual,159,28,0
998,51,Female,33,5,6,5,Standard,Quarterly,850,6,1
999,56,Male,34,6,2,26,Basic,Annual,271,28,0
1000,36,Male,17,24,9,27,Premium,Quarterly,732,12,0
1001,51,Male,28,2,1,4,Premium,Annual,674,2,0
1002,48,Male,34,10,2,1,Basic,Monthly,522,29,0
1003,63,Male,28,10,8,12,Standard,Annual,450,18,0
1004,48,Male,56,6,2,23,Standard,Quarterly,281,25,0
1005,41,Male,32,12,3,15,Standard,Monthly,856,29,0
1006,34,Female,56,5,0,14,Standard,Monthly,771,23,0
1007,27,Female,26,5,3,15,Standard,Quarterly,737,15,0
1008,28,Female,28,18,4,2,Standard,Monthly,351,29,0
1009,47,Female,31,26,9,28,Premium,Annual,465,8,1
1010,49,Male,32,11,8,30,Premium,Monthly,492,19,1
1011,65,Male,60,25,2,26,Premium,Annual,740,10,0
1012,54,Female,24,19,8,22,Premium,Monthly,139,23,1
1013,61,Female,17,17,8,16,Premium,Quarterly,531,22,0
1014,44,Female,3,20,6,13,Basic,Monthly,163,3,0
1015,56,Female,42,24,0,21,Basic,Monthly,675,3,1
1016,59,Male,39,22,9,8,Premium,Monthly,558,5,0
1017,44,Male,7,15,9,18,Basic,Quarterly,277,30,0
1018,38,Female,36,11,4,21,Standard,Monthly,714,8,1
1019,25,Female,51,5,0,6,Standard,Annual,131,3,0
1020,21,Male,26,10,7,28,Premium,Annual,856,20,1
1021,54,Female,1,1,8,14,Basic,Monthly,422,5,1
1022,23,Female,26,28,1,1,Standard,Quarterly,921,10,0
1023,65,Male,12,9,4,25,Premium,Monthly,779,12,0
1024,49,Male,59,24,5,2,Basic,Monthly,647,16,0
1025,64,Female,22,1,6,25,Standard,Annual,326,7,1
1026,49,Male,10,5,6,1,Standard,Monthly,851,18,0
1027,25,Male,52,5,10,10,Standard,Quarterly,779,30,0
1028,45,Male,23,5,2,23,Basic,Annual,509,30,0
1029,31,Male,11,4,5,23,Basic,Monthly,568,28,0
1030,28,Male,15,12,3,15,Premium,Quarterly,189,13,0
1031,55,Female,48,28,9,15,Standard,Annual,196,28,0
1032,40,Male,2,4,3,17,Standard,Quarterly,799,30,0
1033,19,Female,26,17,1,10,Basic,Annual,648,27,0
1034,35,Male,49,9,1,5,Basic,Annual,623,13,0
1035,20,Female,29,18,10,0,Basic,Monthly,267,3,0
1036,42,Female,49,4,4,18,Premium,Annual,648,16,0
1037,39,Male,13,23,10,0,Standard,Quarterly,197,5,0
1038,27,Female,29,21,6,12,Basic,Quarterly,812,22,0
1039,22,Female,23,22,7,17,Basic,Annual,232,23,0
1040,59,Female,50,20,9,24,Premium,Monthly,377,20,1
1041,45,Female,37,1,10,30,Basic,Quarterly,997,20,1
1042,27,Female,58,4,3,29,Basic,Monthly,168,26,1
1043,64,Male,10,28,0,17,Premium,Annual,261,7,0
1044,28,Male,45,16,0,1,Standard,Monthly,813,25,0
1045,33,Male,51,26,0,19,Standard,Quarterly,804,25,0
1046,36,Female,41,6,4,22,Standard,Annual,179,5,1
1047,22,Female,3,9,10,7,Basic,Quarterly,805,19,0
1048,53,Male,29,11,2,1,Premium,Quarterly,354,15,0
1049,48,Female,25,8,9,12,Standard,Quarterly,451,16,0
1050,50,Female,32,19,5,16,Basic,Quarterly,147,4,1
1051,44,Female,34,29,7,16,Standard,Annual,328,30,1
1052,31,Female,23,29,4,28,Premium,Quarterly,676,14,0
1053,41,Male,55,5,8,19,Standard,Annual,861,4,1
1054,36,Female,59,9,1,16,Standard,Quarterly,889,5,0
1055,47,Female,2,21,3,13,Standard,Annual,412,7,0
1056,45,Female,34,22,7,24,Standard,Quarterly,930,25,1
1057,50,Male,51,26,7,8,Basic,Monthly,674,7,0
1058,23,Male,30,5,5,24,Basic,Monthly,863,15,1
1059,43,Male,25,30,2,28,Standard,Annual,735,27,0
1060,49,Male,44,2,0,28,Premium,Quarterly,113,14,0
1061,19,Female,11,3,7,27,Basic,Monthly,716,24,1
1062,28,Male,44,4,10,0,Premium,Quarterly,948,21,0
1063,20,Female,54,23,7,11,Premium,Monthly,492,19,0
1064,27,Female,34,18,6,30,Premium,Monthly,797,28,1
1065,26,Female,52,12,9,10,Premium,Monthly,431,10,0
1066,29,Female,50,7,10,16,Basic,Annual,362,20,1
1067,34,Female,43,10,1,10,Basic,Monthly,225,5,0
1068,62,Male,27,13,8,17,Premium,Quarterly,313,13,1
1069,65,Female,19,25,1,17,Basic,Quarterly,479,18,0
1070,54,Male,53,10,7,25,Premium,Monthly,405,17,1
1071,38,Male,3,1,10,14,Premium,Quarterly,405,29,0
1072,36,Female,53,9,8,25,Premium,Monthly,900,8,1
1073,31,Female,24,7,1,16,Premium,Monthly,939,13,0
1074,65,Female,50,29,5,13,Basic,Annual,768,24,0
1075,59,Male,19,24,8,24,Standard,Quarterly,764,13,0
1076,42,Male,4,5,2,18,Premium,Monthly,187,17,0
1077,64,Male,31,15,8,16,Standard,Monthly,691,19,1
1078,40,Male,60,9,2,1,Premium,Quarterly,580,25,0
1079,29,Female,27,16,9,25,Standard,Annual,419,11,1
1080,59,Female,1,5,0,5,Standard,Monthly,149,26,0
1081,47,Female,33,23,6,7,Standard,Quarterly,186,20,0
1082,47,Female,54,17,3,22,Standard,Monthly,162,14,1
1083,59,Male,42,8,7,0,Premium,Monthly,405,6,0
1084,29,Female,39,24,4,13,Basic,Annual,244,8,0
1085,25,Male,51,30,1,1,Standard,Quarterly,658,9,0
1086,30,Female,20,22,2,3,Basic,Quarterly,422,5,0
1087,28,Male,7,28,6,24,Standard,Quarterly,477,18,0
1088,60,Female,21,6,3,6,Basic,Quarterly,783,18,0
1089,35,Male,52,9,6,26,Basic,Quarterly,936,18,1
1090,41,Female,7,10,9,17,Basic,Monthly,409,13,0
1091,35,Male,32,20,3,25,Premium,Annual,846,15,0
1092,25,Male,32,20,10,16,Standard,Monthly,872,15,1
1093,31,Female,56,8,4,15,Basic,Annual,981,11,0
1094,41,Female,49,12,4,17,Premium,Quarterly,225,5,0
1095,64,Male,29,18,10,2,Standard,Monthly,375,18,0
1096,49,Male,11,22,8,4,Premium,Annual,968,5,0
1097,22,Female,7,30,6,24,Standard,Annual,106,15,1
1098,27,Female,52,20,2,0,Premium,Quarterly,152,9,0
1099,30,Male,60,9,8,6,Standard,Monthly,401,7,0
1100,35,Female,34,5,6,6,Standard,Monthly,819,13,0
1101,43,Female,5,2,7,9,Standard,Annual,579,5,1
1102,22,Female,11,10,2,25,Basic,Quarterly,471,8,1
1103,36,Female,37,15,7,18,Premium,Annual,144,22,1
1104,47,Female,39,21,9,18,Premium,Quarterly,796,29,1
1105,24,Male,54,2,8,11,Basic,Quarterly,729,22,0
1106,37,Male,31,13,3,1,Standard,Monthly,972,23,0
1107,47,Male,54,13,4,3,Standard,Quarterly,814,29,0
1108,55,Female,34,14,2,3,Premium,Quarterly,939,2,0
1109,34,Female,37,28,0,17,Premium,Monthly,680,15,0
1110,47,Male,44,17,2,14,Basic,Monthly,240,29,0
1111,44,Female,20,24,4,29,Standard,Quarterly,273,1,1
1112,49,Male,47,3,7,4,Premium,Annual,584,16,0
1113,56,Female,30,3,2,29,Standard,Annual,888,13,0
1114,43,Male,58,15,3,26,Standard,Quarterly,133,14,0
1115,48,Female,22,18,4,5,Basic,Annual,391,8,0
1116,21,Male,7,20,0,16,Standard,Quarterly,1000,16,0
1117,25,Male,29,26,5,11,Premium,Quarterly,685,8,0
1118,33,Female,42,11,1,24,Premium,Quarterly,560,11,0
1119,43,Male,34,6,6,24,Standard,Quarterly,798,30,1
1120,63,Male,9,10,8,22,Standard,Monthly,705,19,0
1121,45,Female,24,5,1,23,Basic,Quarterly,693,16,0
1122,45,Male,53,20,8,24,Standard,Annual,783,3,1
1123,41,Male,37,13,1,11,Premium,Annual,993,18,0
1124,49,Male,39,2,1,26,Basic,Monthly,372,15,0
1125,32,Male,48,1,9,1,Basic,Annual,150,9,1
1126,61,Female,4,7,5,17,Basic,Quarterly,495,8,0
1127,34,Male,20,5,4,17,Standard,Monthly,285,26,0
1128,33,Female,23,28,3,9,Premium,Quarterly,873,15,0
1129,21,Female,23,3,0,15,Standard,Quarterly,658,19,0
1130,49,Male,31,25,3,27,Basic,Annual,233,10,0
1131,62,Female,13,3,7,14,Premium,Monthly,266,24,1
1132,33,Female,3,15,5,3,Premium,Annual,457,16,0
1133,18,Male,30,11,1,30,Premium,Monthly,253,26,0
1134,39,Female,11,2,5,1,Basic,Monthly,404,19,0
1135,46,Female,45,16,10,23,Basic,Annual,558,2,1
1136,49,Male,34,19,6,3,Premium,Monthly,824,21,0
1137,41,Male,6,10,10,4,Premium,Quarterly,943,21,0
1138,29,Female,39,1,0,0,Basic,Annual,471,19,0
1139,27,Male,2,10,5,12,Standard,Monthly,299,9,0
1140,63,Male,25,11,1,3,Basic,Quarterly,234,19,0
1141,57,Male,26,25,8,22,Basic,Monthly,194,9,1
1142,36,Female,54,1,3,9,Standard,Annual,856,23,0
1143,47,Female,26,22,3,22,Basic,Quarterly,512,4,0
1144,37,Female,29,16,4,26,Basic,Quarterly,970,19,0
1145,64,Female,47,11,0,7,Premium,Quarterly,978,16,0
1146,49,Male,1,16,0,7,Standard,Annual,935,23,0
1147,37,Male,11,2,9,20,Premium,Annual,185,11,1
1148,43,Male,40,8,5,28,Standard,Annual,215,12,1
1149,51,Male,9,23,8,21,Premium,Annual,966,11,0
1150,18,Male,19,7,0,14,Standard,Annual,442,1,0
1151,37,Female,4,19,5,13,Basic,Annual,947,13,0
1152,39,Female,23,24,0,0,Basic,Annual,803,30,0
1153,30,Male,4,3,1,9,Premium,Monthly,498,25,0
1154,49,Male,47,5,7,6,Standard,Annual,644,2,0
1155,58,Female,50,2,3,4,Standard,Annual,379,26,0
1156,64,Female,56,28,7,6,Premium,Quarterly,398,8,0
1157,31,Male,45,8,1,0,Premium,Annual,791,17,0
1158,37,Male,13,8,0,27,Standard,Annual,125,6,0
1159,43,Female,4,19,0,25,Standard,Monthly,994,11,1
1160,61,Female,3,22,9,14,Premium,Quarterly,574,18,0
1161,32,Female,23,26,4,8,Premium,Monthly,617,24,0
1162,43,Male,37,17,7,28,Premium,Annual,996,20,1
1163,42,Female,57,20,7,3,Premium,Annual,302,1,0
1164,37,Female,59,2,8,24,Standard,Annual,141,14,1
1165,60,Female,13,9,2,0,Basic,Quarterly,533,21,0
1166,35,Female,9,29,6,17,Premium,Monthly,237,24,0
1167,18,Male,19,27,8,22,Standard,Annual,604,7,0
1168,35,Male,4,7,1,1,Standard,Annual,205,12,0
1169,32,Male,46,28,10,3,Basic,Monthly,198,8,0
1170,28,Male,33,21,10,24,Standard,Quarterly,415,10,1
1171,23,Male,46,4,3,15,Standard,Monthly,363,13,0
1172,39,Male,25,5,5,12,Premium,Quarterly,768,23,0
1173,22,Male,1,25,8,25,Premium,Annual,502,13,0
1174,53,Female,39,1,5,21,Basic,Annual,788,2,1
1175,54,Male,57,10,4,18,Premium,Annual,501,26,0
1176,43,Male,5,25,0,12,Basic,Monthly,854,17,0
1177,53,Male,53,27,5,16,Basic,Annual,133,18,1
1178,41,Male,14,13,4,14,Standard,Annual,593,2,0
1179,48,Male,54,29,5,27,Premium,Monthly,476,22,1
1180,41,Female,16,29,10,16,Basic,Annual,198,24,0
1181,35,Male,15,3,9,3,Basic,Quarterly,606,25,0
1182,53,Male,46,7,7,11,Standard,Quarterly,463,13,0
1183,29,Male,34,13,5,8,Basic,Annual,733,17,0
1184,53,Female,13,25,6,30,Basic,Monthly,449,7,1
1185,50,Male,22,19,5,21,Premium,Monthly,711,30,0
1186,37,Female,18,27,0,17,Premium,Quarterly,715,25,0
1187,38,Female,21,12,3,6,Premium,Monthly,181,5,0
1188,56,Female,35,10,6,6,Basic,Annual,258,3,0
1189,61,Male,16,15,9,0,Basic,Quarterly,865,8,0
1190,59,Male,26,27,1,1,Basic,Quarterly,124,30,0
1191,33,Male,33,13,1,5,Premium,Monthly,492,22,0
1192,47,Male,10,27,7,3,Standard,Annual,175,2,0
1193,42,Female,6,7,7,6,Basic,Annual,127,14,0
1194,39,Male,26,12,1,6,Basic,Monthly,104,7,0
1195,38,Male,50,22,2,1,Premium,Quarterly,101,18,0
1196,23,Male,46,12,0,0,Standard,Quarterly,659,27,0
1197,23,Male,45,3,4,9,Premium,Annual,705,21,0
1198,65,Female,43,3,6,17,Standard,Quarterly,610,15,1
1199,29,Male,59,10,5,10,Premium,Monthly,928,14,0
1200,40,Male,49,18,2,25,Premium,Monthly,903,29,0
1201,22,Male,47,17,0,27,Basic,Monthly,232,9,0
1202,58,Female,26,23,6,0,Basic,Monthly,834,12,0
1203,54,Female,7,20,4,21,Standard,Annual,688,4,0
1204,44,Female,38,22,5,30,Basic,Quarterly,296,1,1
1205,48,Male,16,4,2,27,Basic,Quarterly,739,25,0
1206,23,Female,29,13,5,19,Standard,Monthly,532,5,1
1207,53,Male,7,5,7,5,Premium,Annual,838,26,1
1208,49,Female,46,9,0,7,Premium,Quarterly,898,30,0
1209,18,Female,20,19,0,5,Standard,Quarterly,122,12,0
1210,65,Female,47,27,8,24,Premium,Monthly,548,14,1
1211,65,Male,7,29,0,23,Standard,Annual,212,7,0
1212,37,Female,50,12,2,29,Standard,Monthly,198,24,1
1213,31,Female,11,15,5,7,Basic,Quarterly,678,3,0
1214,31,Male,3,25,8,25,Premium,Annual,892,9,0
1215,23,Female,19,13,8,0,Standard,Quarterly,263,17,0
1216,20,Male,20,17,8,30,Basic,Annual,569,16,0
1217,53,Male,4,26,3,23,Premium,Annual,116,13,0
1218,63,Male,23,30,6,20,Basic,Quarterly,477,25,0
1219,42,Male,56,1,3,13,Basic,Monthly,151,18,0
1220,36,Female,60,25,2,21,Premium,Monthly,698,29,1
1221,41,Male,21,25,7,9,Standard,Quarterly,640,15,0
1222,42,Female,52,1,7,15,Standard,Monthly,149,29,0
1223,41,Female,39,12,10,15,Basic,Annual,645,12,0
1224,19,Male,32,26,4,0,Basic,Quarterly,161,23,0
1225,21,Male,30,18,5,25,Standard,Annual,717,14,1
1226,32,Female,12,12,8,15,Premium,Annual,238,15,0
1227,60,Female,11,8,5,22,Premium,Annual,923,26,0
1228,53,Female,25,17,0,14,Basic,Monthly,184,15,0
1229,38,Male,45,9,2,18,Standard,Quarterly,989,16,0
1230,53,Female,11,17,9,12,Premium,Monthly,949,8,0
1231,18,Male,20,24,1,20,Standard,Monthly,630,8,0
1232,50,Female,30,16,9,27,Standard,Annual,657,15,1
1233,25,Female,51,10,1,0,Standard,Monthly,356,22,0
1234,18,Female,39,9,0,2,Standard,Annual,703,29,0
1235,23,Female,15,2,4,20,Premium,Quarterly,200,21,0
1236,39,Male,49,25,3,18,Standard,Monthly,570,22,0
1237,27,Male,40,19,8,25,Basic,Annual,467,24,1
1238,38,Male,44,3,9,6,Premium,Annual,454,10,0
1239,61,Male,56,17,3,26,Standard,Annual,803,23,0
1240,41,Female,55,26,2,7,Standard,Monthly,331,12,0
1241,21,Female,8,9,7,19,Standard,Annual,672,22,0
1242,63,Female,55,1,10,9,Premium,Monthly,321,5,1
1243,22,Female,54,27,3,12,Basic,Monthly,422,16,0
1244,46,Male,9,24,5,25,Standard,Annual,157,14,0
1245,19,Male,37,7,1,17,Basic,Quarterly,553,15,0
1246,35,Female,19,12,0,30,Standard,Quarterly,233,10,1
1247,52,Male,56,17,2,7,Standard,Annual,627,29,0
1248,47,Male,27,9,1,12,Premium,Quarterly,473,2,0
1249,23,Male,48,23,10,21,Premium,Quarterly,224,15,1
1250,53,Male,29,17,3,1,Basic,Quarterly,863,12,0
1251,21,Female,9,24,8,11,Standard,Quarterly,285,10,0
1252,31,Female,48,9,7,20,Basic,Monthly,874,2,1
1253,24,Male,16,4,5,9,Premium,Annual,882,16,0
1254,22,Male,13,11,7,29,Basic,Quarterly,479,14,0
1255,59,Male,59,16,1,18,Basic,Quarterly,158,28,0
1256,31,Male,42,2,6,24,Premium,Annual,178,11,1
1257,53,Female,8,24,10,23,Basic,Annual,533,26,0
1258,65,Female,57,3,1,8,Standard,Annual,931,16,0
1259,47,Female,44,7,4,15,Basic,Monthly,350,6,0
1260,54,Male,45,8,4,18,Premium,Quarterly,432,24,0
1261,36,Male,14,21,9,11,Standard,Monthly,165,21,0
1262,38,Female,58,16,0,29,Standard,Quarterly,219,16,1
1263,44,Male,53,16,5,5,Premium,Monthly,461,20,0
1264,27,Male,54,25,7,21,Premium,Monthly,562,24,1
1265,31,Female,4,12,5,15,Premium,Annual,884,3,0
1266,21,Male,41,6,6,13,Premium,Monthly,356,29,0
1267,51,Male,60,20,4,12,Standard,Annual,997,5,0
1268,41,Male,18,1,9,12,Premium,Annual,255,30,1
1269,43,Female,17,1,5,16,Premium,Monthly,528,3,0
1270,29,Female,1,16,7,2,Premium,Quarterly,771,12,0
1271,35,Female,30,9,8,20,Basic,Monthly,494,29,1
1272,40,Male,18,23,9,12,Premium,Quarterly,393,8,0
1273,24,Male,4,23,6,1,Basic,Quarterly,952,25,0
1274,61,Male,20,24,4,19,Standard,Annual,702,14,0
1275,64,Male,1,26,4,21,Standard,Monthly,239,25,0
1276,29,Female,35,3,0,25,Premium,Monthly,853,9,1
1277,38,Male,52,13,7,19,Premium,Monthly,473,27,1
1278,19,Male,19,20,3,26,Premium,Monthly,224,22,0
1279,31,Female,53,7,4,10,Standard,Annual,958,21,0
1280,48,Female,16,6,7,12,Standard,Monthly,595,24,0
1281,60,Female,23,7,2,19,Premium,Quarterly,739,28,0
1282,63,Female,7,30,7,27,Premium,Monthly,488,24,1
1283,27,Female,50,1,1,17,Standard,Quarterly,528,8,0
1284,65,Male,32,5,4,18,Standard,Annual,985,19,1
1285,63,Male,47,4,7,21,Standard,Quarterly,181,2,1
1286,40,Female,29,15,6,11,Basic,Monthly,174,15,0
1287,52,Female,27,16,0,11,Standard,Monthly,260,26,0
1288,31,Male,55,8,3,2,Standard,Annual,667,22,0
1289,59,Female,9,28,8,15,Basic,Quarterly,592,15,0
1290,40,Female,42,1,0,21,Premium,Annual,928,11,0
1291,26,Male,52,14,7,6,Basic,Quarterly,536,25,0
1292,21,Female,37,12,0,13,Premium,Monthly,479,11,0
1293,57,Male,20,14,6,14,Premium,Quarterly,191,13,0
1294,42,Female,56,25,2,26,Basic,Annual,735,16,0
1295,55,Female,39,29,3,15,Standard,Annual,945,11,0
1296,48,Male,6,26,6,21,Premium,Quarterly,362,14,0
1297,50,Female,3,8,5,19,Standard,Quarterly,188,14,0
1298,61,Male,43,28,2,8,Premium,Monthly,249,6,0
1299,30,Male,1,27,6,18,Basic,Annual,354,18,0
1300,19,Female,6,1,5,2,Premium,Quarterly,934,9,0
1301,34,Female,25,12,0,23,Basic,Quarterly,550,26,0
1302,42,Male,3,2,3,11,Basic,Annual,904,26,1
1303,18,Male,21,18,6,23,Standard,Monthly,586,21,0
1304,58,Female,18,15,6,11,Basic,Monthly,297,13,0
1305,30,Male,15,14,5,4,Premium,Monthly,909,17,0
1306,38,Female,23,10,1,1,Standard,Annual,277,3,0
1307,47,Male,58,27,7,26,Basic,Monthly,798,24,1
1308,51,Female,50,4,2,25,Standard,Annual,625,18,0
1309,18,Male,59,25,10,22,Premium,Monthly,819,4,1
1310,18,Male,21,3,10,18,Basic,Annual,119,7,0
1311,45,Male,17,9,9,3,Premium,Annual,651,13,0
1312,19,Male,32,4,3,0,Basic,Monthly,517,18,0
1313,43,Male,9,22,3,1,Premium,Quarterly,639,12,0
1314,65,Female,24,28,1,4,Basic,Annual,930,16,0
1315,57,Female,50,18,4,24,Premium,Quarterly,179,17,1
1316,46,Male,4,14,3,16,Premium,Annual,827,7,0
1317,53,Male,58,17,7,9,Standard,Monthly,876,6,0
1318,25,Female,35,17,9,20,Standard,Quarterly,353,19,1
1319,19,Male,60,14,10,15,Standard,Annual,148,14,0
1320,19,Male,27,12,1,24,Basic,Monthly,909,10,0
1321,22,Male,37,22,9,14,Premium,Monthly,177,7,0
1322,51,Male,16,16,4,2,Premium,Annual,188,19,0
1323,39,Male,5,2,3,24,Basic,Monthly,397,26,1
1324,28,Female,43,29,7,29,Standard,Annual,861,12,1
1325,40,Male,39,7,2,29,Standard,Quarterly,766,18,0
1326,26,Female,50,22,5,16,Premium,Annual,572,10,1
1327,52,Male,11,14,10,11,Premium,Annual,893,20,0
1328,24,Female,47,4,8,8,Standard,Annual,264,21,0
1329,24,Female,51,20,2,22,Basic,Monthly,304,6,1
1330,22,Female,59,15,1,11,Premium,Annual,843,9,0
1331,43,Female,46,12,9,10,Premium,Monthly,132,1,0
1332,36,Female,38,2,4,6,Standard,Quarterly,996,21,0
1333,57,Female,9,30,4,1,Basic,Annual,621,23,0
1334,23,Female,6,26,5,11,Premium,Monthly,535,10,0
1335,61,Female,1,22,5,27,Premium,Monthly,849,24,1
1336,43,Female,58,23,6,11,Premium,Annual,420,8,0
1337,18,Female,12,8,0,20,Premium,Annual,175,9,0
1338,43,Male,26,30,1,22,Premium,Quarterly,964,22,0
1339,62,Male,16,13,6,20,Standard,Monthly,649,26,0
1340,28,Male,46,28,5,19,Premium,Annual,742,16,1
1341,57,Male,10,9,4,12,Basic,Quarterly,123,14,0
1342,35,Male,1,15,8,11,Standard,Quarterly,227,29,0
1343,50,Male,22,27,9,19,Standard,Monthly,698,27,0
1344,31,Female,34,17,7,13,Standard,Monthly,959,8,0
1345,20,Male,19,19,2,15,Basic,Annual,639,20,0
1346,38,Female,54,10,7,19,Standard,Annual,363,2,1
1347,25,Male,51,25,10,9,Standard,Monthly,373,2,0
1348,18,Female,24,21,1,13,Basic,Quarterly,898,16,0
1349,41,Male,50,6,5,2,Standard,Monthly,177,15,0
1350,53,Male,34,4,4,18,Standard,Quarterly,431,18,1
1351,24,Female,58,9,5,11,Standard,Annual,909,13,0
1352,24,Male,8,4,7,10,Premium,Monthly,992,20,0
1353,48,Female,7,29,8,13,Premium,Quarterly,353,30,0
1354,25,Male,24,16,6,24,Premium,Quarterly,307,27,1
1355,46,Male,8,18,4,9,Standard,Monthly,859,26,0
1356,49,Male,4,18,8,8,Standard,Quarterly,494,19,0
1357,26,Female,28,22,3,8,Premium,Monthly,780,23,0
1358,23,Male,42,28,9,27,Standard,Monthly,807,27,1
1359,24,Female,36,5,9,19,Premium,Annual,376,6,1
1360,55,Male,33,14,6,6,Basic,Quarterly,918,1,0
1361,34,Female,27,12,8,26,Premium,Annual,641,25,1
1362,43,Male,16,20,10,24,Standard,Annual,376,24,0
1363,56,Female,34,14,9,22,Premium,Monthly,269,17,1
1364,29,Female,21,7,5,2,Standard,Quarterly,509,25,0
1365,50,Female,30,5,0,22,Standard,Monthly,321,17,1
1366,45,Female,20,24,5,8,Premium,Quarterly,702,5,0
1367,34,Male,21,7,10,23,Standard,Quarterly,150,14,0
1368,28,Female,36,16,9,5,Premium,Monthly,499,23,0
1369,19,Male,54,29,2,22,Basic,Monthly,553,1,0
1370,25,Male,12,2,7,19,Basic,Annual,297,7,1
1371,25,Male,60,10,6,13,Basic,Monthly,649,4,0
1372,27,Male,28,10,7,18,Basic,Quarterly,452,24,1
1373,51,Female,3,5,3,28,Premium,Quarterly,714,25,0
1374,41,Female,44,14,4,8,Basic,Annual,391,28,0
1375,52,Male,10,10,6,7,Premium,Monthly,435,17,0
1376,36,Male,9,10,5,29,Standard,Annual,386,28,0
1377,37,Female,33,11,10,7,Standard,Annual,966,7,0
1378,42,Female,49,17,6,11,Premium,Quarterly,612,7,0
1379,41,Female,38,23,2,14,Standard,Monthly,617,3,0
1380,23,Female,33,29,1,26,Basic,Annual,806,29,0
1381,37,Male,17,17,3,28,Standard,Quarterly,504,2,0
1382,27,Male,46,4,10,5,Basic,Annual,786,9,0
1383,24,Female,37,16,4,12,Standard,Monthly,182,16,0
1384,46,Female,36,27,10,26,Standard,Monthly,746,1,1
1385,49,Male,15,17,10,1,Standard,Quarterly,796,13,0
1386,49,Female,54,27,6,6,Premium,Monthly,289,13,0
1387,36,Female,12,28,10,0,Standard,Annual,595,17,0
1388,40,Male,9,25,10,6,Premium,Quarterly,348,13,0
1389,21,Male,19,1,9,16,Standard,Annual,934,9,0
1390,33,Female,9,19,9,16,Standard,Annual,665,9,0
1391,29,Male,24,13,0,28,Basic,Annual,913,2,0
1392,49,Male,28,7,4,18,Basic,Quarterly,173,1,0
1393,55,Male,22,1,10,16,Basic,Annual,832,22,1
1394,58,Female,42,29,7,29,Standard,Quarterly,433,2,1
1395,45,Female,43,3,4,12,Standard,Annual,446,11,0
1396,34,Male,23,9,3,21,Premium,Monthly,258,10,0
1397,32,Male,35,9,3,1,Standard,Monthly,927,13,0
1398,58,Male,49,27,4,28,Standard,Monthly,849,28,0
1399,53,Male,19,4,5,25,Basic,Quarterly,440,10,1
1400,32,Female,16,29,9,15,Premium,Monthly,962,10,0
1401,34,Male,30,8,0,15,Premium,Monthly,552,16,0
1402,48,Female,17,25,3,8,Standard,Quarterly,974,7,0
1403,55,Female,12,26,9,14,Basic,Monthly,892,30,0
1404,30,Female,60,28,1,30,Basic,Monthly,881,15,1
1405,54,Male,19,8,8,0,Standard,Annual,947,1,0
1406,42,Male,51,2,8,22,Standard,Annual,736,14,1
1407,45,Male,51,28,1,15,Standard,Annual,490,16,0
1408,25,Female,33,8,8,7,Premium,Monthly,910,5,0
1409,22,Female,56,12,3,7,Standard,Monthly,241,24,0
1410,23,Male,7,5,10,8,Basic,Annual,377,22,0
1411,41,Female,8,19,2,6,Premium,Monthly,851,2,0
1412,38,Female,49,15,2,8,Basic,Monthly,843,8,0
1413,23,Female,11,8,10,17,Premium,Quarterly,277,18,0
1414,30,Female,29,9,10,2,Standard,Quarterly,640,24,0
1415,34,Male,55,7,2,16,Premium,Quarterly,706,16,0
1416,20,Female,47,23,5,18,Standard,Quarterly,592,8,1
1417,27,Female,31,13,7,13,Basic,Quarterly,144,12,0
1418,39,Female,51,30,2,9,Premium,Monthly,737,25,0
1419,48,Male,44,10,8,15,Basic,Annual,715,11,0
1420,61,Male,52,18,8,12,Standard,Quarterly,449,2,0
1421,35,Male,55,17,2,29,Basic,Quarterly,884,12,0
1422,32,Female,25,10,9,27,Basic,Quarterly,368,27,1
1423,18,Female,5,22,6,1,Standard,Monthly,206,18,0
1424,25,Male,10,30,3,8,Standard,Monthly,203,28,0
1425,40,Male,40,30,2,15,Basic,Quarterly,779,6,0
1426,44,Female,10,27,2,21,Standard,Monthly,756,27,1
1427,52,Male,41,10,4,21,Basic,Monthly,257,30,0
1428,45,Male,38,27,2,10,Standard,Annual,385,4,0
1429,46,Male,5,25,8,27,Premium,Annual,495,25,0
1430,42,Male,33,21,1,7,Standard,Quarterly,812,15,0
1431,38,Female,21,12,6,21,Standard,Monthly,903,19,1
1432,28,Female,55,13,9,5,Premium,Monthly,494,21,0
1433,29,Male,3,20,7,3,Premium,Quarterly,724,14,0
1434,26,Male,36,2,2,21,Standard,Quarterly,842,5,0
1435,37,Male,11,30,5,7,Premium,Quarterly,637,20,0
1436,25,Female,31,18,9,15,Basic,Quarterly,934,9,0
1437,36,Female,12,4,3,19,Basic,Quarterly,224,16,0
1438,30,Female,35,11,7,12,Standard,Monthly,964,24,0
1439,44,Female,27,8,8,30,Standard,Annual,883,25,1
1440,33,Male,7,5,6,2,Premium,Monthly,790,9,0
1441,36,Male,26,25,1,15,Premium,Annual,740,14,0
1442,51,Female,23,2,2,1,Standard,Annual,691,25,0
1443,27,Female,23,14,7,6,Standard,Annual,950,26,0
1444,42,Female,16,2,4,20,Basic,Quarterly,980,28,0
1445,62,Male,24,17,8,13,Standard,Monthly,667,4,0
1446,52,Male,29,2,5,25,Premium,Quarterly,769,24,1
1447,35,Female,23,27,10,4,Premium,Annual,609,27,0
1448,53,Male,46,28,10,23,Basic,Monthly,995,10,1
1449,18,Male,12,30,3,3,Standard,Monthly,219,30,0
1450,44,Female,26,20,7,10,Premium,Quarterly,391,10,0
1451,50,Male,31,24,5,17,Premium,Monthly,267,10,1
1452,47,Male,56,21,6,0,Premium,Annual,144,9,0
1453,57,Female,52,27,4,3,Premium,Annual,868,15,0
1454,42,Female,2,19,3,0,Premium,Annual,676,30,0
1455,61,Male,57,29,8,8,Standard,Monthly,959,17,0
1456,20,Female,24,18,6,7,Premium,Monthly,647,24,0
1457,19,Female,55,13,7,16,Standard,Annual,499,22,1
1458,42,Male,36,17,0,15,Premium,Annual,689,29,0
1459,64,Male,23,30,6,3,Basic,Annual,282,9,0
1460,32,Male,11,2,10,10,Standard,Annual,531,25,1
1461,60,Male,1,4,10,26,Basic,Quarterly,769,22,1
1462,51,Male,37,27,3,7,Basic,Annual,566,21,0
1463,27,Male,25,29,9,24,Premium,Monthly,693,4,1
1464,50,Male,27,26,5,25,Basic,Monthly,142,11,1
1465,33,Male,21,19,9,20,Basic,Quarterly,156,26,0
1466,26,Female,20,29,5,19,Standard,Quarterly,251,23,0
1467,42,Male,45,30,2,11,Basic,Monthly,530,12,0
1468,23,Female,34,9,9,29,Basic,Quarterly,670,13,1
1469,46,Male,50,25,7,3,Premium,Quarterly,425,2,0
1470,51,Male,3,20,4,19,Standard,Monthly,791,29,0
1471,35,Female,25,27,7,27,Standard,Quarterly,293,11,1
1472,52,Female,47,27,6,7,Standard,Monthly,669,19,0
1473,18,Female,28,21,4,18,Basic,Monthly,371,20,0
1474,52,Female,15,20,4,4,Basic,Quarterly,170,11,0
1475,52,Male,5,24,0,19,Standard,Annual,227,18,0
1476,31,Male,1,26,8,21,Standard,Annual,158,7,0
1477,57,Male,33,4,6,2,Premium,Annual,728,7,1
1478,52,Female,34,9,5,16,Premium,Quarterly,158,22,1
1479,47,Male,27,11,5,10,Premium,Quarterly,631,30,0
1480,55,Male,23,3,10,1,Standard,Monthly,878,22,1
1481,27,Female,10,10,3,20,Basic,Monthly,661,30,0
1482,56,Male,21,17,2,29,Premium,Annual,996,10,0
1483,33,Male,41,28,0,29,Standard,Monthly,193,15,0
1484,65,Male,50,6,6,17,Premium,Quarterly,547,27,1
1485,45,Female,5,27,10,14,Premium,Monthly,753,3,0
1486,60,Female,44,5,9,26,Premium,Annual,410,7,1
1487,58,Male,49,28,7,28,Standard,Annual,221,2,1
1488,45,Female,34,5,8,21,Standard,Monthly,961,9,1
1489,61,Female,44,4,7,6,Standard,Quarterly,685,7,1
1490,30,Female,38,26,10,9,Standard,Quarterly,134,2,0
1491,58,Male,21,6,8,0,Premium,Quarterly,129,18,0
1492,26,Female,33,26,7,7,Premium,Monthly,971,9,0
1493,22,Female,26,12,1,19,Standard,Annual,517,3,0
1494,54,Female,24,29,1,21,Basic,Monthly,686,17,1
1495,21,Male,45,8,1,14,Basic,Annual,280,12,0
1496,38,Female,39,6,2,12,Standard,Quarterly,310,2,0
1497,23,Female,44,16,2,17,Standard,Monthly,921,18,0
1498,60,Male,30,8,4,26,Standard,Annual,950,7,0
1499,20,Male,2,5,7,2,Basic,Monthly,734,9,0
1500,57,Male,37,10,10,27,Premium,Quarterly,229,15,1
1501,53,Male,19,5,3,24,Premium,Annual,930,24,0
1502,49,Male,56,24,8,19,Basic,Quarterly,933,21,1
1503,46,Female,52,20,0,14,Standard,Monthly,355,25,0
1504,62,Female,22,17,10,13,Premium,Monthly,298,17,0
1505,43,Female,10,27,8,2,Premium,Monthly,849,6,0
1506,40,Female,57,17,10,22,Standard,Annual,139,5,1
1507,58,Male,2,16,9,11,Standard,Quarterly,656,26,0
1508,40,Male,58,24,5,4,Standard,Quarterly,830,3,0
1509,37,Male,28,3,5,6,Basic,Quarterly,203,20,0
1510,50,Female,4,20,10,21,Premium,Quarterly,705,2,0
1511,24,Female,13,14,7,17,Basic,Monthly,677,5,0
1512,54,Female,46,26,0,29,Basic,Annual,424,23,1
1513,57,Female,36,22,1,23,Standard,Quarterly,665,8,0
1514,21,Female,50,21,1,3,Basic,Quarterly,430,28,0
1515,23,Male,49,30,9,22,Standard,Annual,787,16,1
1516,33,Female,58,8,8,6,Standard,Annual,136,26,0
1517,33,Female,3,10,2,30,Premium,Annual,480,20,1
1518,29,Female,13,25,4,29,Premium,Monthly,608,14,1
1519,26,Female,18,22,2,26,Standard,Annual,696,12,0
1520,60,Female,22,5,6,24,Premium,Monthly,290,25,1
1521,41,Male,18,30,2,11,Standard,Quarterly,892,8,0
1522,44,Male,53,20,0,13,Standard,Annual,910,9,0
1523,63,Female,45,19,10,10,Premium,Monthly,584,15,0
1524,52,Male,52,5,1,6,Premium,Annual,605,19,0
1525,48,Female,46,22,6,21,Premium,Annual,766,27,1
1526,65,Female,4,23,0,22,Premium,Quarterly,572,14,0
1527,47,Male,38,16,0,2,Standard,Annual,641,19,0
1528,26,Male,51,24,6,9,Standard,Annual,158,6,0
1529,56,Male,16,9,10,21,Basic,Quarterly,906,3,0
1530,29,Female,16,13,2,4,Standard,Annual,271,21,0
1531,65,Male,22,30,5,22,Standard,Annual,189,20,0
1532,48,Female,22,16,0,4,Premium,Monthly,153,8,0
1533,40,Male,35,11,8,16,Premium,Annual,191,26,1
1534,50,Male,37,26,9,11,Basic,Monthly,677,12,0
1535,56,Male,20,7,4,10,Basic,Monthly,155,20,0
1536,25,Female,20,25,2,3,Premium,Quarterly,206,5,0
1537,48,Female,51,10,5,13,Standard,Monthly,809,24,0
1538,32,Female,23,17,2,2,Premium,Annual,897,27,0
1539,50,Female,44,25,9,14,Premium,Annual,570,18,0
1540,59,Male,12,17,1,26,Premium,Annual,377,22,0
1541,24,Male,55,13,7,18,Premium,Quarterly,177,13,1
1542,61,Female,36,9,1,15,Premium,Quarterly,732,26,0
1543,36,Female,17,16,5,10,Premium,Quarterly,440,23,0
1544,25,Male,57,8,5,23,Basic,Annual,206,18,1
1545,23,Female,31,21,5,24,Standard,Quarterly,152,7,1
1546,32,Female,29,21,5,15,Basic,Quarterly,198,25,0
1547,23,Female,1,28,0,4,Premium,Quarterly,634,13,0
1548,39,Female,34,9,0,24,Premium,Quarterly,419,8,1
1549,38,Female,44,18,4,8,Premium,Quarterly,496,28,0
1550,38,Male,32,11,6,16,Premium,Monthly,918,14,1
1551,38,Male,12,12,4,7,Premium,Annual,645,27,0
1552,21,Male,6,1,6,25,Basic,Monthly,255,25,0
1553,45,Female,29,21,7,12,Premium,Annual,232,13,0
1554,57,Female,38,19,7,4,Premium,Monthly,958,15,0
1555,40,Male,20,7,2,29,Premium,Quarterly,842,6,0
1556,60,Female,33,3,4,3,Basic,Quarterly,798,7,1
1557,30,Female,2,28,1,26,Basic,Quarterly,364,18,1
1558,58,Male,39,27,5,0,Basic,Monthly,407,17,0
1559,48,Female,48,15,8,22,Premium,Monthly,863,6,1
1560,35,Male,23,26,4,22,Basic,Annual,531,5,0
1561,53,Female,7,7,6,9,Basic,Monthly,299,15,0
1562,40,Male,51,20,7,29,Premium,Annual,650,5,1
1563,35,Male,16,1,5,23,Basic,Monthly,975,7,0
1564,30,Male,60,24,10,0,Standard,Quarterly,538,20,0
1565,49,Female,38,7,8,14,Standard,Annual,944,6,0
1566,65,Female,50,27,10,14,Premium,Annual,372,10,0
1567,38,Female,40,29,4,5,Basic,Annual,595,4,0
1568,46,Male,13,8,4,5,Basic,Quarterly,702,2,0
1569,60,Female,16,25,10,29,Basic,Monthly,875,9,1
1570,38,Male,29,20,10,22,Basic,Annual,418,18,1
1571,30,Male,24,22,3,29,Basic,Monthly,495,5,0
1572,64,Male,29,19,5,7,Premium,Monthly,605,7,0
1573,20,Female,6,27,10,29,Premium,Quarterly,518,6,0
1574,49,Male,6,24,8,15,Premium,Quarterly,846,23,0
1575,20,Male,2,20,5,16,Standard,Monthly,658,12,0
1576,20,Female,41,25,5,6,Standard,Annual,138,9,0
1577,39,Female,42,10,5,13,Premium,Quarterly,687,4,0
1578,62,Male,19,12,5,6,Basic,Quarterly,401,11,0
1579,54,Male,32,13,0,0,Standard,Quarterly,206,21,0
1580,39,Male,23,14,10,0,Standard,Quarterly,575,18,0
1581,42,Male,3,15,9,26,Premium,Annual,817,22,0
1582,30,Female,28,14,7,19,Premium,Annual,421,20,1
1583,54,Male,59,5,9,22,Standard,Quarterly,382,25,1
1584,31,Female,26,7,1,7,Basic,Monthly,368,11,0
1585,54,Female,50,13,9,7,Basic,Quarterly,959,18,0
1586,41,Male,33,28,2,23,Basic,Monthly,486,3,0
1587,59,Male,25,14,9,25,Premium,Annual,476,17,1
1588,25,Female,7,30,2,4,Basic,Quarterly,716,17,0
1589,65,Female,8,18,7,18,Standard,Annual,587,18,0
1590,49,Female,10,25,9,2,Standard,Quarterly,948,7,0
1591,61,Female,26,7,6,25,Basic,Quarterly,878,10,1
1592,60,Female,39,28,5,2,Standard,Quarterly,565,15,0
1593,19,Male,15,23,3,4,Standard,Quarterly,890,3,0
1594,50,Female,13,16,4,7,Basic,Annual,663,18,0
1595,38,Male,31,21,2,10,Standard,Annual,874,28,0
1596,62,Male,59,30,6,22,Premium,Monthly,136,16,1
1597,40,Female,7,26,5,11,Premium,Annual,174,23,0
1598,42,Male,2,16,1,5,Basic,Quarterly,822,8,0
1599,54,Male,3,18,10,11,Standard,Monthly,731,7,0
1600,35,Female,37,23,1,0,Premium,Annual,335,4,0
1601,62,Male,25,13,9,13,Basic,Annual,491,18,0
1602,50,Male,10,26,0,4,Standard,Annual,335,29,0
1603,35,Female,37,27,4,16,Basic,Quarterly,545,15,0
1604,34,Male,33,18,2,0,Standard,Annual,848,15,0
1605,44,Female,31,21,6,20,Basic,Monthly,593,19,1
1606,20,Male,47,14,2,12,Basic,Annual,300,9,0
1607,36,Male,3,21,5,9,Premium,Quarterly,882,30,0
1608,53,Male,41,22,1,23,Premium,Annual,696,8,0
1609,26,Male,38,10,2,29,Premium,Quarterly,143,16,0
1610,46,Male,52,11,8,1,Premium,Monthly,222,18,0
1611,57,Female,26,19,8,5,Premium,Monthly,702,6,0
1612,50,Male,13,21,4,12,Standard,Quarterly,179,23,0
1613,48,Female,52,5,7,28,Premium,Monthly,696,1,1
1614,42,Male,10,10,5,26,Basic,Monthly,951,17,0
1615,35,Male,24,15,7,25,Standard,Quarterly,141,29,1
1616,50,Male,4,12,1,30,Standard,Monthly,867,24,0
1617,37,Male,50,16,5,23,Premium,Annual,358,14,1
1618,19,Female,6,12,8,24,Standard,Monthly,845,23,1
1619,31,Male,44,13,10,22,Basic,Monthly,554,14,1
1620,29,Male,35,26,6,11,Premium,Monthly,639,18,0
1621,58,Male,35,27,2,28,Standard,Annual,373,10,0
1622,37,Male,7,15,10,8,Premium,Quarterly,572,28,0
1623,59,Male,41,15,9,4,Premium,Quarterly,812,8,0
1624,29,Female,46,12,4,18,Basic,Annual,508,20,0
1625,61,Female,40,6,6,2,Premium,Annual,308,22,0
1626,53,Male,40,29,6,1,Premium,Annual,893,2,0
1627,60,Female,40,19,8,3,Basic,Quarterly,841,19,0
1628,33,Female,60,21,9,11,Standard,Quarterly,246,24,0
1629,19,Female,12,8,4,2,Premium,Annual,739,11,0
1630,37,Female,48,27,8,26,Premium,Monthly,544,29,1
1631,43,Female,43,25,3,25,Standard,Monthly,387,2,1
1632,32,Female,23,10,0,6,Standard,Annual,568,21,0
1633,29,Male,33,29,9,8,Premium,Quarterly,508,12,0
1634,44,Male,13,9,4,15,Premium,Quarterly,876,22,0
1635,55,Female,24,3,1,5,Standard,Annual,729,4,0
1636,31,Female,34,1,2,0,Standard,Quarterly,842,22,0
1637,55,Male,26,2,4,15,Basic,Quarterly,993,27,1
1638,40,Female,22,1,9,12,Basic,Quarterly,971,9,0
1639,38,Male,24,3,5,15,Standard,Monthly,190,6,0
1640,38,Female,44,4,9,29,Basic,Quarterly,573,16,1
1641,62,Male,27,20,9,19,Premium,Monthly,252,5,1
1642,40,Female,1,30,3,9,Premium,Annual,231,2,0
1643,49,Female,7,18,0,25,Standard,Monthly,534,20,1
1644,58,Male,60,27,7,19,Premium,Monthly,940,8,1
1645,42,Female,4,24,10,0,Standard,Annual,956,22,0
1646,41,Male,52,4,6,4,Standard,Annual,793,15,0
1647,35,Male,24,10,10,6,Standard,Monthly,141,3,0
1648,65,Male,39,20,7,14,Basic,Annual,906,10,0
1649,53,Female,19,25,10,9,Standard,Annual,394,16,0
1650,57,Male,59,12,6,6,Premium,Annual,698,19,0
1651,62,Female,46,20,10,13,Basic,Quarterly,832,19,0
1652,23,Female,11,18,2,25,Standard,Monthly,449,12,1
1653,43,Male,51,28,8,13,Basic,Quarterly,218,15,0
1654,19,Female,9,11,1,22,Premium,Quarterly,768,29,0
1655,38,Male,14,11,9,21,Premium,Annual,265,2,0
1656,47,Female,52,3,1,21,Standard,Annual,588,1,0
1657,53,Male,40,1,2,29,Standard,Quarterly,275,2,0
1658,52,Female,9,30,2,2,Basic,Annual,622,24,0
1659,22,Male,51,3,0,23,Premium,Annual,903,1,0
1660,64,Male,55,5,2,10,Basic,Annual,230,17,0
1661,23,Male,55,18,10,22,Premium,Monthly,287,18,1
1662,48,Female,12,7,5,24,Premium,Quarterly,238,5,1
1663,57,Female,58,30,2,11,Standard,Monthly,783,7,0
1664,29,Male,47,25,9,1,Standard,Annual,559,7,0
1665,27,Male,14,13,0,30,Standard,Annual,793,27,0
1666,39,Male,24,28,2,5,Premium,Monthly,213,24,0
1667,62,Female,50,14,9,29,Premium,Annual,668,3,1
1668,41,Female,16,14,4,4,Standard,Monthly,814,28,0
1669,32,Female,35,29,2,19,Premium,Monthly,328,6,0
1670,30,Male,6,22,8,27,Premium,Annual,195,4,0
1671,19,Male,1,9,6,29,Premium,Quarterly,118,17,0
1672,36,Male,7,12,9,27,Standard,Monthly,303,24,0
1673,49,Female,33,19,3,10,Premium,Quarterly,979,3,0
1674,27,Female,5,19,9,15,Basic,Annual,544,11,0
1675,43,Female,40,21,10,5,Standard,Quarterly,386,27,0
1676,44,Female,42,19,0,16,Premium,Quarterly,924,12,0
1677,43,Male,12,4,7,16,Standard,Annual,308,25,0
1678,27,Female,33,26,3,11,Premium,Annual,271,17,0
1679,33,Female,1,14,0,30,Standard,Monthly,194,15,1
1680,40,Male,53,1,0,15,Basic,Annual,432,2,0
1681,64,Male,54,8,2,15,Standard,Quarterly,933,2,0
1682,52,Female,36,2,9,1,Premium,Annual,108,28,1
1683,65,Female,40,17,5,15,Premium,Monthly,130,25,0
1684,29,Male,37,11,3,18,Basic,Monthly,993,28,0
1685,25,Female,21,18,0,14,Standard,Monthly,257,30,0
1686,53,Male,5,24,2,11,Standard,Annual,792,1,0
1687,33,Female,24,1,7,4,Standard,Quarterly,306,12,0
1688,31,Male,35,23,1,2,Standard,Quarterly,329,11,0
1689,61,Female,50,6,2,3,Premium,Quarterly,787,16,0
1690,65,Male,52,11,6,10,Premium,Monthly,887,1,0
1691,65,Female,54,13,8,28,Basic,Monthly,760,30,1
1692,22,Female,17,8,1,4,Standard,Annual,658,16,0
1693,33,Male,34,28,9,19,Standard,Annual,930,19,1
1694,23,Female,18,18,6,11,Premium,Quarterly,317,10,0
1695,47,Female,17,29,5,21,Basic,Quarterly,207,5,1
1696,36,Female,9,6,5,26,Standard,Quarterly,893,11,0
1697,54,Male,49,14,10,23,Standard,Quarterly,935,17,1
1698,47,Female,46,25,0,12,Premium,Quarterly,283,23,0
1699,46,Male,56,13,1,22,Standard,Monthly,686,30,0
1700,48,Female,3,17,8,6,Premium,Annual,805,19,0
1701,32,Female,55,5,2,0,Premium,Monthly,115,2,0
1702,46,Female,18,12,2,5,Standard,Quarterly,929,20,0
1703,57,Female,19,11,9,7,Premium,Quarterly,339,12,0
1704,20,Male,23,17,1,12,Basic,Monthly,436,3,0
1705,60,Male,26,8,5,2,Premium,Quarterly,854,28,0
1706,48,Female,5,28,0,29,Basic,Monthly,215,14,1
1707,18,Female,20,26,6,7,Premium,Monthly,117,15,0
1708,49,Female,16,2,2,15,Premium,Quarterly,667,6,0
1709,41,Male,48,9,7,28,Standard,Monthly,926,12,1
1710,51,Female,56,18,10,25,Basic,Annual,663,20,1
1711,56,Female,4,26,8,13,Basic,Annual,178,16,0
1712,59,Female,26,3,6,27,Standard,Annual,121,27,1
1713,43,Male,14,28,1,19,Premium,Annual,823,18,0
1714,48,Male,58,12,3,29,Standard,Annual,141,4,0
1715,56,Male,18,16,6,24,Premium,Annual,817,1,0
1716,61,Male,25,9,10,29,Standard,Monthly,615,12,1
1717,37,Male,59,5,5,18,Basic,Annual,876,30,1
1718,52,Female,59,27,7,25,Standard,Quarterly,801,5,1
1719,64,Male,2,23,9,18,Premium,Quarterly,965,19,0
1720,43,Male,7,26,5,30,Standard,Annual,942,12,0
1721,44,Female,46,26,9,30,Premium,Annual,721,3,1
1722,54,Male,20,18,10,26,Standard,Monthly,260,18,0
1723,31,Male,20,17,6,1,Standard,Monthly,596,7,0
1724,38,Female,6,27,2,16,Standard,Quarterly,285,11,0
1725,31,Male,14,27,6,2,Standard,Monthly,120,27,0
1726,65,Female,17,6,10,30,Standard,Monthly,451,10,1
1727,62,Male,29,25,0,7,Premium,Annual,565,20,0
1728,20,Male,55,17,9,8,Standard,Quarterly,341,13,0
1729,55,Male,52,7,3,13,Basic,Monthly,943,11,0
1730,31,Female,3,22,8,28,Basic,Monthly,845,27,1
1731,52,Male,7,11,7,11,Basic,Quarterly,512,3,0
1732,40,Female,15,14,4,10,Basic,Annual,804,29,0
1733,60,Female,15,25,7,24,Premium,Monthly,782,1,1
1734,45,Male,3,13,5,28,Basic,Monthly,689,21,0
1735,65,Female,47,25,8,14,Basic,Quarterly,935,13,0
1736,18,Male,56,25,2,25,Basic,Quarterly,142,25,0
1737,60,Female,34,30,0,13,Basic,Annual,720,28,0
1738,39,Male,7,1,0,27,Basic,Monthly,734,14,0
1739,30,Female,58,23,3,20,Basic,Quarterly,103,15,0
1740,62,Male,1,6,2,18,Premium,Annual,324,29,0
1741,52,Male,17,7,2,7,Premium,Annual,501,23,0
1742,59,Female,59,9,0,12,Standard,Annual,255,17,0
1743,21,Male,51,26,10,22,Premium,Quarterly,868,17,1
1744,46,Female,37,10,1,6,Premium,Monthly,876,23,0
1745,59,Female,13,11,4,1,Standard,Monthly,489,25,0
1746,27,Female,38,25,3,17,Standard,Annual,731,28,0
1747,64,Female,32,10,7,21,Standard,Quarterly,338,15,1
1748,60,Female,4,16,7,19,Premium,Monthly,390,15,0
1749,50,Male,17,25,2,6,Standard,Quarterly,849,22,0
1750,44,Female,51,25,6,17,Standard,Quarterly,849,13,1
1751,50,Female,32,17,3,25,Premium,Monthly,727,21,1
1752,53,Male,44,17,0,1,Premium,Monthly,698,28,0
1753,60,Male,51,12,3,21,Premium,Quarterly,678,3,0
1754,52,Female,21,24,6,15,Premium,Annual,869,12,0
1755,58,Male,58,20,0,20,Standard,Annual,518,12,0
1756,44,Female,30,13,10,11,Premium,Quarterly,568,1,0
1757,58,Female,31,15,0,5,Premium,Quarterly,981,18,0
1758,49,Male,22,1,10,19,Premium,Quarterly,764,30,0
1759,24,Male,22,13,0,16,Premium,Quarterly,850,21,0
1760,37,Female,43,14,1,14,Premium,Monthly,998,22,0
1761,59,Male,2,24,10,11,Premium,Annual,130,5,0
1762,29,Female,25,7,2,3,Premium,Monthly,850,1,0
1763,25,Male,59,23,10,12,Basic,Quarterly,509,3,0
1764,44,Male,16,2,4,30,Basic,Annual,115,27,1
1765,58,Male,54,22,10,14,Standard,Annual,660,17,0
1766,27,Female,27,8,1,5,Premium,Annual,918,22,0
1767,51,Male,39,12,2,14,Premium,Quarterly,378,12,0
1768,35,Male,3,16,4,28,Standard,Monthly,440,29,0
1769,30,Female,30,19,6,16,Premium,Annual,937,24,1
1770,36,Female,18,25,4,5,Basic,Quarterly,935,12,0
1771,27,Male,2,18,8,2,Basic,Monthly,738,4,0
1772,38,Male,33,29,6,0,Standard,Monthly,741,17,0
1773,27,Female,56,16,2,8,Standard,Monthly,822,20,0
1774,62,Female,39,8,7,18,Standard,Monthly,693,18,1
1775,49,Male,35,26,8,23,Standard,Annual,248,28,1
1776,38,Male,34,17,8,29,Basic,Annual,124,14,1
1777,61,Female,20,5,7,3,Standard,Annual,932,13,1
1778,61,Female,48,2,8,15,Basic,Monthly,846,19,1
1779,41,Female,28,9,3,7,Premium,Quarterly,574,20,0
1780,18,Male,34,18,0,11,Basic,Quarterly,964,10,0
1781,62,Female,50,6,0,1,Premium,Monthly,640,19,0
1782,19,Female,26,29,6,0,Basic,Monthly,149,9,0
1783,21,Male,39,20,2,15,Standard,Quarterly,449,23,0
1784,59,Male,13,22,3,5,Basic,Quarterly,357,9,0
1785,29,Male,12,14,0,8,Basic,Annual,389,30,0
1786,30,Female,54,22,4,25,Premium,Quarterly,551,24,0
1787,47,Male,57,10,7,10,Premium,Annual,103,11,0
1788,21,Female,40,1,10,19,Standard,Annual,978,10,1
1789,26,Male,54,21,8,8,Standard,Quarterly,625,6,0
1790,47,Male,3,1,8,30,Premium,Annual,755,25,1
1791,42,Male,27,30,3,10,Standard,Annual,451,30,0
1792,35,Male,16,2,6,4,Premium,Monthly,186,2,0
1793,61,Male,28,1,0,17,Premium,Annual,679,16,0
1794,53,Male,38,24,0,8,Premium,Quarterly,821,18,0
1795,43,Female,22,8,1,23,Basic,Monthly,190,23,1
1796,36,Female,2,22,10,24,Basic,Monthly,671,26,1
1797,30,Female,47,16,8,11,Basic,Quarterly,604,2,0
1798,46,Female,50,21,3,23,Standard,Quarterly,774,10,0
1799,42,Female,7,2,3,28,Standard,Annual,716,27,1
1800,49,Male,8,26,6,19,Premium,Annual,805,28,0
1801,44,Male,47,19,7,2,Standard,Annual,630,25,0
1802,52,Male,48,8,0,5,Standard,Quarterly,681,3,0
1803,35,Female,29,18,5,21,Premium,Annual,467,22,1
1804,40,Female,26,18,9,15,Standard,Annual,250,6,0
1805,33,Male,24,21,10,24,Premium,Monthly,120,5,1
1806,26,Male,53,30,7,20,Standard,Monthly,746,11,1
1807,41,Female,15,10,9,25,Standard,Annual,470,10,1
1808,23,Male,27,1,4,4,Basic,Annual,162,18,1
1809,38,Female,34,25,2,25,Standard,Monthly,652,9,1
1810,54,Female,7,7,3,7,Basic,Quarterly,728,13,0
1811,57,Male,27,17,7,30,Premium,Quarterly,108,19,1
1812,21,Female,32,3,4,11,Basic,Monthly,449,17,0
1813,61,Male,42,2,7,4,Premium,Annual,520,6,1
1814,22,Female,9,24,1,21,Premium,Quarterly,590,13,0
1815,48,Male,20,4,4,9,Premium,Annual,884,30,0
1816,53,Male,59,10,9,22,Premium,Quarterly,207,25,1
1817,41,Male,39,9,4,26,Standard,Quarterly,233,22,0
1818,42,Male,9,28,10,5,Basic,Annual,544,15,0
1819,54,Male,9,16,4,16,Basic,Annual,929,9,0
1820,45,Male,12,19,2,19,Basic,Quarterly,739,23,0
1821,18,Male,12,2,7,22,Standard,Monthly,862,2,0
1822,22,Male,40,3,10,9,Standard,Monthly,378,14,0
1823,42,Female,12,14,1,19,Basic,Monthly,597,10,0
1824,35,Male,58,22,8,19,Standard,Monthly,316,13,1
1825,36,Male,7,5,5,28,Premium,Annual,919,4,0
1826,38,Male,17,30,2,29,Premium,Monthly,238,24,0
1827,23,Female,2,4,1,27,Basic,Quarterly,419,12,1
1828,57,Female,55,24,5,29,Premium,Monthly,189,15,1
1829,56,Male,6,27,0,30,Basic,Quarterly,580,6,0
1830,39,Female,15,4,0,3,Premium,Annual,230,9,0
1831,56,Female,12,26,8,5,Standard,Annual,753,11,0
1832,22,Male,57,23,6,23,Premium,Quarterly,252,1,1
1833,47,Female,18,3,0,2,Basic,Annual,784,20,0
1834,51,Female,49,11,7,13,Basic,Annual,884,28,0
1835,45,Male,59,27,9,29,Basic,Annual,513,8,1
1836,44,Female,25,13,5,26,Standard,Annual,207,30,1
1837,64,Male,36,10,4,22,Basic,Monthly,442,17,0
1838,32,Female,6,11,0,13,Basic,Monthly,958,2,0
1839,18,Male,49,7,7,25,Basic,Annual,172,12,1
1840,62,Female,35,21,0,24,Standard,Annual,971,19,0
1841,42,Male,32,3,1,4,Standard,Quarterly,996,3,0
1842,33,Male,18,27,10,30,Basic,Monthly,971,18,0
1843,43,Male,20,20,4,9,Premium,Monthly,241,4,0
1844,47,Female,8,1,4,5,Premium,Monthly,210,23,0
1845,56,Male,15,25,0,4,Standard,Monthly,832,18,0
1846,19,Male,31,29,8,8,Basic,Monthly,187,24,0
1847,55,Male,12,7,9,14,Basic,Monthly,101,16,0
1848,50,Female,50,24,2,13,Basic,Quarterly,420,13,0
1849,35,Female,32,6,8,11,Standard,Annual,581,27,0
1850,40,Male,56,6,5,27,Standard,Quarterly,517,16,1
1851,31,Female,13,21,4,3,Standard,Quarterly,952,24,0
1852,60,Female,29,14,3,25,Basic,Annual,796,16,0
1853,47,Male,9,14,9,28,Premium,Annual,794,6,0
1854,36,Male,11,20,8,2,Standard,Quarterly,533,25,0
1855,22,Female,29,24,9,19,Basic,Annual,826,18,1
1856,39,Male,55,13,7,11,Standard,Monthly,419,17,0
1857,60,Female,26,15,5,14,Standard,Quarterly,554,3,0
1858,61,Male,40,10,2,17,Basic,Monthly,225,24,0
1859,21,Female,19,20,8,24,Basic,Monthly,494,9,1
1860,65,Female,10,26,2,20,Premium,Monthly,758,5,0
1861,41,Male,56,20,7,16,Basic,Quarterly,420,21,1
1862,58,Female,5,20,9,24,Basic,Monthly,879,20,1
1863,36,Female,14,24,3,7,Premium,Annual,995,28,0
1864,59,Male,41,19,4,14,Standard,Annual,277,30,0
1865,46,Female,27,1,3,8,Standard,Annual,913,27,0
1866,27,Female,3,28,4,21,Standard,Quarterly,1000,11,0
1867,18,Male,29,10,4,4,Premium,Quarterly,506,17,0
1868,34,Male,27,2,7,17,Basic,Monthly,660,10,1
1869,60,Female,49,27,0,28,Basic,Quarterly,288,28,1
1870,37,Male,48,2,7,25,Standard,Monthly,703,24,1
1871,51,Female,59,16,9,11,Standard,Annual,621,1,0
1872,65,Male,57,11,5,5,Basic,Monthly,971,9,0
1873,50,Male,28,24,6,22,Standard,Monthly,487,14,1
1874,35,Female,39,16,10,25,Standard,Quarterly,105,27,1
1875,31,Female,50,12,6,4,Basic,Monthly,591,30,0
1876,56,Male,26,13,4,8,Basic,Quarterly,334,26,0
1877,65,Female,24,12,5,5,Premium,Quarterly,136,19,0
1878,42,Female,26,21,0,1,Premium,Monthly,470,19,0
1879,39,Female,2,6,9,0,Premium,Monthly,481,13,0
1880,44,Female,51,18,2,4,Premium,Quarterly,804,27,0
1881,52,Female,52,17,10,19,Basic,Annual,653,5,1
1882,28,Female,38,21,3,18,Basic,Annual,909,17,0
1883,22,Male,55,20,10,27,Basic,Quarterly,143,15,1
1884,37,Female,18,23,0,11,Premium,Annual,855,1,0
1885,42,Female,2,20,9,22,Standard,Monthly,990,5,1
1886,37,Female,16,2,9,21,Standard,Monthly,411,26,1
1887,49,Male,48,27,0,10,Premium,Monthly,768,21,0
1888,43,Female,28,7,10,18,Standard,Annual,126,17,1
1889,51,Female,58,7,4,22,Premium,Quarterly,528,29,0
1890,61,Female,41,23,0,15,Standard,Annual,811,9,0
1891,53,Male,30,21,4,13,Standard,Monthly,183,7,0
1892,62,Female,38,27,9,7,Premium,Annual,920,30,0
1893,63,Female,54,11,10,10,Premium,Quarterly,625,26,0
1894,33,Female,49,24,7,1,Standard,Monthly,704,13,0
1895,33,Male,53,27,3,27,Standard,Annual,805,26,0
1896,23,Female,44,24,9,28,Premium,Monthly,174,14,1
1897,22,Male,27,8,9,15,Basic,Monthly,166,21,0
1898,52,Female,57,11,0,25,Standard,Monthly,865,21,1
1899,40,Female,49,3,4,0,Basic,Quarterly,825,17,0
1900,25,Female,58,21,7,15,Basic,Quarterly,387,29,0
1901,63,Female,55,15,6,20,Basic,Annual,130,9,1
1902,47,Male,60,16,5,14,Premium,Quarterly,894,6,0
1903,62,Female,28,30,2,12,Standard,Quarterly,761,30,0
1904,21,Male,46,7,5,17,Standard,Quarterly,470,29,1
1905,35,Female,38,20,9,1,Basic,Annual,708,23,0
1906,61,Male,53,1,3,2,Premium,Quarterly,467,9,0
1907,45,Male,25,16,5,20,Standard,Annual,787,13,1
1908,20,Female,31,22,6,8,Premium,Annual,874,28,0
1909,25,Male,37,30,4,15,Standard,Quarterly,159,20,0
1910,25,Female,40,27,3,11,Premium,Quarterly,629,26,0
1911,34,Male,46,7,6,5,Basic,Quarterly,447,24,0
1912,21,Female,2,7,8,26,Standard,Annual,860,13,0
1913,55,Male,49,1,7,25,Standard,Quarterly,413,24,1
1914,25,Male,50,3,1,4,Premium,Annual,987,12,0
1915,53,Male,7,17,8,20,Premium,Annual,998,13,0
1916,34,Female,17,27,4,3,Premium,Quarterly,199,13,0
1917,63,Male,44,21,10,23,Standard,Annual,230,12,1
1918,19,Male,37,27,1,13,Basic,Annual,631,3,0
1919,43,Male,31,13,1,6,Premium,Monthly,845,21,0
1920,26,Female,24,30,8,2,Premium,Annual,389,19,0
1921,43,Male,21,22,5,8,Premium,Annual,596,10,0
1922,61,Male,50,3,4,6,Premium,Quarterly,476,27,1
1923,63,Male,25,29,6,16,Premium,Annual,950,28,1
1924,19,Female,40,16,3,29,Premium,Monthly,970,23,1
1925,64,Male,21,11,1,15,Premium,Quarterly,659,20,0
1926,29,Male,23,27,0,23,Standard,Annual,345,7,0
1927,58,Female,10,11,2,19,Premium,Annual,996,22,0
1928,18,Female,59,12,8,16,Standard,Quarterly,290,16,1
1929,42,Female,14,14,1,19,Standard,Quarterly,982,1,0
1930,51,Male,10,16,1,12,Standard,Quarterly,816,21,0
1931,47,Male,26,17,9,28,Basic,Quarterly,612,17,1
1932,59,Female,24,27,2,2,Premium,Quarterly,308,3,0
1933,65,Female,10,18,4,24,Basic,Annual,753,2,0
1934,58,Male,7,5,5,9,Basic,Monthly,287,16,1
1935,28,Female,6,10,0,18,Basic,Quarterly,454,9,0
1936,36,Female,1,17,10,10,Standard,Quarterly,535,3,0
1937,25,Male,34,23,2,22,Premium,Quarterly,284,15,0
1938,49,Male,54,25,5,26,Standard,Annual,819,14,1
1939,18,Male,23,27,10,0,Standard,Monthly,310,14,0
1940,61,Female,11,1,4,4,Basic,Quarterly,746,17,1
1941,55,Female,17,19,9,26,Premium,Quarterly,558,9,0
1942,20,Male,11,5,0,4,Basic,Quarterly,743,11,0
1943,61,Male,12,10,7,28,Basic,Quarterly,487,22,0
1944,57,Male,37,5,2,13,Standard,Annual,912,10,0
1945,36,Female,19,29,4,12,Premium,Monthly,475,21,0
1946,63,Male,47,13,0,3,Premium,Monthly,847,4,0
1947,18,Male,44,7,7,24,Standard,Annual,966,3,1
1948,43,Female,31,14,3,24,Premium,Quarterly,949,14,0
1949,40,Male,56,16,9,23,Premium,Quarterly,658,5,1
1950,47,Male,29,21,1,16,Basic,Quarterly,664,10,0
1951,55,Male,28,22,3,30,Standard,Annual,814,18,0
1952,44,Female,46,18,3,12,Premium,Monthly,682,30,0
1953,50,Male,34,10,1,16,Basic,Monthly,586,28,0
1954,20,Female,11,11,3,25,Standard,Annual,351,22,1
1955,49,Female,42,23,7,19,Standard,Monthly,261,10,1
1956,49,Female,44,21,9,6,Premium,Annual,561,27,0
1957,35,Female,40,8,3,11,Basic,Quarterly,937,26,0
1958,39,Female,32,24,5,20,Standard,Quarterly,136,6,1
1959,25,Male,47,12,1,4,Premium,Annual,903,20,0
1960,40,Female,9,5,3,12,Premium,Annual,477,12,0
1961,36,Female,29,30,2,7,Standard,Monthly,686,13,0
1962,41,Male,35,6,2,18,Standard,Quarterly,404,18,0
1963,21,Male,47,5,6,8,Basic,Monthly,190,3,0
1964,45,Female,30,17,8,1,Standard,Quarterly,348,7,0
1965,64,Female,23,22,5,18,Standard,Annual,716,11,0
1966,62,Female,45,13,0,1,Basic,Quarterly,235,4,0
1967,43,Female,11,10,5,5,Standard,Monthly,688,20,0
1968,64,Male,42,16,10,14,Basic,Monthly,815,15,0
1969,56,Female,21,25,7,13,Premium,Quarterly,559,7,0
1970,40,Male,53,16,8,8,Standard,Quarterly,976,18,0
1971,61,Female,37,7,8,13,Basic,Monthly,516,25,0
1972,43,Male,5,7,8,16,Basic,Quarterly,791,6,0
1973,39,Male,37,28,2,2,Standard,Quarterly,135,28,0
1974,29,Female,59,11,0,20,Basic,Quarterly,891,22,0
1975,55,Female,32,8,0,18,Premium,Quarterly,785,5,0
1976,41,Female,16,22,0,15,Premium,Quarterly,168,17,0
1977,34,Female,59,3,2,5,Standard,Quarterly,890,25,0
1978,58,Female,7,13,10,9,Basic,Annual,148,12,0
1979,26,Female,29,5,8,16,Basic,Annual,463,22,1
1980,49,Male,56,11,7,3,Basic,Annual,605,8,0
1981,21,Female,45,18,0,9,Standard,Monthly,251,29,0
1982,60,Male,13,23,8,4,Premium,Monthly,215,23,0
1983,62,Female,25,2,5,7,Premium,Quarterly,216,29,1
1984,36,Female,7,7,5,28,Premium,Monthly,579,13,1
1985,62,Male,29,21,0,16,Standard,Quarterly,216,13,0
1986,41,Male,50,11,6,6,Standard,Quarterly,623,27,0
1987,59,Female,2,12,3,30,Premium,Quarterly,233,7,1
1988,55,Female,6,27,6,2,Standard,Annual,627,28,0
1989,18,Female,8,23,2,26,Standard,Quarterly,273,23,1
1990,41,Male,1,17,1,29,Standard,Quarterly,937,24,0
1991,47,Male,54,6,9,23,Premium,Monthly,435,9,1
1992,52,Female,17,9,3,27,Basic,Annual,725,5,0
1993,31,Male,45,8,7,2,Basic,Monthly,187,2,0
1994,50,Female,8,2,10,0,Standard,Quarterly,429,12,0
1995,60,Male,37,17,4,3,Basic,Quarterly,352,19,0
1996,62,Female,45,8,0,15,Basic,Quarterly,599,3,0
1997,63,Female,5,30,1,6,Standard,Quarterly,492,2,0
1998,27,Male,14,16,3,23,Basic,Quarterly,297,16,0
1999,20,Female,20,10,2,13,Premium,Monthly,843,5,0
2000,55,Male,43,29,2,21,Standard,Monthly,750,2,0
2001,27,Male,33,11,10,3,Premium,Quarterly,686,29,0
2002,55,Female,55,13,3,4,Standard,Quarterly,891,24,0
2003,24,Male,5,5,4,12,Basic,Monthly,608,9,0
2004,20,Female,12,19,9,16,Premium,Annual,914,25,0
2005,49,Male,26,8,2,13,Standard,Quarterly,352,10,0
2006,43,Male,30,1,0,28,Premium,Annual,617,11,0
2007,58,Female,17,30,6,27,Basic,Monthly,595,18,1
2008,48,Male,20,19,4,12,Standard,Annual,977,19,0
2009,41,Male,30,7,1,6,Basic,Quarterly,300,22,0
2010,37,Female,3,5,1,22,Basic,Monthly,321,18,1
2011,40,Female,25,23,8,27,Basic,Annual,474,12,1
2012,26,Male,28,30,6,22,Premium,Quarterly,663,23,1
2013,20,Female,38,19,10,16,Premium,Annual,260,24,1
2014,26,Female,46,11,10,12,Standard,Monthly,184,25,0
2015,46,Male,37,21,9,19,Standard,Quarterly,892,18,1
2016,38,Male,29,16,2,29,Basic,Quarterly,454,25,0
2017,33,Female,28,13,4,14,Basic,Quarterly,255,1,0
2018,44,Male,23,21,8,3,Basic,Monthly,808,3,0
2019,40,Male,52,18,4,16,Premium,Annual,102,19,0
2020,46,Female,21,21,4,5,Standard,Annual,999,17,0
2021,28,Female,41,1,0,23,Premium,Annual,486,15,1
2022,56,Female,32,29,3,22,Standard,Annual,944,18,0
2023,45,Male,10,5,0,8,Basic,Annual,853,9,0
2024,36,Female,6,5,10,27,Basic,Quarterly,131,4,1
2025,36,Female,52,24,0,10,Standard,Annual,707,9,0
2026,58,Male,45,21,3,27,Standard,Quarterly,757,2,0
2027,38,Female,6,19,6,24,Standard,Monthly,159,10,1
2028,63,Male,22,17,8,12,Premium,Monthly,484,22,0
2029,30,Male,10,22,6,0,Standard,Annual,869,3,0
2030,61,Female,24,11,2,2,Premium,Monthly,609,9,0
2031,31,Female,11,16,1,23,Basic,Monthly,628,19,1
2032,46,Male,12,16,1,28,Premium,Annual,437,28,0
2033,29,Male,44,27,0,21,Basic,Monthly,258,10,0
2034,53,Female,43,14,8,21,Standard,Monthly,886,21,1
2035,38,Male,19,8,0,3,Premium,Monthly,953,9,0
2036,65,Male,51,3,9,13,Basic,Quarterly,669,16,1
2037,39,Male,29,10,6,20,Premium,Quarterly,732,9,1
2038,33,Male,38,23,8,11,Standard,Annual,615,21,0
2039,60,Male,19,1,5,10,Premium,Annual,409,14,1
2040,47,Male,56,25,0,22,Premium,Quarterly,632,22,0
2041,50,Male,46,28,8,7,Basic,Annual,131,24,0
2042,54,Male,24,1,6,30,Premium,Monthly,430,27,1
2043,34,Female,25,1,10,26,Basic,Annual,879,20,1
2044,24,Female,10,6,3,0,Premium,Quarterly,517,27,0
2045,25,Male,50,5,8,4,Standard,Monthly,351,25,0
2046,23,Male,9,10,7,20,Premium,Quarterly,744,19,0
2047,18,Male,23,23,4,19,Basic,Quarterly,675,17,0
2048,28,Male,11,21,0,21,Standard,Annual,404,13,0
2049,21,Male,30,15,8,17,Standard,Annual,880,21,1
2050,59,Female,29,23,3,14,Premium,Quarterly,171,11,0
2051,30,Male,22,29,6,13,Premium,Annual,919,14,0
2052,63,Female,44,4,10,8,Basic,Monthly,139,4,1
2053,23,Female,40,29,5,14,Basic,Annual,138,29,0
2054,28,Male,18,19,6,26,Premium,Quarterly,979,7,0
2055,36,Male,60,25,5,8,Basic,Quarterly,143,19,0
2056,47,Male,13,3,1,8,Standard,Quarterly,649,19,0
2057,35,Female,43,7,0,28,Standard,Monthly,852,19,1
2058,46,Female,37,29,0,7,Premium,Monthly,305,26,0
2059,60,Male,37,25,1,14,Basic,Monthly,424,12,0
2060,42,Female,20,26,7,9,Premium,Monthly,940,12,0
2061,57,Female,2,26,10,27,Basic,Monthly,973,6,1
2062,48,Female,44,25,0,22,Standard,Monthly,223,1,1
2063,24,Female,58,16,8,7,Premium,Annual,162,14,0
2064,60,Female,9,9,10,5,Standard,Annual,643,27,0
2065,18,Female,25,11,10,21,Standard,Monthly,190,20,1
2066,20,Male,4,27,3,30,Basic,Annual,448,24,0
2067,33,Female,26,10,0,1,Basic,Quarterly,865,7,0
2068,51,Female,21,6,2,9,Standard,Quarterly,524,21,0
2069,45,Female,16,24,0,20,Basic,Monthly,761,26,0
2070,54,Male,43,10,7,15,Premium,Monthly,905,2,0
2071,43,Male,57,24,7,22,Basic,Annual,955,3,1
2072,19,Female,9,16,0,1,Basic,Monthly,836,16,0
2073,44,Female,21,17,9,3,Standard,Annual,451,5,0
2074,54,Female,37,28,4,1,Premium,Annual,567,29,0
2075,27,Male,11,24,2,15,Basic,Annual,399,4,0
2076,48,Male,9,26,8,17,Standard,Quarterly,517,19,0
2077,60,Male,27,24,1,19,Premium,Quarterly,876,10,0
2078,44,Female,30,16,0,9,Basic,Annual,910,10,0
2079,44,Female,4,11,9,23,Standard,Monthly,574,25,1
2080,32,Male,12,30,1,14,Basic,Quarterly,942,18,0
2081,49,Female,45,8,1,11,Standard,Monthly,647,25,0
2082,43,Female,58,12,4,30,Premium,Quarterly,936,1,0
2083,64,Female,46,13,5,26,Basic,Monthly,945,4,1
2084,64,Female,40,21,3,24,Basic,Monthly,294,10,1
2085,63,Female,55,30,9,29,Premium,Quarterly,710,18,1
2086,59,Male,26,29,4,2,Basic,Annual,250,26,0
2087,38,Male,1,7,3,26,Basic,Quarterly,492,28,0
2088,65,Male,27,15,1,27,Standard,Monthly,806,4,0
2089,30,Female,20,29,3,10,Premium,Annual,431,7,0
2090,62,Female,60,27,8,29,Basic,Quarterly,255,28,1
2091,62,Male,40,8,1,20,Standard,Quarterly,697,13,0
2092,37,Female,18,17,10,3,Standard,Quarterly,611,4,0
2093,37,Male,57,22,5,0,Basic,Monthly,423,19,0
2094,45,Female,35,23,6,16,Standard,Quarterly,638,11,1
2095,35,Female,16,30,9,28,Basic,Monthly,207,23,1
2096,48,Male,21,30,10,12,Basic,Monthly,861,30,0
2097,27,Male,51,7,5,21,Basic,Quarterly,652,16,1
2098,55,Male,36,21,5,18,Premium,Annual,773,13,1
2099,53,Male,39,20,5,11,Premium,Annual,672,25,0
2100,46,Male,26,24,2,21,Standard,Quarterly,288,29,0
2101,40,Female,18,12,2,13,Basic,Quarterly,140,5,0
2102,59,Female,33,4,2,2,Basic,Annual,373,4,0
2103,19,Male,12,15,4,21,Standard,Quarterly,827,6,0
2104,45,Male,45,15,2,2,Standard,Monthly,938,15,0
2105,57,Female,57,9,5,15,Basic,Monthly,680,24,0
2106,45,Female,16,13,8,19,Basic,Quarterly,207,20,0
2107,54,Female,48,11,1,26,Standard,Annual,915,29,0
2108,53,Female,49,1,0,14,Standard,Quarterly,281,6,0
2109,54,Male,13,27,2,10,Standard,Quarterly,767,18,0
2110,53,Female,41,24,6,26,Basic,Quarterly,195,3,1
2111,52,Male,2,15,10,4,Standard,Monthly,323,28,0
2112,26,Female,55,24,6,18,Basic,Monthly,832,2,1
2113,52,Female,24,6,9,25,Basic,Annual,939,2,1
2114,54,Male,35,11,5,17,Standard,Quarterly,932,16,1
2115,48,Female,57,30,1,12,Standard,Monthly,278,4,0
2116,63,Female,22,21,10,11,Premium,Annual,736,24,0
2117,26,Female,13,25,5,25,Standard,Monthly,195,17,1
2118,64,Female,53,12,10,26,Basic,Monthly,906,24,1
2119,54,Male,48,22,2,4,Basic,Annual,319,3,0
2120,43,Female,37,28,4,26,Premium,Annual,492,15,1
2121,44,Male,15,20,7,4,Basic,Monthly,780,17,0
2122,31,Male,3,6,4,26,Basic,Monthly,767,18,0
2123,47,Male,54,11,3,22,Standard,Annual,298,3,0
2124,25,Male,19,21,7,25,Basic,Monthly,918,1,0
2125,53,Female,37,30,4,15,Basic,Monthly,951,13,0
2126,30,Male,28,22,10,18,Premium,Annual,678,8,1
2127,51,Male,44,26,4,18,Basic,Monthly,122,5,0
2128,50,Female,5,15,6,25,Basic,Monthly,161,6,1
2129,48,Female,4,16,3,11,Basic,Annual,135,22,0
2130,30,Male,58,5,8,2,Premium,Annual,328,19,0
2131,23,Male,19,1,1,7,Basic,Quarterly,166,8,0
2132,42,Male,27,12,4,10,Standard,Quarterly,509,28,0
2133,43,Female,7,7,0,18,Premium,Monthly,609,14,0
2134,35,Female,13,15,9,26,Premium,Quarterly,587,19,0
2135,30,Male,52,12,5,16,Premium,Quarterly,670,24,1
2136,55,Female,52,16,0,3,Premium,Monthly,500,16,0
2137,50,Male,8,19,5,28,Standard,Quarterly,101,3,0
2138,45,Male,26,25,9,30,Premium,Quarterly,238,2,1
2139,51,Male,28,8,8,10,Standard,Annual,114,10,0
2140,62,Female,36,21,4,16,Basic,Annual,236,6,0
2141,29,Male,1,16,4,10,Basic,Quarterly,600,13,0
2142,62,Female,14,26,2,6,Premium,Monthly,599,1,0
2143,59,Female,6,4,1,1,Basic,Quarterly,861,25,0
2144,36,Female,6,7,4,6,Premium,Quarterly,755,6,0
2145,51,Male,25,17,9,9,Premium,Monthly,738,17,0
2146,58,Female,47,21,6,15,Basic,Quarterly,280,10,0
2147,34,Female,22,10,10,17,Premium,Annual,700,18,0
2148,26,Male,18,24,10,0,Basic,Annual,671,15,0
2149,64,Female,60,7,6,12,Premium,Annual,235,7,0
2150,36,Female,53,13,8,27,Premium,Monthly,615,26,1
2151,21,Female,26,25,8,7,Standard,Quarterly,377,26,0
2152,32,Female,39,20,7,23,Basic,Monthly,228,26,1
2153,35,Female,17,16,2,2,Standard,Quarterly,989,21,0
2154,45,Female,8,5,7,26,Basic,Annual,585,17,0
2155,60,Female,15,5,5,22,Basic,Annual,724,19,1
2156,31,Female,41,9,0,7,Premium,Quarterly,546,4,0
2157,57,Male,53,23,1,3,Basic,Quarterly,959,6,0
2158,39,Male,31,16,9,8,Basic,Quarterly,890,19,0
2159,55,Female,35,13,3,6,Premium,Monthly,276,30,0
2160,23,Male,9,18,6,26,Basic,Monthly,363,1,0
2161,45,Male,36,22,0,14,Premium,Annual,694,14,0
2162,18,Female,6,4,5,18,Premium,Monthly,136,6,0
2163,27,Male,52,29,9,7,Basic,Quarterly,267,28,0
2164,50,Male,36,13,0,20,Basic,Quarterly,445,13,0
2165,57,Female,17,2,7,21,Standard,Annual,446,18,1
2166,45,Female,44,2,1,12,Premium,Monthly,301,26,0
2167,53,Male,25,21,8,10,Premium,Monthly,307,15,0
2168,62,Female,20,12,0,15,Premium,Quarterly,118,26,0
2169,18,Male,12,12,2,26,Basic,Quarterly,869,12,0
2170,52,Female,46,25,7,4,Basic,Annual,628,29,0
2171,26,Male,20,17,4,29,Premium,Quarterly,248,14,0
2172,25,Female,53,3,6,28,Basic,Monthly,609,25,1
2173,58,Female,60,15,2,26,Basic,Annual,831,16,0
2174,51,Female,34,15,8,13,Premium,Annual,264,12,0
2175,65,Female,2,19,9,22,Standard,Monthly,142,4,1
2176,36,Female,32,12,4,7,Basic,Quarterly,329,23,0
2177,30,Male,59,15,9,11,Standard,Annual,597,17,0
2178,58,Male,1,24,5,28,Premium,Annual,540,23,0
2179,29,Female,31,1,6,27,Basic,Annual,424,28,1
2180,24,Male,31,11,1,12,Basic,Monthly,489,28,0
2181,49,Male,59,21,7,13,Premium,Annual,845,4,0
2182,37,Female,32,23,9,22,Basic,Monthly,208,9,1
2183,40,Female,8,28,6,1,Premium,Monthly,823,24,0
2184,21,Male,27,3,2,2,Basic,Monthly,984,20,0
2185,21,Female,11,11,6,11,Premium,Quarterly,141,27,0
2186,27,Male,36,19,10,7,Basic,Monthly,728,7,0
2187,34,Female,52,21,10,14,Premium,Quarterly,948,9,0
2188,49,Male,50,4,0,3,Premium,Monthly,230,16,0
2189,46,Female,17,21,6,22,Premium,Monthly,377,5,1
2190,25,Female,55,29,9,14,Basic,Quarterly,762,16,0
2191,42,Male,11,14,1,19,Basic,Annual,631,19,0
2192,59,Female,27,18,9,1,Basic,Quarterly,874,18,0
2193,54,Male,57,5,1,3,Basic,Monthly,237,3,0
2194,48,Male,33,28,1,25,Standard,Monthly,601,25,0
2195,39,Female,52,17,8,27,Premium,Annual,325,9,1
2196,27,Male,41,20,10,15,Basic,Monthly,734,3,0
2197,34,Male,46,1,5,2,Basic,Annual,769,29,0
2198,32,Female,7,27,8,19,Premium,Quarterly,506,21,0
2199,48,Male,6,4,5,25,Standard,Quarterly,604,9,0
2200,42,Female,34,10,4,30,Standard,Monthly,190,12,1
2201,54,Male,5,22,4,14,Premium,Quarterly,616,13,0
2202,56,Female,5,19,7,30,Premium,Monthly,467,20,1
2203,22,Male,45,11,5,23,Basic,Annual,988,6,1
2204,26,Male,2,9,0,28,Basic,Quarterly,425,29,0
2205,54,Male,38,14,8,19,Standard,Quarterly,391,7,1
2206,28,Female,41,22,7,16,Standard,Quarterly,774,4,1
2207,38,Female,17,6,7,1,Basic,Monthly,350,24,0
2208,65,Male,34,13,1,24,Basic,Annual,159,7,0
2209,35,Male,55,9,3,8,Standard,Annual,211,26,0
2210,47,Male,33,19,7,20,Premium,Annual,927,6,1
2211,34,Female,21,11,4,18,Basic,Annual,739,1,0
2212,60,Female,1,25,5,17,Standard,Annual,393,21,0
2213,44,Male,52,21,0,15,Basic,Monthly,148,15,0
2214,50,Female,29,11,3,25,Premium,Quarterly,332,27,1
2215,26,Female,17,29,8,13,Standard,Quarterly,792,24,0
2216,32,Female,33,11,10,27,Standard,Monthly,577,6,1
2217,56,Male,48,25,3,9,Standard,Monthly,252,8,0
2218,18,Male,22,21,0,21,Basic,Annual,675,19,0
2219,53,Male,10,28,9,8,Basic,Monthly,809,24,0
2220,27,Male,43,13,7,8,Premium,Monthly,680,20,0
2221,35,Female,3,14,2,2,Premium,Annual,658,29,0
2222,65,Male,48,25,7,29,Premium,Annual,661,9,1
2223,60,Female,49,2,8,18,Premium,Monthly,938,25,1
2224,39,Male,21,16,10,6,Basic,Quarterly,992,2,0
2225,44,Female,22,19,6,26,Standard,Annual,485,15,1
2226,57,Female,24,17,5,22,Premium,Annual,756,6,1
2227,36,Male,33,13,1,0,Standard,Quarterly,155,29,0
2228,33,Male,4,24,6,26,Standard,Monthly,460,7,0
2229,26,Female,43,2,6,15,Standard,Monthly,467,29,0
2230,57,Female,30,13,5,11,Basic,Quarterly,437,11,0
2231,23,Female,48,26,3,4,Standard,Monthly,707,20,0
2232,38,Female,39,3,3,27,Premium,Monthly,160,11,1
2233,34,Female,56,22,3,9,Standard,Monthly,440,10,0
2234,59,Male,53,10,5,22,Standard,Annual,129,28,1
2235,25,Male,39,9,7,9,Basic,Monthly,385,10,0
2236,50,Male,36,28,8,22,Basic,Quarterly,503,13,1
2237,52,Female,25,24,9,0,Standard,Monthly,218,25,0
2238,24,Female,44,6,0,7,Basic,Monthly,518,22,0
2239,25,Male,58,27,3,9,Standard,Monthly,424,18,0
2240,56,Male,58,13,6,1,Premium,Annual,662,20,0
2241,36,Male,5,15,9,28,Standard,Monthly,417,3,0
2242,54,Male,46,1,7,27,Standard,Annual,421,18,1
2243,60,Male,56,23,3,20,Standard,Monthly,929,6,0
2244,64,Male,48,14,9,28,Basic,Quarterly,266,23,1
2245,28,Female,27,20,1,12,Basic,Quarterly,131,12,0
2246,65,Male,48,5,10,27,Premium,Quarterly,243,27,1
2247,37,Female,43,2,2,6,Standard,Annual,612,14,0
2248,62,Female,27,6,0,13,Premium,Monthly,818,21,0
2249,38,Female,16,9,5,5,Premium,Quarterly,574,28,0
2250,22,Male,26,16,8,26,Premium,Monthly,828,21,1
2251,31,Female,17,8,9,12,Standard,Annual,526,30,0
2252,53,Male,26,3,6,18,Premium,Monthly,243,15,1
2253,31,Female,30,14,1,18,Premium,Quarterly,988,22,0
2254,31,Female,45,18,1,26,Basic,Quarterly,228,13,1
2255,26,Male,32,1,7,13,Basic,Monthly,115,19,0
2256,28,Female,49,11,1,12,Standard,Quarterly,360,16,0
2257,40,Male,34,25,2,3,Basic,Annual,190,11,0
2258,18,Male,34,25,8,21,Premium,Monthly,646,4,1
2259,60,Male,52,12,9,13,Standard,Annual,207,28,0
2260,55,Male,32,24,1,9,Premium,Annual,554,10,0
2261,24,Male,9,24,9,12,Basic,Quarterly,810,25,0
2262,50,Female,52,27,7,18,Premium,Quarterly,997,12,1
2263,29,Male,45,24,3,2,Premium,Quarterly,245,4,0
2264,47,Male,18,8,5,5,Premium,Annual,577,10,0
2265,34,Male,5,16,7,30,Standard,Quarterly,400,9,0
2266,30,Female,25,12,4,23,Premium,Monthly,532,23,1
2267,22,Male,38,2,10,11,Basic,Annual,699,5,0
2268,33,Male,37,8,3,27,Basic,Annual,605,25,0
2269,31,Male,37,12,7,12,Basic,Annual,898,23,0
2270,58,Male,32,25,10,0,Standard,Monthly,700,10,0
2271,44,Male,53,11,7,4,Standard,Monthly,846,5,0
2272,22,Male,8,19,9,21,Basic,Annual,203,11,0
2273,38,Female,2,25,6,27,Standard,Quarterly,220,22,1
2274,18,Male,6,21,5,18,Premium,Quarterly,580,4,0
2275,18,Male,24,5,8,24,Basic,Quarterly,879,16,1
2276,63,Male,36,13,10,1,Premium,Monthly,365,5,0
2277,18,Male,46,24,8,29,Premium,Quarterly,967,27,1
2278,23,Female,22,13,5,28,Standard,Monthly,594,2,1
2279,21,Male,15,29,9,2,Basic,Annual,639,7,0
2280,48,Female,34,12,4,29,Premium,Quarterly,509,6,0
2281,22,Male,55,24,3,25,Premium,Quarterly,229,26,0
2282,42,Female,33,15,3,6,Basic,Monthly,449,5,0
2283,48,Male,3,29,2,15,Premium,Annual,832,12,0
2284,57,Male,43,21,5,7,Premium,Monthly,634,28,0
2285,43,Male,13,1,3,6,Basic,Monthly,501,2,0
2286,29,Female,23,28,10,14,Basic,Annual,161,4,0
2287,41,Male,38,4,9,28,Basic,Quarterly,959,7,1
2288,55,Female,47,9,2,20,Premium,Quarterly,412,25,0
2289,30,Female,27,17,1,21,Premium,Annual,811,25,0
2290,33,Female,43,6,6,13,Premium,Quarterly,176,30,0
2291,63,Male,24,30,3,16,Basic,Monthly,646,7,0
2292,60,Female,43,10,1,24,Standard,Quarterly,753,17,0
2293,63,Male,36,27,7,6,Standard,Annual,230,28,0
2294,36,Male,56,16,9,23,Standard,Monthly,130,25,1
2295,62,Female,43,6,3,20,Basic,Annual,208,28,0
2296,59,Male,32,20,1,13,Premium,Monthly,934,6,0
2297,20,Female,49,3,10,2,Premium,Monthly,960,6,0
2298,20,Female,55,15,5,5,Premium,Monthly,188,9,0
2299,57,Male,36,25,5,17,Basic,Quarterly,806,11,1
2300,18,Male,20,9,4,21,Premium,Quarterly,709,26,0
2301,20,Male,54,27,0,27,Premium,Annual,379,1,0
2302,55,Male,9,22,7,7,Standard,Quarterly,145,19,0
2303,31,Female,33,11,4,16,Basic,Quarterly,921,19,0
2304,42,Male,7,13,5,2,Basic,Annual,299,1,0
2305,34,Female,55,21,1,23,Standard,Monthly,161,30,1
2306,43,Male,56,23,2,29,Standard,Annual,898,28,0
2307,32,Male,37,7,6,7,Standard,Quarterly,668,28,0
2308,61,Male,57,23,9,17,Premium,Annual,476,18,1
2309,42,Male,40,26,9,6,Premium,Monthly,731,21,0
2310,28,Male,4,2,5,21,Premium,Monthly,387,26,0
2311,29,Male,22,1,0,11,Premium,Quarterly,348,8,0
2312,62,Female,27,19,10,8,Premium,Quarterly,327,13,0
2313,40,Female,30,18,9,3,Premium,Monthly,152,7,0
2314,45,Female,10,8,2,18,Premium,Monthly,737,23,0
2315,34,Female,8,29,6,26,Basic,Quarterly,209,30,1
2316,46,Male,55,26,5,29,Basic,Annual,682,26,1
2317,19,Female,32,5,4,3,Premium,Quarterly,506,14,0
2318,19,Female,43,24,5,24,Premium,Quarterly,146,13,1
2319,26,Male,42,25,9,10,Basic,Quarterly,971,7,0
2320,55,Male,52,6,5,27,Standard,Monthly,131,8,1
2321,31,Female,30,28,9,27,Premium,Annual,824,17,1
2322,25,Male,29,12,9,24,Basic,Quarterly,415,13,1
2323,23,Female,7,8,2,10,Standard,Annual,347,10,0
2324,32,Female,25,21,8,7,Standard,Annual,594,24,0
2325,29,Female,4,14,5,17,Premium,Annual,766,13,0
2326,29,Female,29,22,5,28,Premium,Monthly,186,18,1
2327,41,Male,2,24,7,14,Basic,Monthly,716,4,0
2328,57,Male,58,17,6,4,Premium,Quarterly,745,10,0
2329,33,Male,36,28,2,14,Standard,Quarterly,851,18,0
2330,30,Female,39,28,2,0,Premium,Monthly,135,9,0
2331,55,Male,34,14,7,11,Premium,Monthly,273,3,0
2332,51,Female,20,16,6,29,Basic,Monthly,418,23,1
2333,39,Male,33,24,6,16,Standard,Quarterly,171,22,1
2334,38,Female,13,27,9,22,Basic,Annual,842,12,0
2335,56,Female,13,23,9,13,Premium,Quarterly,460,5,0
2336,58,Female,22,13,0,13,Basic,Annual,992,16,0
2337,50,Female,42,9,10,4,Basic,Annual,489,21,0
2338,22,Male,10,22,3,13,Premium,Quarterly,240,2,0
2339,18,Male,46,7,4,24,Standard,Monthly,964,2,0
2340,37,Female,51,14,9,8,Premium,Monthly,713,13,0
2341,46,Male,52,12,10,25,Basic,Monthly,260,22,1
2342,22,Male,9,11,3,23,Basic,Monthly,634,15,0
2343,37,Male,27,2,5,11,Basic,Monthly,908,28,0
2344,41,Male,55,6,6,1,Standard,Monthly,318,18,0
2345,22,Female,45,20,8,1,Standard,Monthly,829,30,0
2346,61,Female,31,27,10,12,Standard,Annual,967,27,0
2347,28,Female,8,19,5,20,Standard,Annual,256,2,0
2348,65,Male,30,15,0,10,Standard,Quarterly,994,12,0
2349,65,Female,35,4,9,9,Premium,Monthly,455,8,1
2350,58,Female,7,29,2,15,Premium,Annual,486,4,0
2351,43,Female,3,8,1,15,Premium,Annual,153,6,0
2352,64,Female,5,6,5,0,Premium,Quarterly,674,26,0
2353,43,Female,16,24,8,20,Premium,Annual,383,16,0
2354,63,Male,60,15,5,16,Basic,Annual,280,28,1
2355,40,Female,10,26,7,24,Standard,Annual,963,28,0
2356,52,Female,35,9,10,21,Basic,Annual,499,23,1
2357,45,Female,58,16,10,3,Premium,Annual,510,22,0
2358,60,Male,53,8,0,30,Standard,Monthly,165,21,0
2359,24,Female,5,9,6,19,Premium,Monthly,554,18,0
2360,19,Male,27,4,6,8,Premium,Annual,923,20,0
2361,27,Male,18,28,0,10,Standard,Monthly,568,19,0
2362,27,Female,1,23,8,5,Basic,Quarterly,445,18,0
2363,30,Female,39,9,8,1,Standard,Quarterly,798,21,0
2364,51,Male,57,15,6,28,Standard,Monthly,927,11,1
2365,49,Female,13,28,2,15,Standard,Annual,490,15,0
2366,65,Male,27,4,10,14,Standard,Monthly,770,6,1
2367,57,Female,28,17,8,1,Basic,Monthly,404,21,0
2368,35,Female,8,16,10,8,Standard,Quarterly,218,15,0
2369,59,Male,43,7,1,2,Premium,Monthly,450,22,0
2370,38,Male,53,19,2,0,Premium,Quarterly,220,25,0
2371,45,Male,25,17,10,20,Basic,Quarterly,420,12,1
2372,20,Female,4,15,7,23,Standard,Monthly,717,20,1
2373,24,Male,29,18,8,26,Premium,Quarterly,658,6,1
2374,58,Female,21,1,10,24,Basic,Quarterly,653,23,1
2375,30,Male,7,22,7,11,Premium,Annual,806,22,0
2376,33,Male,35,11,1,26,Premium,Annual,738,7,0
2377,22,Male,60,12,2,21,Basic,Annual,256,1,0
2378,53,Female,60,8,9,4,Standard,Quarterly,273,5,0
2379,23,Male,12,24,0,23,Standard,Monthly,115,15,0
2380,36,Female,56,15,10,15,Basic,Annual,192,20,0
2381,32,Female,25,18,9,21,Basic,Quarterly,893,18,1
2382,29,Male,32,14,10,17,Basic,Quarterly,613,10,1
2383,24,Male,47,10,0,22,Basic,Annual,141,25,0
2384,22,Female,26,21,1,30,Premium,Quarterly,759,4,0
2385,58,Male,40,14,8,29,Basic,Annual,309,24,1
2386,54,Male,2,3,1,3,Standard,Quarterly,978,22,0
2387,36,Male,9,6,3,20,Standard,Quarterly,301,1,0
2388,58,Male,7,12,6,7,Premium,Monthly,352,21,0
2389,27,Female,19,11,6,26,Basic,Monthly,456,17,1
2390,26,Male,15,14,7,19,Premium,Quarterly,340,14,0
2391,36,Male,21,19,6,30,Standard,Monthly,648,24,0
2392,29,Male,14,29,7,24,Premium,Quarterly,485,25,0
2393,39,Female,53,4,7,16,Standard,Annual,485,19,1
2394,24,Male,36,12,1,19,Basic,Annual,678,5,0
2395,25,Female,56,21,9,4,Standard,Monthly,626,8,0
2396,35,Female,6,22,2,28,Basic,Annual,461,4,1
2397,32,Male,29,29,7,22,Premium,Monthly,363,23,1
2398,58,Male,24,20,1,11,Premium,Quarterly,844,27,0
2399,42,Female,50,14,7,22,Basic,Monthly,482,7,1
2400,20,Male,38,20,7,27,Premium,Quarterly,162,17,1
2401,32,Female,1,6,2,30,Standard,Monthly,705,24,1
2402,64,Male,40,4,8,29,Premium,Annual,131,5,1
2403,57,Female,14,22,7,10,Standard,Quarterly,231,6,0
2404,50,Male,55,8,0,20,Premium,Quarterly,592,11,0
2405,42,Male,3,10,9,27,Basic,Monthly,283,26,0
2406,46,Male,21,30,2,12,Basic,Annual,945,4,0
2407,64,Female,33,7,0,24,Basic,Quarterly,385,16,1
2408,20,Male,34,18,8,15,Premium,Monthly,762,19,0
2409,35,Female,11,30,2,6,Basic,Annual,479,19,0
2410,30,Male,42,16,5,3,Standard,Quarterly,369,30,0
2411,45,Female,4,20,10,26,Basic,Monthly,535,17,1
2412,34,Female,20,23,3,26,Premium,Quarterly,933,8,0
2413,19,Male,33,16,5,13,Standard,Quarterly,685,12,0
2414,35,Male,4,28,10,14,Standard,Monthly,797,25,0
2415,21,Male,54,7,5,15,Standard,Quarterly,644,23,0
2416,23,Female,30,2,10,9,Premium,Annual,179,8,1
2417,44,Male,26,3,7,22,Standard,Annual,310,19,1
2418,46,Male,38,3,10,12,Basic,Annual,915,12,0
2419,53,Female,48,11,0,1,Standard,Quarterly,777,17,0
2420,64,Female,40,14,2,10,Standard,Annual,487,15,0
2421,41,Female,60,14,4,10,Premium,Monthly,135,26,0
2422,22,Male,46,22,10,11,Basic,Quarterly,281,10,0
2423,24,Male,26,14,10,21,Standard,Quarterly,967,9,1
2424,49,Female,41,11,5,13,Premium,Monthly,893,7,0
2425,35,Male,19,11,9,22,Standard,Annual,591,17,0
2426,56,Male,19,21,0,27,Standard,Quarterly,747,11,0
2427,63,Male,20,19,7,28,Basic,Annual,778,26,0
2428,40,Female,20,15,2,23,Basic,Quarterly,698,2,0
2429,48,Female,44,5,8,26,Standard,Quarterly,149,29,1
2430,46,Female,59,14,6,12,Standard,Quarterly,153,17,0
2431,50,Male,21,22,3,21,Premium,Quarterly,287,23,0
2432,22,Male,7,26,4,19,Basic,Quarterly,178,3,0
2433,38,Male,17,9,1,9,Basic,Annual,698,19,0
2434,44,Female,17,12,4,17,Standard,Quarterly,367,2,0
2435,43,Male,31,3,4,16,Basic,Annual,229,17,0
2436,22,Male,29,14,5,30,Premium,Annual,736,23,1
2437,56,Male,19,13,1,21,Basic,Quarterly,814,13,0
2438,45,Female,60,24,10,28,Standard,Quarterly,164,24,1
2439,34,Male,8,11,4,26,Standard,Quarterly,747,10,0
2440,33,Female,31,9,3,4,Standard,Monthly,420,2,0
2441,24,Female,24,10,0,23,Standard,Annual,434,23,1
2442,58,Male,26,12,0,30,Standard,Monthly,452,6,0
2443,27,Male,1,5,7,22,Standard,Monthly,942,11,0
2444,25,Female,21,2,1,15,Premium,Quarterly,170,28,0
2445,38,Female,22,18,0,16,Standard,Monthly,328,12,0
2446,30,Female,27,20,8,30,Premium,Quarterly,724,3,1
2447,18,Female,56,10,9,8,Premium,Monthly,307,3,0
2448,23,Female,58,6,1,26,Premium,Quarterly,594,5,0
2449,27,Male,15,19,7,17,Basic,Annual,514,1,0
2450,47,Female,23,27,9,9,Basic,Annual,273,22,0
2451,48,Female,44,18,10,15,Standard,Quarterly,230,22,0
2452,48,Female,59,24,4,28,Standard,Monthly,349,2,1
2453,62,Male,35,30,6,23,Standard,Monthly,541,3,1
2454,20,Female,14,8,1,8,Standard,Annual,166,24,0
2455,39,Male,8,1,7,18,Standard,Monthly,868,17,0
2456,23,Female,58,26,4,1,Premium,Quarterly,472,16,0
2457,25,Female,18,29,8,3,Premium,Annual,823,23,0
2458,46,Male,37,9,0,28,Standard,Annual,898,29,0
2459,26,Female,15,13,4,22,Standard,Monthly,990,14,1
2460,59,Female,31,8,5,28,Premium,Monthly,501,30,1
2461,52,Female,49,7,0,6,Standard,Quarterly,904,19,0
2462,25,Male,7,14,3,14,Premium,Monthly,686,14,0
2463,21,Male,59,8,4,28,Basic,Annual,820,5,0
2464,60,Male,45,28,5,3,Standard,Quarterly,919,8,0
2465,35,Male,51,24,1,16,Standard,Quarterly,610,8,0
2466,19,Male,60,17,6,11,Premium,Quarterly,930,5,0
2467,38,Female,24,26,3,7,Standard,Monthly,392,24,0
2468,57,Male,2,11,8,22,Basic,Annual,938,13,0
2469,49,Female,49,13,8,18,Premium,Annual,782,7,1
2470,44,Male,23,20,4,0,Basic,Quarterly,211,12,0
2471,52,Female,18,9,9,6,Basic,Quarterly,440,3,0
2472,52,Female,56,13,6,1,Premium,Quarterly,475,29,0
2473,27,Female,23,22,9,27,Standard,Monthly,434,4,1
2474,22,Male,46,6,1,17,Premium,Monthly,209,28,0
2475,55,Male,36,23,4,25,Standard,Quarterly,848,10,0
2476,47,Female,20,6,8,17,Basic,Quarterly,177,14,0
2477,52,Male,53,5,0,28,Basic,Annual,798,4,0
2478,46,Female,20,30,5,8,Standard,Quarterly,201,4,0
2479,53,Male,25,10,7,17,Premium,Monthly,882,7,1
2480,30,Female,6,18,9,13,Premium,Monthly,411,3,0
2481,61,Female,20,28,6,11,Basic,Annual,311,12,0
2482,65,Male,34,13,2,2,Standard,Monthly,289,7,0
2483,29,Male,13,7,2,4,Standard,Quarterly,172,23,0
2484,51,Male,24,5,1,14,Basic,Quarterly,514,8,0
2485,50,Male,54,18,3,9,Standard,Quarterly,131,17,0
2486,59,Male,25,1,4,13,Basic,Quarterly,296,14,1
2487,21,Male,33,4,2,14,Standard,Annual,581,14,0
2488,54,Female,22,29,2,23,Premium,Annual,310,3,1
2489,21,Female,8,6,9,4,Basic,Annual,278,19,0
2490,55,Male,52,7,7,0,Premium,Monthly,156,29,0
2491,55,Female,14,20,3,20,Basic,Monthly,606,30,0
2492,38,Male,48,11,6,18,Basic,Monthly,655,25,1
2493,63,Male,46,25,7,14,Basic,Monthly,917,12,0
2494,20,Female,54,30,3,16,Standard,Monthly,660,14,0
2495,47,Female,52,27,7,17,Standard,Monthly,414,16,1
2496,53,Female,40,20,4,0,Premium,Annual,405,12,0
2497,37,Female,6,2,7,28,Standard,Quarterly,149,26,1
2498,19,Female,12,14,2,29,Standard,Quarterly,802,4,0
2499,33,Male,3,28,3,2,Standard,Annual,801,25,0
2500,20,Female,1,5,1,16,Standard,Annual,589,8,0
2501,27,Male,40,1,7,1,Basic,Monthly,874,9,0
2502,20,Female,44,1,6,26,Standard,Quarterly,885,29,1
2503,19,Female,24,13,9,4,Premium,Monthly,455,13,0
2504,24,Female,13,14,3,3,Premium,Quarterly,1000,29,0
2505,53,Female,31,5,10,2,Premium,Monthly,827,4,1
2506,30,Female,59,12,3,6,Premium,Monthly,810,14,0
2507,35,Female,51,2,6,3,Premium,Monthly,659,11,0
2508,21,Female,16,21,2,26,Premium,Monthly,532,14,1
2509,56,Female,3,30,4,0,Premium,Quarterly,157,19,0
2510,64,Female,46,30,10,18,Premium,Monthly,571,3,1
2511,45,Female,34,23,3,8,Basic,Monthly,154,4,0
2512,19,Male,7,20,3,27,Basic,Monthly,565,14,0
2513,65,Female,48,7,7,27,Basic,Annual,862,23,1
2514,30,Female,24,18,9,11,Standard,Monthly,993,24,0
2515,43,Male,39,18,1,0,Standard,Quarterly,399,8,0
2516,31,Female,22,21,4,15,Standard,Quarterly,359,4,0
2517,31,Female,18,17,9,17,Standard,Quarterly,181,29,0
2518,35,Male,42,4,6,10,Standard,Quarterly,795,3,0
2519,44,Male,15,6,7,11,Standard,Quarterly,276,7,0
2520,54,Male,7,27,4,29,Basic,Monthly,234,26,0
2521,50,Male,22,25,2,7,Premium,Quarterly,358,22,0
2522,55,Female,37,13,10,28,Premium,Annual,340,8,1
2523,30,Female,6,14,9,16,Basic,Annual,726,1,0
2524,19,Female,34,10,6,5,Premium,Monthly,940,20,0
2525,60,Male,3,16,2,24,Basic,Annual,819,29,0
2526,60,Male,23,15,5,7,Basic,Quarterly,780,17,0
2527,49,Female,16,8,5,22,Basic,Annual,122,22,1
2528,25,Female,41,9,10,9,Basic,Monthly,276,14,0
2529,32,Male,8,5,2,8,Premium,Monthly,885,22,0
2530,55,Male,38,25,6,17,Basic,Annual,891,11,1
2531,35,Male,25,1,8,11,Basic,Quarterly,944,13,0
2532,26,Male,1,7,8,26,Standard,Quarterly,821,27,0
2533,18,Male,33,17,4,1,Basic,Quarterly,910,10,0
2534,25,Male,60,11,10,2,Premium,Annual,986,2,0
2535,19,Male,20,23,3,5,Premium,Monthly,748,21,0
2536,51,Female,1,12,5,30,Premium,Annual,655,11,0
2537,34,Male,11,13,4,17,Premium,Quarterly,198,16,0
2538,46,Female,21,20,7,20,Basic,Monthly,145,9,0
2539,38,Male,14,3,7,8,Basic,Quarterly,572,8,0
2540,20,Female,27,10,5,3,Standard,Monthly,778,12,0
2541,61,Male,8,8,6,8,Standard,Quarterly,447,4,0
2542,63,Male,11,9,4,19,Basic,Annual,559,20,0
2543,59,Male,29,15,5,15,Premium,Monthly,441,15,0
2544,58,Female,54,21,8,9,Premium,Monthly,384,16,0
2545,33,Female,29,26,1,6,Basic,Quarterly,677,19,0
2546,31,Female,50,19,5,10,Standard,Quarterly,819,9,0
2547,27,Male,38,14,10,21,Premium,Annual,307,10,1
2548,35,Male,8,4,1,18,Premium,Quarterly,228,29,0
2549,62,Male,34,30,5,15,Premium,Annual,583,26,0
2550,57,Male,28,6,6,30,Standard,Annual,146,21,1
2551,28,Female,39,25,6,23,Premium,Monthly,642,15,1
2552,64,Female,18,19,0,5,Basic,Monthly,552,13,0
2553,61,Male,11,28,8,21,Basic,Annual,931,15,0
2554,42,Male,46,24,1,20,Standard,Monthly,577,23,0
2555,47,Male,56,12,3,4,Premium,Annual,173,20,0
2556,55,Male,42,14,2,24,Standard,Monthly,635,6,0
2557,35,Female,45,26,0,7,Basic,Annual,992,23,0
2558,22,Male,2,22,9,14,Basic,Monthly,414,26,0
2559,20,Male,60,7,4,8,Basic,Monthly,366,20,0
2560,45,Male,33,13,0,9,Premium,Quarterly,666,21,0
2561,57,Male,10,28,7,18,Standard,Annual,552,23,0
2562,43,Female,53,7,9,2,Premium,Quarterly,575,12,0
2563,57,Male,2,7,1,29,Premium,Quarterly,705,20,0
2564,24,Male,33,1,9,30,Premium,Annual,952,11,1
2565,20,Male,19,12,4,22,Basic,Monthly,810,1,0
2566,51,Male,49,27,2,10,Premium,Monthly,271,17,0
2567,44,Female,35,20,0,23,Premium,Monthly,452,24,1
2568,64,Male,30,16,2,6,Premium,Quarterly,998,18,0
2569,24,Female,20,17,7,26,Premium,Monthly,585,9,1
2570,28,Male,7,26,9,1,Standard,Annual,663,13,0
2571,46,Female,42,13,10,4,Standard,Quarterly,561,21,0
2572,58,Male,24,6,0,5,Basic,Monthly,608,24,0
2573,53,Male,9,2,8,22,Premium,Annual,102,29,1
2574,47,Female,44,4,6,30,Standard,Annual,937,30,1
2575,25,Female,11,21,6,16,Standard,Annual,925,26,0
2576,46,Male,38,26,2,29,Basic,Quarterly,541,25,0
2577,47,Male,48,18,4,30,Premium,Quarterly,845,15,0
2578,21,Female,17,29,2,12,Premium,Quarterly,946,9,0
2579,56,Male,55,9,8,17,Basic,Monthly,516,26,1
2580,53,Male,34,16,2,22,Basic,Quarterly,733,29,0
2581,30,Male,18,8,0,4,Standard,Monthly,873,22,0
2582,46,Female,54,8,10,20,Basic,Quarterly,197,9,1
2583,49,Female,6,24,4,17,Standard,Annual,501,26,0
2584,56,Male,12,19,1,25,Premium,Annual,873,22,0
2585,21,Male,44,25,1,13,Standard,Annual,671,10,0
2586,61,Male,51,14,2,19,Premium,Annual,760,20,0
2587,41,Male,31,18,10,13,Premium,Monthly,203,17,0
2588,18,Female,45,13,1,0,Premium,Annual,219,27,0
2589,36,Female,38,29,9,17,Premium,Annual,179,17,1
2590,36,Female,13,24,1,22,Standard,Annual,486,23,1
2591,35,Female,49,23,6,30,Basic,Quarterly,978,19,1
2592,53,Female,48,8,3,2,Standard,Annual,193,5,0
2593,41,Male,57,17,3,20,Standard,Quarterly,914,23,0
2594,51,Male,31,20,3,5,Standard,Quarterly,302,17,0
2595,32,Female,16,29,10,28,Basic,Monthly,428,20,1
2596,46,Male,53,17,9,1,Premium,Annual,496,10,0
2597,22,Female,52,18,9,20,Standard,Annual,999,15,1
2598,27,Male,11,10,3,15,Basic,Quarterly,713,14,0
2599,33,Male,7,20,9,26,Basic,Annual,386,12,0
2600,55,Male,59,2,2,19,Premium,Quarterly,755,14,0
2601,22,Male,26,18,3,5,Premium,Monthly,640,6,0
2602,53,Male,55,8,0,22,Standard,Quarterly,227,25,0
2603,27,Female,23,30,1,17,Standard,Annual,488,2,0
2604,33,Female,39,15,3,27,Standard,Annual,541,14,0
2605,40,Male,16,21,7,27,Premium,Quarterly,117,11,0
2606,55,Male,47,8,10,16,Premium,Quarterly,825,10,1
2607,29,Male,13,14,9,23,Basic,Monthly,941,12,0
2608,38,Female,33,24,6,9,Basic,Annual,738,2,0
2609,36,Male,56,30,10,0,Standard,Monthly,493,14,0
2610,22,Female,21,16,5,0,Basic,Annual,892,12,0
2611,26,Female,13,29,2,17,Premium,Annual,654,11,0
2612,50,Female,29,26,0,15,Standard,Monthly,101,29,0
2613,18,Female,9,30,3,13,Standard,Quarterly,765,13,0
2614,33,Female,58,17,0,0,Premium,Quarterly,273,30,0
2615,51,Male,41,23,4,4,Basic,Annual,521,20,0
2616,64,Male,32,6,1,12,Premium,Quarterly,120,22,0
2617,35,Female,50,29,0,13,Standard,Annual,783,28,0
2618,48,Female,53,11,0,15,Premium,Annual,259,18,0
2619,39,Male,27,24,1,21,Premium,Monthly,809,20,0
2620,30,Male,15,3,3,22,Standard,Monthly,203,29,0
2621,51,Female,53,27,0,14,Basic,Monthly,191,21,0
2622,61,Female,57,5,4,29,Standard,Monthly,196,9,1
2623,20,Female,27,3,7,29,Basic,Quarterly,946,18,1
2624,58,Male,34,22,10,20,Basic,Annual,281,13,1
2625,63,Female,29,21,4,21,Premium,Annual,841,10,0
2626,34,Female,57,13,2,19,Standard,Quarterly,367,2,0
2627,20,Male,1,6,2,24,Basic,Monthly,852,7,0
2628,37,Male,39,28,8,11,Standard,Monthly,594,1,0
2629,54,Male,28,11,3,1,Basic,Annual,918,8,0
2630,59,Male,37,15,3,23,Premium,Quarterly,659,14,0
2631,37,Female,31,9,6,21,Basic,Annual,228,4,1
2632,65,Female,41,9,8,12,Premium,Monthly,997,8,0
2633,44,Female,2,9,4,5,Standard,Annual,221,19,0
2634,42,Female,29,4,9,5,Premium,Quarterly,678,23,0
2635,22,Female,32,4,0,21,Premium,Quarterly,146,22,1
2636,49,Female,52,14,4,28,Standard,Annual,489,14,1
2637,38,Male,53,27,9,1,Standard,Monthly,382,17,0
2638,35,Female,28,19,2,23,Basic,Monthly,417,15,1
2639,41,Male,36,5,1,11,Premium,Annual,115,24,0
2640,40,Male,51,21,5,3,Premium,Monthly,881,15,0
2641,49,Male,34,8,5,13,Standard,Annual,268,4,0
2642,43,Female,36,29,8,8,Basic,Quarterly,349,8,0
2643,29,Female,29,20,3,3,Premium,Annual,978,25,0
2644,39,Female,53,25,4,12,Premium,Annual,708,16,0
2645,65,Male,15,12,4,7,Basic,Quarterly,710,18,0
2646,40,Female,11,21,6,0,Premium,Quarterly,556,7,0
2647,24,Male,27,19,5,26,Basic,Quarterly,848,10,1
2648,24,Male,42,28,8,29,Basic,Quarterly,745,17,1
2649,30,Male,4,19,5,18,Standard,Annual,267,12,0
2650,29,Male,29,4,5,29,Basic,Monthly,416,20,1
2651,28,Female,53,3,10,15,Basic,Monthly,506,13,0
2652,50,Male,36,7,8,9,Standard,Monthly,457,24,0
2653,50,Male,23,2,4,3,Basic,Monthly,275,25,0
2654,38,Male,35,9,0,24,Basic,Quarterly,864,8,0
2655,20,Female,28,14,3,20,Premium,Monthly,917,4,0
2656,36,Female,52,28,1,24,Standard,Annual,257,7,1
2657,55,Male,41,28,4,13,Premium,Monthly,708,10,0
2658,30,Male,24,10,9,2,Premium,Annual,211,15,0
2659,26,Male,30,30,2,16,Standard,Annual,214,9,0
2660,49,Female,30,26,2,24,Standard,Quarterly,546,6,0
2661,34,Female,21,28,8,6,Premium,Annual,527,24,0
2662,21,Male,23,17,5,3,Premium,Quarterly,345,10,0
2663,65,Male,1,4,0,1,Standard,Quarterly,145,4,0
2664,36,Male,55,8,4,23,Standard,Annual,313,1,0
2665,65,Female,58,6,3,28,Standard,Annual,704,7,0
2666,45,Female,15,15,7,1,Basic,Monthly,391,16,0
2667,52,Female,56,16,1,6,Standard,Monthly,806,23,0
2668,61,Female,42,4,6,10,Standard,Monthly,454,28,1
2669,36,Female,55,3,8,2,Standard,Annual,533,19,0
2670,58,Female,46,10,1,12,Basic,Annual,251,28,0
2671,26,Male,47,6,6,14,Basic,Annual,669,4,0
2672,51,Female,55,21,7,2,Standard,Quarterly,672,27,0
2673,23,Female,58,30,10,7,Premium,Annual,193,26,0
2674,26,Male,41,29,0,28,Standard,Monthly,304,2,0
2675,25,Female,56,20,1,8,Premium,Quarterly,441,16,0
2676,57,Female,44,3,4,14,Basic,Monthly,516,6,1
2677,36,Male,18,30,10,14,Basic,Quarterly,855,22,0
2678,38,Male,20,24,0,18,Standard,Monthly,335,20,0
2679,25,Male,29,25,1,23,Premium,Quarterly,395,15,0
2680,30,Male,41,24,9,16,Basic,Annual,528,23,1
2681,55,Female,38,20,2,5,Basic,Quarterly,519,1,0
2682,27,Male,51,16,8,0,Basic,Monthly,548,14,0
2683,30,Male,1,27,4,5,Premium,Annual,700,8,0
2684,31,Male,42,6,3,29,Standard,Monthly,271,12,0
2685,52,Male,24,8,3,12,Premium,Annual,639,24,0
2686,60,Male,48,9,1,29,Basic,Quarterly,199,20,0
2687,51,Male,10,19,0,20,Basic,Quarterly,348,22,0
2688,36,Male,39,9,9,16,Basic,Quarterly,719,16,1
2689,19,Female,36,10,9,21,Premium,Annual,663,16,1
2690,39,Male,56,12,9,22,Premium,Quarterly,726,22,1
2691,38,Male,7,23,9,27,Basic,Quarterly,620,10,0
2692,51,Male,53,30,2,18,Standard,Monthly,820,18,0
2693,37,Female,53,19,10,14,Premium,Annual,215,8,0
2694,61,Male,26,3,6,21,Standard,Monthly,228,1,1
2695,41,Male,21,30,1,15,Standard,Monthly,274,16,0
2696,65,Male,57,7,5,10,Basic,Monthly,145,28,0
2697,33,Female,34,23,1,2,Standard,Monthly,881,2,0
2698,40,Male,27,20,8,15,Premium,Quarterly,976,7,0
2699,21,Male,60,30,2,11,Basic,Quarterly,157,19,0
2700,48,Male,57,14,0,20,Standard,Annual,526,2,0
2701,39,Male,46,22,8,23,Basic,Annual,702,30,1
2702,33,Male,30,22,5,18,Basic,Monthly,975,1,1
2703,48,Male,39,18,5,1,Basic,Monthly,680,13,0
2704,34,Female,54,19,9,2,Premium,Quarterly,323,19,0
2705,23,Male,36,16,0,19,Basic,Annual,373,21,0
2706,65,Female,37,24,7,19,Basic,Annual,588,25,1
2707,31,Female,26,12,1,6,Premium,Annual,996,21,0
2708,39,Male,27,2,4,30,Basic,Quarterly,501,24,0
2709,30,Female,2,11,1,25,Premium,Quarterly,738,6,0
2710,63,Male,6,22,6,23,Standard,Annual,677,28,0
2711,58,Male,40,12,3,28,Premium,Quarterly,952,9,0
2712,31,Female,31,18,6,15,Standard,Quarterly,703,9,0
2713,22,Female,13,3,6,29,Premium,Quarterly,227,21,1
2714,63,Male,42,19,7,15,Basic,Quarterly,132,30,0
2715,57,Female,32,22,0,0,Standard,Quarterly,168,24,0
2716,25,Male,59,18,2,16,Basic,Monthly,132,20,0
2717,21,Male,41,7,7,20,Premium,Annual,366,5,1
2718,49,Male,6,24,10,26,Basic,Annual,720,26,0
2719,58,Male,51,15,6,6,Basic,Monthly,364,20,0
2720,36,Male,19,8,5,24,Premium,Annual,144,14,0
2721,54,Female,8,15,4,5,Basic,Annual,351,21,0
2722,46,Female,47,13,4,4,Basic,Monthly,238,29,0
2723,19,Male,59,24,0,24,Premium,Quarterly,715,8,0
2724,56,Male,22,24,4,7,Basic,Quarterly,338,3,0
2725,63,Male,10,21,7,9,Premium,Quarterly,581,30,0
2726,62,Male,41,12,7,4,Basic,Annual,949,21,0
2727,22,Male,47,13,9,27,Premium,Quarterly,874,7,1
2728,19,Female,4,30,7,5,Premium,Annual,332,17,0
2729,42,Male,20,1,5,1,Basic,Annual,365,14,0
2730,64,Female,26,1,0,8,Basic,Monthly,145,30,0
2731,56,Male,33,21,9,13,Standard,Quarterly,453,17,0
2732,59,Male,50,24,4,13,Premium,Monthly,853,23,0
2733,23,Male,1,24,1,6,Basic,Annual,481,27,0
2734,19,Female,29,30,2,26,Basic,Monthly,880,1,1
2735,43,Male,49,6,3,26,Premium,Annual,366,24,0
2736,37,Female,57,19,6,0,Basic,Quarterly,142,1,0
2737,51,Male,30,5,2,10,Basic,Monthly,646,7,0
2738,46,Female,5,8,0,13,Premium,Annual,901,3,0
2739,27,Male,55,16,6,12,Basic,Monthly,626,17,0
2740,33,Female,10,11,4,11,Basic,Quarterly,320,23,0
2741,64,Female,33,11,2,5,Premium,Monthly,617,21,0
2742,50,Female,12,11,9,0,Premium,Quarterly,753,8,0
2743,60,Male,13,12,6,25,Premium,Monthly,297,22,0
2744,64,Male,58,20,4,24,Premium,Monthly,959,21,0
2745,35,Male,50,23,0,11,Basic,Quarterly,830,16,0
2746,38,Male,51,26,3,14,Basic,Annual,131,19,0
2747,63,Female,40,11,3,12,Basic,Monthly,995,13,0
2748,59,Female,50,29,6,19,Premium,Annual,762,12,1
2749,18,Female,31,9,9,2,Standard,Monthly,148,20,0
2750,24,Female,58,19,0,18,Basic,Monthly,284,18,0
2751,34,Female,44,14,0,19,Premium,Quarterly,642,5,0
2752,31,Male,52,9,5,8,Standard,Monthly,237,8,0
2753,30,Male,55,3,8,1,Standard,Quarterly,117,4,0
2754,36,Female,7,23,6,28,Basic,Annual,846,19,0
2755,60,Male,60,24,3,29,Premium,Monthly,512,26,0
2756,54,Female,4,19,0,7,Basic,Quarterly,863,17,0
2757,18,Female,19,10,4,23,Premium,Annual,257,2,1
2758,25,Male,1,7,3,3,Premium,Quarterly,880,5,0
2759,40,Female,34,10,0,5,Basic,Monthly,866,24,0
2760,31,Female,35,18,5,8,Premium,Quarterly,568,27,0
2761,26,Male,37,18,7,29,Premium,Monthly,286,5,1
2762,33,Female,10,23,3,13,Basic,Monthly,152,6,0
2763,59,Female,30,22,6,3,Basic,Quarterly,995,8,0
2764,40,Female,44,6,8,21,Standard,Annual,279,16,1
2765,22,Male,40,13,4,22,Standard,Monthly,764,10,0
2766,44,Female,37,5,9,11,Basic,Monthly,304,11,0
2767,64,Male,4,12,1,20,Standard,Quarterly,861,2,0
2768,32,Female,56,25,4,8,Standard,Quarterly,113,1,0
2769,55,Male,15,2,9,18,Premium,Quarterly,523,30,1
2770,42,Male,13,26,4,7,Premium,Quarterly,793,8,0
2771,31,Male,56,17,1,20,Basic,Monthly,387,7,0
2772,46,Female,5,29,10,11,Basic,Annual,515,14,0
2773,20,Male,38,25,1,4,Basic,Annual,350,5,0
2774,49,Female,6,15,1,14,Basic,Annual,475,29,0
2775,18,Male,16,12,6,22,Standard,Monthly,899,29,0
2776,46,Female,3,10,7,27,Basic,Quarterly,868,4,0
2777,60,Female,46,17,8,28,Premium,Quarterly,208,13,1
2778,24,Male,20,14,2,12,Standard,Quarterly,813,9,0
2779,39,Female,28,3,9,1,Standard,Quarterly,685,9,0
2780,18,Male,48,4,5,16,Standard,Monthly,552,1,1
2781,22,Male,13,2,4,10,Standard,Monthly,595,29,0
2782,60,Male,21,19,10,30,Premium,Monthly,230,7,0
2783,41,Male,40,4,10,29,Standard,Monthly,531,21,1
2784,43,Female,34,5,9,26,Standard,Monthly,264,20,1
2785,19,Female,51,25,2,27,Premium,Annual,366,24,1
2786,23,Male,43,20,9,14,Premium,Quarterly,727,17,0
2787,48,Male,53,17,2,10,Standard,Monthly,333,14,0
2788,24,Female,41,9,2,19,Basic,Annual,640,5,0
2789,22,Male,43,26,0,24,Basic,Quarterly,585,9,0
2790,56,Male,26,28,1,20,Standard,Annual,190,30,0
2791,34,Female,48,19,2,22,Basic,Quarterly,430,12,1
2792,53,Male,23,27,2,16,Basic,Annual,759,24,0
2793,56,Female,60,29,4,24,Basic,Annual,704,10,0
2794,47,Male,16,23,0,7,Basic,Monthly,542,22,0
2795,38,Female,11,20,8,30,Premium,Annual,318,30,1
2796,58,Female,14,6,4,2,Standard,Quarterly,557,22,0
2797,30,Female,8,29,5,26,Basic,Monthly,200,12,1
2798,42,Male,54,16,8,11,Premium,Monthly,947,28,0
2799,41,Male,29,20,1,19,Basic,Monthly,242,27,0
2800,39,Female,11,13,6,6,Standard,Monthly,207,27,0
2801,34,Male,55,21,9,28,Standard,Quarterly,787,25,1
2802,45,Female,15,26,7,26,Standard,Monthly,363,5,1
2803,28,Male,17,29,7,25,Standard,Monthly,263,22,0
2804,41,Male,46,23,1,5,Premium,Monthly,305,19,0
2805,30,Male,27,13,8,24,Basic,Quarterly,497,6,1
2806,60,Male,29,27,1,23,Basic,Quarterly,786,2,0
2807,36,Female,5,16,1,23,Premium,Monthly,534,3,1
2808,44,Female,19,19,0,12,Premium,Monthly,624,18,0
2809,56,Female,24,10,0,30,Standard,Monthly,160,5,1
2810,21,Female,30,21,7,29,Standard,Quarterly,244,22,1
2811,54,Female,40,23,1,1,Basic,Monthly,200,11,0
2812,25,Male,44,14,6,22,Basic,Quarterly,461,16,1
2813,54,Male,48,26,10,14,Premium,Annual,671,24,0
2814,57,Female,56,14,5,2,Basic,Monthly,176,25,0
2815,22,Female,28,18,5,19,Premium,Quarterly,926,9,1
2816,34,Female,4,12,3,1,Standard,Monthly,456,11,0
2817,38,Male,42,4,1,24,Premium,Annual,994,15,0
2818,24,Male,9,21,5,21,Standard,Monthly,281,25,0
2819,29,Female,7,26,8,29,Premium,Annual,312,3,1
2820,47,Female,19,17,10,21,Premium,Monthly,497,24,1
2821,59,Male,37,13,4,8,Premium,Annual,476,27,0
2822,22,Male,21,19,3,10,Basic,Monthly,514,21,0
2823,22,Female,13,1,10,8,Standard,Quarterly,564,4,0
2824,44,Female,13,5,10,19,Basic,Annual,639,1,0
2825,50,Male,3,15,4,28,Standard,Monthly,940,8,0
2826,36,Male,45,3,3,9,Standard,Annual,233,16,0
2827,38,Female,4,23,8,8,Basic,Annual,565,11,0
2828,24,Male,60,15,1,20,Premium,Quarterly,421,2,0
2829,39,Female,32,17,10,9,Premium,Annual,557,22,0
2830,58,Male,14,2,9,1,Premium,Quarterly,238,30,1
2831,60,Female,52,11,5,21,Basic,Quarterly,558,22,1
2832,20,Female,59,11,2,0,Basic,Quarterly,227,18,0
2833,45,Female,32,7,0,22,Basic,Quarterly,347,1,1
2834,40,Female,51,24,1,6,Standard,Monthly,523,26,0
2835,31,Male,11,21,1,16,Basic,Quarterly,521,1,0
2836,46,Female,29,12,3,23,Standard,Quarterly,155,28,1
2837,31,Female,46,29,1,11,Premium,Quarterly,482,8,0
2838,58,Male,36,23,9,22,Basic,Monthly,273,8,1
2839,52,Male,24,13,3,25,Standard,Quarterly,378,16,0
2840,33,Male,53,3,6,29,Standard,Quarterly,347,5,1
2841,57,Male,17,12,10,3,Basic,Annual,772,19,0
2842,64,Male,54,7,5,12,Premium,Monthly,320,4,0
2843,43,Female,46,28,5,7,Basic,Quarterly,946,1,0
2844,65,Male,41,14,2,21,Standard,Monthly,506,23,0
2845,60,Male,8,3,6,25,Premium,Monthly,330,10,1
2846,58,Female,56,6,5,7,Premium,Annual,174,25,0
2847,63,Male,9,29,5,17,Basic,Quarterly,443,26,0
2848,55,Male,36,4,0,3,Basic,Monthly,724,20,0
2849,63,Female,51,1,8,16,Standard,Quarterly,196,11,1
2850,50,Male,57,15,6,18,Premium,Quarterly,228,5,1
2851,65,Female,18,28,9,30,Premium,Monthly,919,7,1
2852,62,Female,31,9,10,10,Basic,Annual,568,21,0
2853,64,Female,19,25,2,23,Premium,Annual,380,25,1
2854,58,Female,40,12,4,1,Standard,Monthly,802,25,0
2855,35,Male,42,8,9,11,Premium,Quarterly,607,16,0
2856,31,Female,53,9,4,22,Basic,Annual,882,11,0
2857,18,Male,7,6,2,0,Basic,Monthly,165,13,0
2858,39,Female,52,10,8,4,Standard,Annual,846,3,0
2859,19,Male,22,30,7,18,Premium,Monthly,797,21,0
2860,49,Female,41,20,10,14,Basic,Monthly,458,19,0
2861,47,Female,45,9,9,12,Premium,Monthly,880,11,0
2862,55,Female,18,23,7,29,Basic,Quarterly,578,6,0
2863,48,Male,39,30,5,8,Basic,Quarterly,617,26,0
2864,50,Male,23,18,1,26,Standard,Monthly,950,28,0
2865,42,Male,42,27,9,17,Basic,Annual,692,23,1
2866,38,Female,32,2,9,21,Basic,Quarterly,794,26,1
2867,40,Male,51,4,5,11,Basic,Monthly,656,3,0
2868,50,Female,48,24,5,13,Premium,Monthly,193,11,0
2869,34,Male,60,27,6,25,Premium,Annual,500,1,1
2870,48,Female,25,24,2,29,Standard,Quarterly,523,26,0
2871,44,Male,44,29,4,19,Standard,Annual,999,4,0
2872,18,Male,40,7,2,15,Standard,Quarterly,877,4,0
2873,25,Female,35,17,4,9,Basic,Annual,904,5,0
2874,29,Male,52,29,3,3,Standard,Monthly,923,11,0
2875,59,Male,12,5,10,28,Premium,Annual,901,15,1
2876,45,Male,26,10,9,23,Standard,Quarterly,305,26,1
2877,19,Female,28,24,2,3,Basic,Quarterly,914,13,0
2878,28,Male,57,11,5,5,Standard,Quarterly,572,25,0
2879,56,Female,47,8,1,22,Premium,Quarterly,589,8,0
2880,37,Female,33,20,6,18,Basic,Annual,777,6,1
2881,47,Female,28,30,0,30,Premium,Quarterly,660,1,0
2882,55,Female,37,28,5,21,Standard,Monthly,595,30,1
2883,44,Male,29,10,4,6,Premium,Annual,651,14,0
2884,39,Male,57,29,7,20,Basic,Annual,124,24,1
2885,41,Female,45,17,5,18,Premium,Quarterly,649,26,1
2886,37,Female,28,9,1,3,Premium,Annual,197,14,0
2887,24,Female,1,26,9,23,Basic,Monthly,881,21,1
2888,41,Male,21,8,1,21,Basic,Annual,768,19,0
2889,39,Female,13,22,2,25,Basic,Annual,132,19,1
2890,24,Male,3,3,2,26,Standard,Quarterly,984,23,0
2891,39,Male,34,14,0,0,Basic,Quarterly,488,15,0
2892,47,Male,50,18,5,23,Standard,Quarterly,555,21,1
2893,30,Female,3,3,4,27,Premium,Annual,992,9,0
2894,62,Male,31,29,5,20,Standard,Monthly,490,6,1
2895,30,Female,45,11,0,1,Premium,Quarterly,781,19,0
2896,32,Female,11,21,6,13,Standard,Annual,266,2,0
2897,34,Male,13,14,9,9,Premium,Annual,190,11,0
2898,44,Female,12,21,10,8,Standard,Quarterly,845,2,0
2899,65,Female,31,22,8,22,Premium,Monthly,522,12,1
2900,38,Female,54,8,8,9,Standard,Quarterly,714,29,0
2901,46,Male,6,16,10,15,Premium,Annual,639,23,0
2902,61,Male,30,7,9,25,Basic,Monthly,186,3,1
2903,40,Female,27,26,8,27,Basic,Monthly,752,17,1
2904,30,Female,49,1,5,11,Standard,Annual,767,24,0
2905,62,Female,39,26,1,24,Premium,Monthly,415,11,1
2906,59,Male,26,25,2,0,Basic,Quarterly,758,7,0
2907,62,Female,59,24,3,25,Premium,Quarterly,803,24,0
2908,31,Female,32,16,10,24,Standard,Annual,919,23,1
2909,60,Female,19,6,10,5,Standard,Annual,328,15,0
2910,27,Male,26,8,2,24,Basic,Annual,576,18,0
2911,36,Female,42,18,8,16,Premium,Quarterly,472,28,1
2912,65,Male,27,21,1,20,Basic,Quarterly,839,3,0
2913,29,Female,9,20,10,23,Premium,Monthly,909,19,1
2914,23,Female,38,26,7,9,Premium,Annual,217,15,0
2915,51,Female,54,15,4,18,Standard,Quarterly,654,23,0
2916,37,Male,21,2,3,21,Premium,Annual,611,8,0
2917,21,Female,9,11,4,14,Standard,Annual,583,28,0
2918,62,Male,50,11,9,10,Basic,Quarterly,799,27,0
2919,57,Female,26,25,3,30,Standard,Quarterly,809,7,0
2920,59,Male,16,15,9,18,Basic,Annual,893,6,0
2921,18,Female,6,7,8,26,Standard,Annual,151,23,1
2922,25,Female,56,29,4,13,Premium,Monthly,351,14,0
2923,41,Male,41,1,4,12,Standard,Monthly,820,21,0
2924,22,Male,45,20,7,29,Basic,Quarterly,314,12,1
2925,36,Male,39,27,5,27,Standard,Monthly,968,19,1
2926,35,Female,48,8,9,15,Premium,Quarterly,335,8,0
2927,58,Female,14,14,0,25,Basic,Quarterly,631,4,0
2928,63,Male,21,24,5,21,Basic,Monthly,122,23,0
2929,39,Male,6,13,0,25,Basic,Quarterly,833,6,0
2930,62,Female,48,21,3,26,Standard,Monthly,643,17,1
2931,33,Male,52,23,9,22,Basic,Monthly,992,22,1
2932,26,Female,43,15,9,24,Premium,Monthly,234,4,1
2933,29,Male,57,19,3,10,Basic,Annual,251,14,0
2934,40,Female,49,12,1,24,Basic,Monthly,800,18,1
2935,44,Male,46,26,10,8,Basic,Quarterly,783,26,0
2936,28,Male,10,20,7,8,Basic,Quarterly,256,14,0
2937,63,Female,39,12,2,8,Standard,Monthly,393,7,0
2938,58,Female,19,15,8,27,Standard,Monthly,353,12,1
2939,19,Male,22,4,10,23,Standard,Quarterly,359,9,0
2940,35,Female,51,28,7,6,Basic,Annual,188,20,0
2941,48,Male,23,7,7,18,Basic,Monthly,330,27,0
2942,27,Female,56,8,6,16,Premium,Quarterly,125,22,1
2943,48,Male,46,10,4,6,Standard,Annual,787,5,0
2944,65,Male,19,7,0,24,Basic,Monthly,482,23,0
2945,24,Female,54,27,2,20,Basic,Monthly,977,14,0
2946,36,Male,19,11,8,4,Premium,Quarterly,424,22,0
2947,21,Female,11,22,3,15,Premium,Quarterly,623,17,0
2948,59,Female,52,10,6,15,Premium,Annual,411,4,0
2949,38,Male,28,23,2,28,Basic,Monthly,441,25,0
2950,63,Male,6,14,4,10,Premium,Quarterly,939,8,0
2951,23,Female,17,26,4,30,Standard,Monthly,892,26,1
2952,19,Female,54,26,10,21,Standard,Annual,191,19,1
2953,43,Female,44,7,8,19,Standard,Monthly,668,28,1
2954,39,Male,12,8,3,30,Premium,Annual,952,7,0
2955,27,Female,32,11,4,27,Standard,Annual,143,7,1
2956,25,Female,35,2,9,13,Basic,Annual,179,24,1
2957,51,Male,29,16,8,4,Premium,Annual,702,3,0
2958,36,Female,60,6,10,3,Standard,Annual,121,12,0
2959,39,Male,11,13,5,28,Basic,Quarterly,345,21,0
2960,41,Male,30,5,4,4,Premium,Monthly,674,3,0
2961,63,Male,35,19,3,14,Premium,Quarterly,837,26,0
2962,28,Male,19,28,8,8,Basic,Quarterly,268,4,0
2963,22,Female,35,26,4,16,Premium,Annual,906,27,0
2964,45,Male,18,6,2,30,Standard,Monthly,173,4,0
2965,25,Female,37,9,1,7,Standard,Quarterly,860,20,0
2966,44,Female,41,13,5,27,Standard,Monthly,411,2,1
2967,57,Female,59,14,6,18,Basic,Monthly,409,25,1
2968,45,Male,6,29,4,14,Standard,Monthly,640,10,0
2969,33,Female,18,17,8,1,Basic,Quarterly,120,25,0
2970,41,Male,4,26,1,23,Standard,Quarterly,454,14,0
2971,43,Female,41,2,6,18,Premium,Quarterly,653,27,1
2972,31,Female,14,16,9,3,Standard,Annual,485,30,0
2973,49,Female,7,28,10,21,Basic,Annual,876,7,0
2974,34,Female,46,25,2,21,Basic,Quarterly,376,4,1
2975,24,Male,1,18,0,22,Standard,Quarterly,584,25,0
2976,39,Female,38,3,2,16,Basic,Annual,329,28,0
2977,24,Female,48,21,7,28,Premium,Monthly,117,27,1
2978,45,Male,52,17,10,16,Standard,Quarterly,998,13,1
2979,36,Male,38,9,9,5,Premium,Annual,972,22,0
2980,20,Male,8,22,8,20,Premium,Annual,989,17,0
2981,65,Male,37,9,8,0,Basic,Quarterly,697,20,0
2982,33,Female,37,17,7,14,Basic,Monthly,519,25,0
2983,42,Female,16,30,5,9,Basic,Annual,399,5,0
2984,28,Female,32,9,9,2,Basic,Annual,924,11,0
2985,42,Female,34,15,3,8,Standard,Annual,611,16,0
2986,36,Male,46,1,2,27,Basic,Annual,203,2,1
2987,61,Female,39,30,7,23,Basic,Quarterly,497,25,1
2988,45,Female,16,2,4,22,Basic,Annual,595,14,0
2989,57,Female,39,16,4,18,Premium,Quarterly,448,30,0
2990,23,Male,52,24,5,9,Premium,Annual,799,27,0
2991,33,Female,51,26,3,26,Premium,Annual,492,2,1
2992,32,Male,12,5,10,5,Standard,Monthly,802,19,0
2993,21,Male,2,2,8,25,Premium,Quarterly,202,13,0
2994,39,Female,36,19,6,22,Premium,Quarterly,367,5,1
2995,24,Female,39,28,8,5,Basic,Monthly,936,13,0
2996,47,Female,25,3,7,16,Premium,Quarterly,850,24,1
2997,51,Male,53,4,1,1,Premium,Quarterly,297,2,0
2998,64,Female,5,1,1,16,Basic,Quarterly,300,10,1
2999,36,Female,28,16,4,9,Premium,Annual,743,16,0
3000,55,Female,28,14,1,24,Premium,Annual,664,23,0
3001,20,Female,37,19,2,27,Standard,Monthly,307,27,1
3002,42,Female,47,25,8,18,Standard,Monthly,273,20,1
3003,27,Male,40,20,0,4,Basic,Monthly,750,15,0
3004,54,Female,9,3,1,13,Basic,Monthly,103,3,0
3005,50,Male,2,11,5,30,Basic,Annual,748,28,0
3006,61,Female,53,12,7,6,Premium,Quarterly,216,3,0
3007,47,Female,39,12,9,26,Basic,Annual,813,19,1
3008,62,Female,33,28,0,29,Premium,Monthly,277,11,1
3009,38,Female,41,7,0,30,Premium,Quarterly,230,12,1
3010,49,Female,49,13,5,17,Basic,Annual,896,1,1
3011,25,Male,19,26,8,17,Standard,Monthly,389,21,0
3012,54,Female,8,26,9,6,Standard,Quarterly,919,11,0
3013,57,Female,15,28,3,0,Premium,Monthly,246,24,0
3014,27,Female,33,26,3,21,Premium,Annual,391,12,1
3015,18,Female,37,18,4,17,Standard,Monthly,247,19,0
3016,31,Male,26,6,9,12,Basic,Annual,728,16,0
3017,22,Male,38,12,6,22,Standard,Annual,825,18,1
3018,21,Male,39,30,1,29,Premium,Annual,312,2,0
3019,62,Female,54,22,7,30,Standard,Monthly,756,5,1
3020,52,Male,60,26,7,16,Standard,Quarterly,572,11,1
3021,25,Female,2,3,1,5,Standard,Quarterly,972,9,0
3022,25,Female,59,21,10,19,Basic,Annual,519,5,1
3023,29,Female,6,14,9,5,Standard,Annual,193,21,0
3024,50,Male,24,1,3,22,Premium,Quarterly,202,13,0
3025,20,Male,23,9,5,16,Premium,Annual,301,19,0
3026,19,Male,45,21,5,23,Premium,Annual,458,10,1
3027,28,Male,60,6,9,26,Basic,Quarterly,295,25,1
3028,45,Male,34,17,1,22,Basic,Quarterly,518,1,0
3029,56,Male,59,30,0,5,Standard,Quarterly,222,3,0
3030,59,Male,8,7,2,0,Standard,Quarterly,588,21,0
3031,63,Female,59,19,0,0,Premium,Monthly,478,29,0
3032,28,Female,28,23,2,18,Basic,Quarterly,461,10,0
3033,20,Female,59,4,9,24,Basic,Quarterly,269,2,1
3034,37,Male,15,10,5,10,Basic,Annual,263,26,0
3035,61,Male,37,14,3,7,Standard,Monthly,168,10,0
3036,47,Male,9,17,7,11,Premium,Quarterly,458,21,0
3037,47,Male,39,3,9,0,Basic,Quarterly,810,24,0
3038,28,Male,22,28,9,10,Premium,Monthly,541,28,0
3039,33,Female,40,9,5,13,Premium,Monthly,483,14,0
3040,48,Female,52,15,0,22,Premium,Monthly,643,22,1
3041,29,Female,58,11,4,3,Premium,Quarterly,748,3,0
3042,54,Female,33,23,3,29,Premium,Annual,129,26,1
3043,19,Male,37,12,0,6,Premium,Quarterly,299,27,0
3044,37,Female,29,22,7,28,Basic,Monthly,207,28,1
3045,39,Female,51,11,9,10,Premium,Quarterly,362,16,0
3046,63,Female,10,9,0,8,Basic,Quarterly,167,7,0
3047,37,Female,54,13,9,4,Standard,Quarterly,576,8,0
3048,18,Female,11,9,0,18,Basic,Monthly,577,29,0
3049,56,Female,40,21,4,20,Premium,Annual,682,23,0
3050,56,Female,35,23,3,2,Basic,Monthly,419,2,0
3051,26,Male,19,22,7,6,Standard,Annual,466,5,0
3052,47,Male,35,11,4,17,Premium,Annual,800,14,0
3053,28,Female,9,6,1,23,Premium,Annual,576,6,0
3054,34,Female,39,5,0,5,Premium,Annual,118,10,0
3055,23,Female,24,28,9,18,Standard,Quarterly,715,25,1
3056,64,Female,47,5,4,19,Premium,Annual,885,24,1
3057,61,Female,29,8,6,25,Basic,Monthly,657,17,1
3058,46,Female,55,1,10,15,Basic,Monthly,146,23,0
3059,26,Female,24,4,9,15,Premium,Quarterly,142,26,0
3060,64,Female,56,13,8,15,Premium,Annual,909,19,0
3061,20,Male,59,23,9,24,Standard,Quarterly,339,19,1
3062,41,Female,56,23,4,19,Standard,Monthly,400,12,0
3063,18,Male,36,15,1,26,Premium,Annual,536,20,0
3064,45,Male,22,21,4,13,Basic,Monthly,550,29,0
3065,60,Female,1,18,6,16,Premium,Annual,560,6,0
3066,40,Male,15,3,8,17,Standard,Monthly,888,9,0
3067,22,Male,12,10,10,30,Standard,Annual,222,24,0
3068,18,Female,58,12,4,23,Standard,Monthly,641,13,1
3069,54,Male,46,15,4,7,Basic,Annual,650,21,0
3070,40,Male,27,25,3,11,Standard,Monthly,776,8,0
3071,59,Female,30,20,10,24,Standard,Monthly,495,21,1
3072,37,Male,21,6,2,2,Basic,Quarterly,564,28,0
3073,44,Female,26,19,0,20,Standard,Monthly,630,27,0
3074,45,Male,57,16,6,16,Premium,Quarterly,661,16,1
3075,38,Male,10,19,4,27,Premium,Monthly,392,20,0
3076,38,Male,19,3,3,16,Standard,Monthly,789,7,0
3077,40,Female,46,19,0,4,Standard,Monthly,381,1,0
3078,42,Male,28,6,3,9,Premium,Quarterly,402,30,0
3079,49,Male,30,3,8,6,Basic,Annual,824,18,0
3080,42,Male,52,12,5,7,Premium,Monthly,656,14,0
3081,19,Male,43,9,1,28,Basic,Quarterly,973,13,0
3082,26,Female,35,2,9,22,Basic,Quarterly,469,16,1
3083,57,Female,14,9,7,27,Standard,Quarterly,895,7,0
3084,55,Female,8,28,4,27,Premium,Monthly,356,5,1
3085,42,Male,25,4,7,14,Premium,Annual,895,26,0
3086,29,Female,4,21,6,24,Premium,Quarterly,862,29,0
3087,56,Male,12,13,3,8,Standard,Annual,661,24,0
3088,37,Female,38,14,10,16,Basic,Quarterly,169,19,1
3089,32,Male,10,12,10,6,Standard,Quarterly,527,4,0
3090,38,Male,50,6,2,25,Basic,Quarterly,617,19,0
3091,60,Male,13,28,4,23,Basic,Annual,481,4,0
3092,41,Male,6,8,1,28,Standard,Monthly,122,5,0
3093,35,Male,7,18,0,1,Basic,Monthly,180,15,0
3094,32,Female,1,10,0,22,Basic,Annual,474,19,1
3095,28,Male,16,26,1,23,Premium,Annual,509,22,0
3096,30,Male,30,17,8,18,Basic,Quarterly,208,10,1
3097,45,Female,34,16,8,16,Basic,Annual,925,13,1
3098,34,Female,45,21,6,26,Basic,Annual,779,28,1
3099,55,Male,6,28,9,22,Premium,Annual,359,11,0
3100,42,Male,33,14,1,22,Basic,Monthly,786,4,0
3101,40,Male,16,2,2,13,Basic,Quarterly,474,30,0
3102,64,Male,29,28,7,17,Basic,Quarterly,420,25,1
3103,65,Female,29,1,2,9,Basic,Monthly,555,1,0
3104,24,Female,19,18,3,15,Standard,Quarterly,926,3,0
3105,52,Female,2,29,3,15,Standard,Monthly,373,21,0
3106,38,Female,57,6,3,26,Standard,Annual,108,12,1
3107,55,Female,38,18,10,29,Basic,Quarterly,781,9,1
3108,42,Male,18,24,3,5,Premium,Monthly,919,21,0
3109,40,Male,22,9,1,27,Basic,Annual,598,6,0
3110,46,Male,51,27,2,14,Premium,Quarterly,119,19,0
3111,64,Male,17,20,2,23,Basic,Monthly,733,15,0
3112,30,Female,44,29,10,18,Premium,Annual,828,10,1
3113,62,Male,55,10,5,13,Basic,Annual,871,2,0
3114,57,Female,43,1,0,3,Standard,Annual,664,24,0
3115,37,Male,15,2,0,2,Standard,Quarterly,864,29,0
3116,49,Male,20,8,0,27,Standard,Quarterly,541,3,0
3117,53,Male,29,18,0,22,Standard,Quarterly,940,21,0
3118,58,Female,7,24,7,11,Premium,Annual,909,11,0
3119,48,Female,25,26,2,19,Premium,Annual,673,28,0
3120,61,Female,41,13,10,14,Standard,Annual,334,22,0
3121,33,Female,18,2,3,17,Basic,Quarterly,595,9,0
3122,56,Male,25,22,1,18,Basic,Quarterly,153,3,0
3123,39,Female,27,20,4,8,Basic,Monthly,590,1,0
3124,54,Male,38,4,8,27,Premium,Monthly,602,4,1
3125,54,Male,35,9,4,26,Premium,Monthly,116,12,0
3126,28,Male,14,25,2,17,Standard,Monthly,654,30,0
3127,21,Female,19,25,5,27,Premium,Monthly,931,17,1
3128,41,Female,15,21,1,25,Premium,Quarterly,738,18,0
3129,39,Male,58,7,7,27,Standard,Monthly,432,6,1
3130,61,Male,52,21,4,7,Premium,Annual,871,9,0
3131,40,Female,5,29,8,28,Standard,Monthly,602,15,1
3132,24,Male,5,13,5,10,Standard,Annual,811,15,0
3133,44,Male,22,17,7,16,Premium,Monthly,317,15,0
3134,33,Female,55,22,6,13,Basic,Annual,331,9,0
3135,61,Male,44,8,6,3,Basic,Quarterly,714,16,0
3136,27,Male,3,23,9,29,Standard,Quarterly,188,22,0
3137,43,Female,10,13,5,3,Standard,Monthly,405,6,0
3138,56,Male,10,17,10,13,Premium,Annual,632,10,0
3139,59,Female,39,21,7,12,Basic,Quarterly,708,14,0
3140,33,Male,24,27,5,8,Basic,Quarterly,685,13,0
3141,57,Male,45,16,8,2,Standard,Monthly,959,8,0
3142,50,Female,33,21,8,3,Basic,Quarterly,878,14,0
3143,61,Female,60,2,8,7,Premium,Quarterly,350,1,1
3144,63,Female,22,9,10,4,Premium,Annual,641,19,0
3145,25,Female,46,19,5,5,Standard,Annual,419,13,0
3146,59,Male,56,7,6,14,Premium,Monthly,122,8,0
3147,19,Female,46,18,10,20,Premium,Annual,162,18,1
3148,36,Female,30,5,7,17,Basic,Monthly,124,29,1
3149,22,Female,42,15,6,2,Standard,Monthly,573,25,0
3150,58,Female,19,5,4,17,Premium,Annual,233,10,1
3151,61,Male,37,6,5,19,Premium,Annual,954,25,1
3152,55,Male,57,10,0,11,Premium,Annual,603,10,0
3153,56,Male,20,30,0,17,Basic,Quarterly,661,30,0
3154,61,Female,18,20,4,18,Basic,Monthly,353,17,0
3155,37,Male,5,16,0,9,Premium,Quarterly,234,25,0
3156,48,Male,29,18,2,16,Basic,Monthly,563,3,0
3157,44,Female,26,6,1,9,Basic,Quarterly,340,9,0
3158,28,Female,10,19,7,0,Premium,Annual,618,11,0
3159,53,Male,13,16,6,4,Basic,Monthly,588,6,0
3160,20,Male,47,22,4,7,Standard,Annual,172,10,0
3161,47,Male,54,2,9,14,Standard,Quarterly,599,17,0
3162,46,Female,36,9,10,15,Premium,Annual,657,5,0
3163,55,Male,44,30,4,21,Premium,Quarterly,791,7,0
3164,49,Male,59,8,5,1,Premium,Quarterly,625,29,0
3165,21,Female,43,11,5,9,Standard,Quarterly,981,2,0
3166,40,Male,54,27,4,19,Standard,Monthly,582,21,0
3167,64,Male,42,12,9,22,Standard,Monthly,813,26,1
3168,36,Male,48,25,9,27,Standard,Annual,973,1,1
3169,32,Female,57,13,8,3,Standard,Monthly,959,27,0
3170,27,Female,27,28,8,9,Basic,Monthly,465,28,0
3171,37,Female,36,16,5,4,Standard,Monthly,371,17,0
3172,22,Male,53,11,5,16,Standard,Quarterly,411,22,1
3173,23,Female,16,19,8,18,Premium,Monthly,870,30,0
3174,35,Male,3,30,4,13,Basic,Annual,428,29,0
3175,41,Male,7,1,2,19,Premium,Annual,675,30,1
3176,54,Female,8,30,0,15,Basic,Monthly,475,20,0
3177,40,Female,41,21,8,26,Premium,Monthly,695,7,1
3178,38,Female,46,26,4,0,Basic,Quarterly,978,2,0
3179,59,Male,27,10,0,13,Premium,Monthly,939,3,0
3180,44,Male,36,9,2,22,Basic,Monthly,981,14,0
3181,41,Female,14,28,1,24,Standard,Annual,164,5,1
3182,33,Female,6,2,2,19,Premium,Quarterly,635,21,0
3183,53,Female,32,29,9,22,Basic,Annual,447,28,1
3184,52,Female,22,10,7,3,Standard,Quarterly,399,24,0
3185,37,Male,36,15,3,11,Basic,Annual,400,16,0
3186,65,Male,57,30,3,8,Standard,Monthly,827,27,0
3187,32,Male,44,9,0,29,Premium,Monthly,645,19,0
3188,36,Male,1,23,8,21,Basic,Quarterly,541,20,0
3189,19,Female,43,23,10,3,Standard,Annual,745,20,0
3190,42,Male,32,27,2,28,Basic,Quarterly,367,14,0
3191,30,Female,51,1,6,8,Premium,Quarterly,784,9,0
3192,45,Male,8,10,3,16,Premium,Annual,280,24,0
3193,29,Male,15,21,3,19,Premium,Monthly,179,18,0
3194,25,Female,13,27,1,22,Standard,Monthly,354,5,1
3195,58,Female,35,7,10,1,Premium,Monthly,536,6,0
3196,48,Female,21,30,1,9,Standard,Monthly,187,12,0
3197,26,Female,21,10,2,12,Basic,Quarterly,514,10,0
3198,25,Female,46,17,4,18,Standard,Monthly,687,17,0
3199,49,Male,16,4,1,11,Standard,Monthly,807,24,0
3200,40,Female,24,1,7,10,Premium,Monthly,832,5,0
3201,51,Female,19,14,2,19,Standard,Monthly,945,27,0
3202,47,Female,29,15,7,8,Standard,Quarterly,481,8,0
3203,55,Female,41,11,6,7,Premium,Annual,732,3,0
3204,25,Female,13,9,8,30,Standard,Monthly,390,13,1
3205,42,Male,48,18,0,24,Standard,Annual,736,20,0
3206,52,Female,9,13,4,26,Basic,Quarterly,118,9,1
3207,29,Male,9,28,5,13,Basic,Annual,386,23,0
3208,49,Male,52,13,1,14,Basic,Monthly,646,14,0
3209,54,Male,44,3,6,0,Premium,Monthly,241,17,1
3210,41,Male,16,8,7,4,Premium,Quarterly,997,10,0
3211,43,Male,13,21,2,20,Basic,Monthly,413,6,0
3212,47,Male,33,12,7,29,Basic,Monthly,974,1,1
3213,40,Male,6,23,1,7,Premium,Annual,600,1,0
3214,55,Male,18,15,9,16,Basic,Quarterly,141,24,0
3215,26,Male,12,17,1,11,Premium,Monthly,251,7,0
3216,32,Female,24,2,0,20,Standard,Annual,396,27,0
3217,41,Female,23,23,0,10,Premium,Quarterly,401,19,0
3218,40,Female,48,4,2,11,Standard,Annual,911,8,0
3219,28,Male,34,13,5,27,Premium,Quarterly,213,26,1
3220,28,Female,17,18,0,27,Standard,Annual,543,14,0
3221,65,Female,27,14,6,22,Standard,Monthly,668,20,1
3222,53,Female,59,19,6,13,Basic,Quarterly,261,9,0
3223,38,Male,36,27,0,30,Premium,Quarterly,878,17,0
3224,32,Male,10,22,5,21,Standard,Annual,208,4,0
3225,58,Male,47,20,6,24,Basic,Monthly,328,6,1
3226,34,Male,39,13,2,21,Basic,Quarterly,481,11,0
3227,55,Male,30,9,0,16,Standard,Quarterly,914,2,0
3228,46,Male,43,30,0,24,Standard,Monthly,721,27,0
3229,65,Female,21,22,4,1,Standard,Annual,531,8,0
3230,48,Female,36,28,9,3,Standard,Monthly,442,1,0
3231,42,Female,20,16,3,28,Premium,Annual,695,12,0
3232,37,Female,43,12,5,3,Standard,Quarterly,493,21,0
3233,29,Female,19,2,9,7,Basic,Monthly,507,24,0
3234,63,Male,39,29,2,1,Basic,Monthly,994,17,0
3235,37,Male,22,14,1,19,Standard,Annual,612,8,0
3236,48,Female,50,2,2,12,Premium,Annual,173,10,1
3237,22,Male,16,28,9,9,Basic,Monthly,186,16,0
3238,36,Female,16,8,2,13,Standard,Annual,443,30,0
3239,63,Female,34,3,10,11,Standard,Quarterly,797,20,1
3240,52,Male,47,28,6,30,Standard,Monthly,743,20,1
3241,35,Female,49,24,2,19,Premium,Annual,333,25,0
3242,42,Female,20,24,2,17,Premium,Monthly,785,25,0
3243,35,Male,25,25,7,22,Standard,Quarterly,785,29,1
3244,63,Male,31,20,9,17,Basic,Quarterly,242,12,1
3245,22,Female,32,28,9,26,Basic,Monthly,359,25,1
3246,25,Male,36,11,6,7,Standard,Annual,160,3,0
3247,57,Female,10,29,10,0,Basic,Annual,640,15,0
3248,46,Male,1,1,6,23,Basic,Quarterly,110,13,1
3249,27,Female,53,12,3,11,Standard,Quarterly,411,28,0
3250,56,Male,43,26,10,1,Standard,Quarterly,783,22,0
3251,46,Female,52,12,1,14,Standard,Annual,478,20,0
3252,42,Female,32,8,2,27,Basic,Quarterly,485,1,1
3253,24,Female,46,13,4,25,Standard,Annual,122,3,1
3254,63,Male,7,14,3,29,Standard,Monthly,524,26,0
3255,49,Female,13,11,5,24,Standard,Quarterly,854,19,0
3256,62,Female,30,26,3,18,Standard,Annual,535,20,0
3257,21,Male,10,20,0,16,Premium,Annual,196,30,0
3258,60,Female,60,9,0,30,Premium,Annual,718,28,0
3259,60,Male,44,14,2,30,Standard,Monthly,317,22,0
3260,39,Male,48,29,0,19,Standard,Monthly,949,9,0
3261,63,Male,30,25,0,9,Standard,Monthly,738,3,0
3262,32,Male,43,12,5,1,Standard,Monthly,264,21,0
3263,49,Female,1,28,6,30,Standard,Annual,370,19,1
3264,33,Male,7,1,0,15,Basic,Monthly,853,19,0
3265,39,Male,17,19,8,24,Premium,Quarterly,462,15,0
3266,46,Male,45,2,3,8,Premium,Monthly,386,12,0
3267,24,Female,19,3,8,15,Premium,Annual,905,27,0
3268,56,Female,60,13,10,23,Basic,Monthly,346,3,1
3269,22,Male,40,6,1,26,Standard,Quarterly,917,4,0
3270,32,Female,2,10,7,25,Basic,Monthly,818,11,1
3271,37,Female,33,19,1,3,Standard,Monthly,912,23,0
3272,24,Male,31,25,2,29,Premium,Monthly,187,28,0
3273,36,Male,26,23,8,27,Basic,Quarterly,216,25,1
3274,32,Female,55,21,10,0,Premium,Annual,944,4,0
3275,63,Male,57,11,3,26,Premium,Annual,779,9,0
3276,34,Female,39,19,5,4,Premium,Annual,128,3,0
3277,46,Female,7,9,8,17,Basic,Quarterly,706,3,0
3278,47,Male,14,11,5,5,Premium,Annual,176,16,0
3279,50,Male,37,4,4,18,Premium,Annual,997,18,0
3280,41,Male,35,17,0,23,Standard,Annual,186,26,0
3281,45,Female,46,18,5,20,Basic,Annual,473,22,1
3282,49,Male,30,10,2,5,Basic,Monthly,537,27,0
3283,38,Male,14,9,3,22,Premium,Monthly,475,16,0
3284,53,Female,54,13,5,26,Standard,Quarterly,603,7,1
3285,55,Female,59,9,7,24,Premium,Monthly,646,10,1
3286,63,Male,46,23,6,13,Standard,Quarterly,417,20,0
3287,22,Female,26,22,2,15,Standard,Monthly,971,13,0
3288,41,Male,22,4,10,6,Basic,Annual,434,10,0
3289,65,Male,54,28,4,29,Premium,Monthly,353,4,0
3290,60,Male,35,20,1,28,Premium,Quarterly,951,13,0
3291,21,Female,26,13,9,28,Basic,Annual,524,2,1
3292,51,Male,35,21,10,26,Basic,Monthly,956,24,1
3293,20,Male,25,29,7,8,Standard,Quarterly,553,20,0
3294,57,Female,51,1,9,0,Basic,Quarterly,476,22,1
3295,62,Male,54,22,9,23,Standard,Quarterly,999,9,1
3296,21,Female,22,14,4,21,Basic,Quarterly,487,16,1
3297,61,Male,60,8,0,9,Standard,Monthly,330,30,0
3298,20,Female,51,12,3,28,Basic,Monthly,829,17,1
3299,31,Female,24,6,9,18,Standard,Quarterly,190,1,1
3300,54,Female,55,24,7,16,Standard,Annual,665,17,1
3301,22,Male,4,13,0,4,Standard,Quarterly,811,16,0
3302,40,Female,49,30,10,25,Premium,Monthly,199,24,1
3303,32,Male,26,30,2,16,Premium,Quarterly,335,25,0
3304,29,Male,60,9,10,16,Premium,Annual,612,25,1
3305,31,Male,43,13,0,22,Standard,Monthly,130,21,0
3306,24,Female,28,24,7,10,Premium,Quarterly,103,6,0
3307,43,Female,5,3,3,28,Basic,Monthly,381,14,1
3308,53,Male,17,17,5,4,Premium,Quarterly,536,13,0
3309,19,Male,20,29,10,8,Premium,Monthly,809,28,0
3310,47,Female,17,19,5,13,Premium,Quarterly,307,21,0
3311,64,Male,1,25,10,28,Basic,Quarterly,563,4,0
3312,43,Female,21,26,1,5,Standard,Annual,504,9,0
3313,39,Male,9,6,4,14,Basic,Quarterly,167,25,0
3314,44,Male,50,6,8,18,Premium,Annual,495,30,1
3315,55,Female,56,13,4,22,Standard,Quarterly,838,17,0
3316,29,Male,49,13,1,25,Standard,Quarterly,352,7,0
3317,51,Female,9,24,3,25,Standard,Quarterly,735,5,0
3318,19,Male,34,13,1,8,Premium,Monthly,837,5,0
3319,19,Male,40,5,7,8,Basic,Annual,505,26,0
3320,56,Female,6,19,8,30,Premium,Monthly,476,28,1
3321,29,Female,58,16,9,23,Standard,Annual,692,4,1
3322,41,Female,51,14,0,25,Premium,Annual,910,20,0
3323,53,Female,17,30,0,30,Standard,Annual,327,3,1
3324,21,Female,11,22,9,1,Standard,Monthly,144,10,0
3325,54,Male,14,10,4,22,Premium,Quarterly,402,11,0
3326,61,Male,32,20,8,7,Basic,Monthly,355,23,0
3327,24,Female,44,13,10,3,Premium,Quarterly,428,20,0
3328,26,Female,55,3,4,20,Basic,Annual,746,6,0
3329,44,Male,17,13,6,24,Basic,Annual,849,29,0
3330,64,Female,11,26,8,21,Premium,Annual,534,7,0
3331,38,Male,26,14,10,16,Premium,Monthly,339,6,1
3332,42,Female,18,15,10,25,Standard,Monthly,187,5,1
3333,44,Male,47,30,9,25,Basic,Monthly,489,3,1
3334,50,Female,45,2,7,14,Basic,Monthly,272,8,0
3335,35,Male,60,17,4,15,Standard,Monthly,597,16,0
3336,37,Female,44,17,7,0,Standard,Annual,851,19,0
3337,57,Male,5,3,5,0,Basic,Annual,753,22,1
3338,58,Female,19,7,2,7,Standard,Annual,753,14,0
3339,52,Male,15,26,1,23,Basic,Annual,794,23,0
3340,20,Male,17,10,5,10,Premium,Monthly,682,9,0
3341,48,Female,22,8,4,16,Standard,Quarterly,625,20,0
3342,33,Male,17,26,8,15,Basic,Monthly,573,21,0
3343,52,Male,39,12,1,19,Premium,Quarterly,104,19,0
3344,37,Male,29,17,9,2,Basic,Annual,580,22,0
3345,27,Female,24,20,6,0,Basic,Monthly,109,6,0
3346,32,Male,4,16,8,8,Standard,Annual,123,27,0
3347,55,Female,10,9,9,22,Standard,Quarterly,929,13,0
3348,63,Male,49,2,10,4,Premium,Annual,636,9,1
3349,54,Male,30,17,2,11,Basic,Monthly,569,27,0
3350,20,Female,7,1,9,6,Basic,Annual,444,10,1
3351,30,Female,55,3,6,23,Premium,Quarterly,154,20,1
3352,53,Female,56,2,7,28,Standard,Annual,437,9,1
3353,25,Male,13,11,3,29,Basic,Quarterly,537,27,0
3354,54,Female,23,9,3,22,Standard,Monthly,667,16,1
3355,35,Female,31,10,8,20,Premium,Quarterly,780,17,1
3356,44,Male,41,20,8,14,Basic,Quarterly,712,23,0
3357,26,Male,52,13,9,24,Basic,Quarterly,495,13,1
3358,46,Female,33,14,2,8,Standard,Quarterly,651,1,0
3359,22,Male,33,7,9,10,Premium,Quarterly,226,20,0
3360,57,Female,25,26,6,25,Premium,Annual,376,1,1
3361,42,Male,40,23,6,2,Premium,Quarterly,651,11,0
3362,62,Female,46,29,6,17,Standard,Monthly,157,24,1
3363,20,Female,41,16,6,15,Standard,Monthly,837,30,0
3364,46,Female,2,16,3,0,Standard,Quarterly,882,26,0
3365,51,Female,26,12,0,16,Premium,Annual,110,19,0
3366,62,Male,17,8,7,7,Premium,Monthly,178,19,0
3367,65,Female,30,25,3,8,Basic,Annual,235,3,0
3368,55,Male,30,5,9,7,Premium,Monthly,524,4,1
3369,42,Female,1,25,8,9,Premium,Monthly,972,17,0
3370,34,Male,35,7,9,21,Premium,Quarterly,914,1,1
3371,41,Male,60,1,2,26,Basic,Monthly,952,14,0
3372,20,Female,26,22,8,24,Standard,Monthly,650,2,1
3373,63,Female,55,18,2,12,Standard,Quarterly,693,25,0
3374,33,Male,54,16,0,6,Premium,Quarterly,386,12,0
3375,58,Male,51,18,9,17,Standard,Quarterly,618,24,1
3376,21,Female,21,14,3,14,Premium,Monthly,133,20,0
3377,18,Female,13,28,2,24,Basic,Monthly,238,7,1
3378,22,Female,29,8,4,25,Premium,Quarterly,658,27,0
3379,25,Male,37,9,2,19,Standard,Quarterly,490,18,0
3380,63,Male,40,10,9,25,Basic,Monthly,272,23,1
3381,55,Female,17,22,2,1,Basic,Quarterly,682,25,0
3382,38,Female,40,26,4,11,Basic,Monthly,634,6,0
3383,54,Female,7,28,4,9,Premium,Quarterly,967,20,0
3384,18,Male,15,23,3,30,Standard,Monthly,263,28,0
3385,37,Female,22,8,0,13,Basic,Monthly,427,27,0
3386,48,Female,8,10,2,23,Premium,Monthly,770,20,1
3387,38,Male,12,16,7,1,Standard,Quarterly,241,30,0
3388,48,Male,18,28,2,0,Standard,Monthly,821,14,0
3389,61,Male,34,30,0,27,Standard,Quarterly,553,22,0
3390,20,Female,23,27,2,6,Premium,Annual,973,25,0
3391,46,Female,45,20,9,10,Basic,Monthly,438,28,0
3392,20,Male,27,9,2,4,Basic,Quarterly,993,30,0
3393,40,Male,29,9,5,3,Standard,Monthly,681,5,0
3394,34,Male,43,14,9,24,Basic,Annual,110,22,1
3395,59,Female,53,2,4,10,Basic,Quarterly,751,2,1
3396,29,Male,36,20,4,26,Premium,Quarterly,871,29,0
3397,61,Female,40,20,0,3,Premium,Monthly,115,16,0
3398,19,Male,14,24,9,7,Basic,Annual,829,4,0
3399,54,Male,45,21,7,16,Basic,Quarterly,933,26,1
3400,64,Female,35,6,8,13,Basic,Monthly,619,24,0
3401,59,Male,46,22,7,21,Standard,Annual,261,21,1
3402,22,Female,8,2,6,25,Basic,Quarterly,112,29,1
3403,58,Male,12,27,6,1,Premium,Annual,893,11,0
3404,61,Female,53,24,2,27,Premium,Annual,437,27,1
3405,41,Male,41,17,4,24,Basic,Annual,498,4,0
3406,22,Female,57,7,4,3,Premium,Monthly,158,25,0
3407,65,Male,34,3,0,18,Basic,Annual,798,15,0
3408,63,Male,38,9,9,9,Basic,Monthly,164,2,0
3409,61,Male,49,15,5,4,Standard,Annual,233,23,0
3410,45,Female,35,28,6,17,Standard,Quarterly,299,27,1
3411,49,Male,17,6,8,26,Basic,Monthly,677,18,0
3412,64,Male,57,3,1,6,Premium,Monthly,251,8,0
3413,33,Male,2,2,1,12,Premium,Quarterly,986,11,0
3414,44,Female,28,11,5,16,Standard,Annual,568,22,1
3415,49,Male,39,14,9,29,Standard,Monthly,475,21,1
3416,52,Male,48,30,0,18,Basic,Annual,999,22,0
3417,54,Male,51,20,0,17,Premium,Monthly,282,1,0
3418,37,Male,47,24,10,14,Basic,Monthly,197,24,0
3419,23,Female,44,22,9,1,Premium,Annual,239,4,0
3420,27,Female,41,12,3,2,Basic,Quarterly,147,7,0
3421,43,Male,42,4,3,11,Premium,Annual,713,17,0
3422,22,Male,27,19,9,14,Standard,Quarterly,990,22,0
3423,55,Male,47,16,3,18,Standard,Monthly,445,18,0
3424,19,Male,7,25,0,0,Basic,Quarterly,533,25,0
3425,25,Female,35,19,0,25,Basic,Annual,622,22,0
3426,34,Male,4,15,1,5,Standard,Annual,169,13,0
3427,57,Male,30,1,7,23,Basic,Quarterly,926,24,1
3428,58,Female,34,13,4,19,Premium,Monthly,376,6,0
3429,51,Male,28,1,6,19,Standard,Annual,689,22,1
3430,56,Female,34,29,4,20,Basic,Annual,874,5,0
3431,64,Male,21,24,1,10,Basic,Annual,376,4,0
3432,47,Female,9,27,3,4,Premium,Quarterly,711,23,0
3433,47,Female,32,29,7,13,Premium,Quarterly,747,16,0
3434,62,Female,44,18,7,9,Premium,Annual,605,18,0
3435,25,Male,20,24,6,21,Standard,Annual,413,1,0
3436,52,Male,14,30,10,14,Premium,Annual,438,6,0
3437,56,Male,15,8,0,11,Basic,Annual,729,13,0
3438,46,Female,28,17,1,3,Premium,Quarterly,757,16,0
3439,62,Female,7,25,2,2,Premium,Quarterly,262,10,0
3440,50,Male,21,15,1,12,Standard,Quarterly,808,1,0
3441,58,Female,37,30,9,9,Premium,Quarterly,359,11,0
3442,33,Male,42,15,1,2,Premium,Quarterly,902,24,0
3443,24,Male,32,17,8,18,Standard,Monthly,890,30,1
3444,29,Female,3,27,10,6,Basic,Quarterly,862,24,0
3445,44,Female,56,2,4,5,Premium,Annual,810,15,0
3446,40,Female,38,18,2,30,Basic,Monthly,985,10,1
3447,26,Female,29,25,0,5,Premium,Quarterly,571,14,0
3448,46,Male,1,13,1,24,Premium,Annual,493,21,0
3449,20,Male,14,22,10,9,Premium,Annual,387,26,0
3450,62,Female,27,20,1,6,Basic,Quarterly,753,7,0
3451,45,Female,34,25,0,16,Basic,Annual,239,5,0
3452,24,Male,49,14,6,4,Premium,Annual,860,24,0
3453,33,Male,39,26,4,29,Basic,Quarterly,336,20,0
3454,51,Male,54,19,2,21,Basic,Monthly,874,12,0
3455,37,Female,14,12,8,15,Standard,Annual,335,15,0
3456,48,Male,20,4,7,15,Premium,Annual,275,5,0
3457,43,Female,16,20,8,23,Premium,Quarterly,408,20,1
3458,37,Female,43,7,10,8,Basic,Quarterly,950,9,0
3459,47,Female,36,6,7,2,Basic,Monthly,179,23,0
3460,26,Male,14,18,4,2,Premium,Monthly,184,24,0
3461,26,Female,57,26,9,30,Standard,Monthly,255,8,1
3462,44,Male,39,13,2,4,Standard,Annual,482,23,0
3463,22,Male,46,9,9,25,Standard,Monthly,867,18,1
3464,28,Male,57,1,3,6,Standard,Annual,573,22,0
3465,61,Female,14,23,0,10,Premium,Annual,550,20,0
3466,28,Male,6,13,8,23,Basic,Annual,154,15,0
3467,43,Female,36,9,9,3,Standard,Annual,692,1,0
3468,37,Female,27,7,9,8,Standard,Quarterly,614,29,0
3469,56,Male,32,20,5,21,Standard,Annual,453,13,1
3470,24,Female,41,8,8,0,Standard,Quarterly,820,22,0
3471,38,Female,36,12,2,2,Premium,Annual,873,29,0
3472,64,Female,27,12,10,13,Basic,Monthly,954,9,0
3473,18,Male,9,4,10,12,Premium,Annual,928,17,0
3474,49,Female,40,14,1,25,Premium,Annual,256,18,1
3475,34,Male,48,10,3,11,Standard,Monthly,150,9,0
3476,58,Female,7,19,6,25,Standard,Monthly,448,11,1
3477,24,Male,14,8,8,26,Premium,Monthly,878,1,0
3478,59,Male,51,30,7,7,Premium,Quarterly,983,14,0
3479,25,Female,35,23,1,28,Premium,Monthly,943,7,1
3480,43,Female,30,21,1,2,Premium,Quarterly,728,29,0
3481,42,Male,51,23,0,4,Premium,Quarterly,598,19,0
3482,41,Male,48,5,7,15,Standard,Monthly,694,20,0
3483,55,Male,25,2,8,10,Standard,Annual,372,4,1
3484,22,Female,58,15,3,28,Standard,Quarterly,324,28,1
3485,63,Male,32,6,2,15,Premium,Quarterly,737,18,0
3486,26,Male,35,26,9,25,Basic,Annual,288,17,1
3487,32,Female,45,28,10,12,Standard,Quarterly,935,15,0
3488,53,Female,3,23,3,10,Basic,Monthly,288,8,0
3489,65,Male,37,11,1,10,Basic,Annual,338,13,0
3490,41,Female,36,26,9,11,Premium,Annual,782,4,0
3491,65,Male,36,23,1,30,Premium,Monthly,207,29,0
3492,51,Male,19,1,1,20,Standard,Monthly,504,25,0
3493,40,Female,11,18,7,17,Standard,Annual,628,1,0
3494,64,Female,17,4,0,22,Standard,Quarterly,562,27,0
3495,45,Female,20,26,2,25,Premium,Annual,560,30,0
3496,52,Male,20,10,2,11,Standard,Monthly,858,9,0
3497,64,Male,33,22,8,21,Premium,Annual,137,16,1
3498,46,Female,19,14,9,13,Standard,Annual,622,17,0
3499,60,Male,27,14,3,23,Basic,Monthly,658,14,0
3500,27,Male,60,2,0,25,Premium,Quarterly,519,22,0
3501,61,Female,7,27,8,9,Standard,Annual,220,29,0
3502,33,Female,47,11,8,16,Basic,Monthly,820,3,1
3503,60,Male,6,26,10,25,Premium,Quarterly,246,18,0
3504,45,Female,3,4,9,5,Basic,Monthly,591,13,0
3505,30,Male,50,13,7,30,Premium,Quarterly,671,20,1
3506,52,Male,31,29,6,2,Standard,Monthly,925,16,0
3507,65,Female,33,16,5,6,Basic,Quarterly,586,5,0
3508,45,Female,2,13,1,12,Premium,Quarterly,487,6,0
3509,45,Female,25,1,10,7,Basic,Monthly,333,18,0
3510,23,Male,59,12,2,25,Premium,Annual,764,11,0
3511,44,Male,16,12,8,1,Premium,Annual,784,14,0
3512,49,Male,55,16,7,12,Premium,Quarterly,942,28,0
3513,27,Male,56,26,10,20,Basic,Quarterly,874,13,1
3514,18,Male,46,25,1,10,Premium,Annual,681,23,0
3515,31,Male,30,9,6,16,Premium,Monthly,568,23,1
3516,24,Female,50,13,9,20,Premium,Annual,562,29,1
3517,31,Female,48,7,9,25,Standard,Quarterly,698,16,1
3518,22,Female,27,16,8,9,Premium,Quarterly,380,10,0
3519,65,Male,34,12,3,30,Premium,Monthly,645,15,0
3520,44,Male,23,15,9,11,Basic,Quarterly,233,6,0
3521,18,Female,24,20,9,1,Basic,Annual,149,25,0
3522,48,Female,32,4,2,16,Basic,Quarterly,194,16,0
3523,29,Female,55,1,5,9,Premium,Monthly,578,11,0
3524,53,Female,45,27,2,23,Premium,Monthly,891,16,1
3525,24,Female,60,13,2,15,Standard,Quarterly,580,1,0
3526,45,Female,8,23,1,28,Basic,Quarterly,643,3,0
3527,36,Female,9,2,8,8,Basic,Quarterly,243,24,0
3528,63,Female,43,29,6,24,Premium,Monthly,960,24,1
3529,54,Male,5,3,2,17,Basic,Annual,796,20,1
3530,42,Female,21,15,10,13,Standard,Monthly,507,3,0
3531,52,Female,38,12,1,11,Standard,Monthly,421,29,0
3532,23,Female,23,11,10,12,Standard,Annual,126,2,0
3533,46,Male,43,30,4,30,Standard,Annual,592,23,0
3534,57,Male,5,20,8,12,Standard,Annual,917,25,0
3535,53,Female,15,3,8,15,Standard,Quarterly,887,18,1
3536,32,Male,40,11,4,27,Basic,Annual,624,23,0
3537,27,Female,57,21,3,20,Basic,Monthly,203,3,0
3538,62,Female,10,28,0,12,Premium,Annual,270,25,0
3539,35,Female,20,23,0,21,Standard,Quarterly,901,11,0
3540,47,Female,50,4,9,3,Premium,Annual,500,21,0
3541,58,Male,54,5,6,10,Basic,Annual,118,18,1
3542,22,Male,22,22,2,14,Standard,Annual,572,4,0
3543,28,Male,16,9,1,13,Premium,Quarterly,338,17,0
3544,63,Male,3,12,8,14,Basic,Monthly,241,23,0
3545,46,Male,48,1,6,4,Premium,Annual,469,28,0
3546,52,Female,43,23,10,28,Basic,Annual,693,16,1
3547,57,Male,26,27,5,8,Premium,Monthly,586,8,0
3548,54,Male,52,26,8,8,Standard,Monthly,300,26,0
3549,27,Female,56,5,9,5,Standard,Quarterly,467,25,0
3550,61,Female,42,12,2,7,Premium,Monthly,928,22,0
3551,50,Female,37,28,9,16,Standard,Monthly,739,15,1
3552,32,Male,14,7,5,20,Basic,Monthly,260,9,0
3553,40,Female,3,4,8,24,Standard,Monthly,378,8,1
3554,60,Female,22,30,1,7,Standard,Annual,926,28,0
3555,60,Male,8,19,8,29,Standard,Monthly,481,28,0
3556,49,Male,35,9,2,4,Basic,Annual,220,17,0
3557,21,Male,6,27,10,20,Premium,Monthly,378,27,0
3558,19,Female,35,6,7,26,Standard,Annual,694,8,1
3559,36,Male,48,10,10,12,Premium,Monthly,849,19,0
3560,64,Female,26,24,6,11,Standard,Annual,869,17,0
3561,65,Male,43,22,10,18,Premium,Monthly,768,28,1
3562,59,Female,10,29,7,29,Premium,Annual,917,22,0
3563,55,Male,35,4,1,0,Basic,Quarterly,308,14,0
3564,47,Male,22,24,0,30,Premium,Monthly,947,2,0
3565,28,Female,26,13,5,17,Standard,Annual,216,14,1
3566,50,Female,42,3,0,10,Premium,Quarterly,661,2,0
3567,29,Female,20,9,1,29,Premium,Quarterly,759,2,0
3568,58,Female,1,26,6,16,Standard,Annual,379,1,0
3569,51,Male,52,26,7,2,Premium,Annual,182,18,0
3570,56,Male,46,11,3,16,Basic,Monthly,826,11,0
3571,21,Female,19,26,5,16,Basic,Annual,526,30,0
3572,24,Female,50,14,7,9,Premium,Monthly,194,21,0
3573,29,Female,1,20,7,9,Basic,Annual,919,28,0
3574,25,Male,17,4,1,5,Standard,Annual,690,13,0
3575,42,Male,41,18,10,8,Basic,Monthly,778,24,0
3576,37,Female,50,4,2,12,Standard,Annual,846,15,0
3577,65,Female,43,2,4,29,Basic,Quarterly,428,3,1
3578,26,Male,26,6,10,14,Standard,Quarterly,374,15,0
3579,19,Male,25,10,4,25,Basic,Quarterly,478,16,0
3580,30,Female,56,5,5,19,Basic,Quarterly,473,30,1
3581,55,Female,15,8,7,6,Basic,Annual,903,4,0
3582,23,Male,20,24,3,5,Standard,Annual,249,3,0
3583,36,Male,14,17,8,4,Basic,Annual,193,21,0
3584,41,Female,12,26,4,20,Standard,Monthly,564,21,0
3585,55,Female,46,15,9,12,Basic,Annual,891,16,0
3586,52,Female,36,5,8,11,Standard,Quarterly,625,14,1
3587,62,Male,39,16,6,22,Basic,Quarterly,636,4,1
3588,23,Female,5,20,8,27,Basic,Annual,734,25,0
3589,40,Male,4,1,4,21,Premium,Quarterly,719,14,0
3590,52,Male,10,10,4,7,Basic,Annual,961,14,0
3591,19,Male,52,4,6,25,Premium,Annual,970,28,1
3592,27,Male,59,7,5,9,Standard,Annual,269,13,0
3593,31,Male,27,13,4,0,Premium,Annual,124,27,0
3594,27,Male,42,20,8,15,Premium,Quarterly,154,2,0
3595,39,Male,23,16,4,26,Basic,Quarterly,612,3,0
3596,33,Female,41,24,8,7,Basic,Quarterly,227,30,0
3597,57,Female,28,6,3,5,Basic,Monthly,120,18,0
3598,58,Male,28,3,1,23,Standard,Annual,540,17,0
3599,54,Female,57,8,8,14,Basic,Monthly,960,24,0
3600,47,Female,39,2,8,29,Standard,Quarterly,855,5,1
3601,25,Female,39,17,2,6,Premium,Monthly,683,24,0
3602,54,Male,10,16,0,16,Basic,Quarterly,888,4,0
3603,33,Male,35,9,5,18,Standard,Annual,976,26,1
3604,18,Female,49,6,10,30,Basic,Quarterly,695,19,1
3605,45,Female,31,3,8,22,Standard,Quarterly,272,10,1
3606,20,Male,52,19,10,4,Premium,Monthly,578,7,0
3607,29,Male,4,13,2,28,Premium,Monthly,421,10,0
3608,43,Male,32,30,1,14,Standard,Annual,843,9,0
3609,48,Female,29,3,6,16,Basic,Annual,151,6,1
3610,48,Male,48,21,1,8,Premium,Quarterly,393,2,0
3611,33,Female,57,14,6,27,Basic,Annual,484,26,1
3612,35,Female,57,12,4,21,Premium,Monthly,370,14,1
3613,30,Female,17,29,1,1,Standard,Quarterly,820,3,0
3614,38,Female,42,22,3,11,Premium,Annual,760,28,0
3615,65,Female,9,26,6,13,Standard,Annual,291,14,0
3616,26,Female,15,4,3,26,Standard,Monthly,771,9,1
3617,65,Female,34,21,0,3,Standard,Monthly,566,14,0
3618,41,Female,7,22,8,20,Premium,Quarterly,153,21,0
3619,37,Male,46,28,3,12,Premium,Quarterly,270,3,0
3620,30,Male,54,11,4,23,Standard,Annual,465,12,0
3621,65,Male,27,3,3,16,Premium,Quarterly,945,11,0
3622,45,Male,14,15,1,20,Basic,Quarterly,961,25,0
3623,49,Female,35,2,1,22,Standard,Annual,851,10,0
3624,56,Female,10,29,6,3,Basic,Quarterly,191,20,0
3625,39,Male,3,3,8,14,Basic,Annual,777,18,1
3626,64,Male,13,20,6,2,Standard,Quarterly,277,6,0
3627,30,Male,20,20,0,19,Standard,Annual,199,11,0
3628,18,Female,18,9,4,8,Standard,Quarterly,677,18,0
3629,30,Female,23,29,2,4,Premium,Monthly,183,29,0
3630,35,Male,53,19,3,9,Premium,Quarterly,217,21,0
3631,54,Male,58,7,1,23,Basic,Annual,749,21,0
3632,22,Male,48,6,4,12,Standard,Monthly,179,24,0
3633,46,Female,38,10,5,11,Standard,Monthly,922,5,0
3634,30,Female,26,27,0,10,Standard,Monthly,384,20,0
3635,30,Female,2,9,2,24,Premium,Monthly,182,9,1
3636,31,Female,4,13,4,8,Standard,Monthly,104,11,0
3637,61,Male,48,23,4,27,Basic,Annual,114,28,0
3638,25,Female,60,23,0,5,Standard,Quarterly,875,19,0
3639,41,Female,46,26,10,8,Premium,Quarterly,257,29,0
3640,42,Male,32,27,2,17,Premium,Annual,578,26,0
3641,52,Female,54,24,2,14,Basic,Quarterly,499,17,0
3642,53,Female,42,13,8,1,Basic,Quarterly,598,9,0
3643,40,Male,34,19,4,12,Standard,Monthly,349,24,0
3644,31,Male,16,20,9,7,Premium,Quarterly,634,26,0
3645,28,Female,11,19,1,28,Basic,Quarterly,685,3,0
3646,55,Female,42,6,10,25,Premium,Annual,380,20,1
3647,46,Female,42,6,4,9,Basic,Monthly,263,13,0
3648,20,Female,52,30,8,10,Standard,Annual,154,8,0
3649,62,Female,12,16,1,10,Standard,Monthly,857,18,0
3650,29,Female,8,4,10,25,Standard,Monthly,241,29,1
3651,49,Female,30,14,1,5,Premium,Monthly,392,16,0
3652,39,Female,22,25,5,7,Premium,Quarterly,983,23,0
3653,60,Female,32,23,4,29,Basic,Quarterly,857,25,0
3654,40,Male,18,4,0,6,Premium,Monthly,191,4,0
3655,43,Female,38,8,6,5,Standard,Annual,486,11,0
3656,44,Male,25,26,0,10,Standard,Monthly,453,16,0
3657,65,Female,30,28,7,24,Basic,Annual,365,24,1
3658,34,Male,3,1,9,6,Premium,Annual,176,20,1
3659,63,Male,46,5,7,25,Standard,Monthly,211,25,1
3660,34,Female,37,24,6,21,Premium,Quarterly,528,27,1
3661,42,Male,17,1,1,0,Premium,Monthly,603,21,0
3662,35,Female,6,10,1,17,Premium,Monthly,202,17,0
3663,20,Female,38,2,1,17,Standard,Quarterly,636,1,0
3664,41,Male,17,15,8,18,Basic,Quarterly,564,13,0
3665,50,Male,34,26,7,27,Basic,Annual,936,17,1
3666,30,Male,31,22,7,7,Premium,Annual,943,10,0
3667,56,Male,30,19,5,28,Standard,Annual,581,7,1
3668,50,Male,19,18,8,25,Standard,Monthly,883,9,0
3669,20,Female,58,21,3,3,Standard,Monthly,846,15,0
3670,54,Female,46,24,6,29,Basic,Quarterly,338,12,1
3671,36,Female,46,12,9,14,Basic,Quarterly,259,3,0
3672,42,Male,17,28,7,23,Basic,Monthly,457,4,0
3673,50,Female,54,27,2,9,Standard,Monthly,173,25,0
3674,41,Male,53,23,6,13,Basic,Annual,283,18,0
3675,25,Male,44,21,6,26,Premium,Quarterly,261,4,1
3676,63,Male,9,13,8,10,Premium,Monthly,939,15,0
3677,25,Male,4,8,10,8,Premium,Quarterly,790,12,0
3678,18,Female,51,21,3,27,Standard,Quarterly,282,25,1
3679,42,Male,7,28,0,6,Basic,Annual,245,24,0
3680,32,Male,48,29,7,11,Basic,Monthly,488,18,0
3681,60,Male,38,14,6,6,Standard,Monthly,343,11,0
3682,50,Male,37,10,8,19,Basic,Annual,834,17,1
3683,33,Male,35,13,9,11,Standard,Annual,572,24,0
3684,34,Male,23,24,3,5,Basic,Quarterly,145,6,0
3685,25,Male,6,23,2,30,Premium,Annual,814,8,0
3686,35,Male,55,26,9,2,Premium,Annual,587,25,0
3687,47,Female,55,14,1,29,Standard,Quarterly,183,18,1
3688,22,Female,21,19,6,4,Standard,Monthly,664,28,0
3689,51,Female,56,10,0,9,Premium,Quarterly,701,12,0
3690,27,Male,10,8,0,9,Basic,Annual,212,26,0
3691,50,Female,44,21,10,6,Basic,Quarterly,263,8,0
3692,37,Male,4,5,5,24,Basic,Monthly,567,23,0
3693,26,Male,11,21,2,23,Standard,Annual,318,13,0
3694,55,Female,26,10,4,3,Standard,Quarterly,992,18,0
3695,38,Male,33,27,0,27,Standard,Annual,802,23,0
3696,57,Male,27,1,1,2,Premium,Annual,192,22,1
3697,47,Female,18,28,7,2,Basic,Quarterly,440,30,0
3698,61,Female,38,4,0,28,Standard,Annual,968,9,0
3699,58,Male,35,16,7,25,Basic,Quarterly,780,2,1
3700,21,Female,12,28,7,10,Basic,Monthly,132,30,0
3701,30,Male,28,30,9,22,Basic,Monthly,897,1,1
3702,26,Female,3,7,5,5,Standard,Monthly,953,22,0
3703,33,Female,6,22,6,1,Basic,Quarterly,252,4,0
3704,27,Male,24,24,2,15,Basic,Quarterly,974,9,0
3705,58,Male,43,28,10,11,Premium,Monthly,277,14,0
3706,33,Female,3,4,4,16,Premium,Annual,692,22,0
3707,59,Female,60,11,1,25,Basic,Monthly,269,29,1
3708,25,Male,41,6,10,0,Basic,Quarterly,716,19,0
3709,54,Female,57,13,6,22,Basic,Annual,732,13,1
3710,48,Male,18,13,4,29,Premium,Monthly,717,19,0
3711,65,Male,53,13,1,24,Standard,Monthly,427,12,0
3712,23,Male,49,18,4,11,Standard,Monthly,791,5,0
3713,48,Female,6,27,1,23,Basic,Quarterly,219,22,1
3714,47,Male,30,14,3,25,Standard,Monthly,707,17,0
3715,65,Female,16,30,1,13,Premium,Annual,502,19,0
3716,27,Female,19,11,9,28,Premium,Annual,452,19,1
3717,23,Female,59,16,3,1,Premium,Monthly,469,16,0
3718,50,Female,48,23,6,11,Standard,Monthly,835,13,0
3719,27,Male,47,15,8,12,Standard,Annual,785,26,0
3720,42,Male,54,30,5,29,Basic,Annual,865,1,1
3721,51,Female,55,29,5,25,Basic,Monthly,490,17,1
3722,19,Female,9,6,6,16,Premium,Quarterly,561,16,0
3723,37,Male,54,7,9,17,Standard,Quarterly,567,14,1
3724,64,Female,33,5,2,8,Premium,Quarterly,475,29,0
3725,18,Female,33,28,3,24,Basic,Annual,563,6,0
3726,53,Female,2,27,10,23,Premium,Monthly,111,4,1
3727,25,Male,24,27,5,29,Basic,Monthly,281,18,1
3728,63,Female,17,16,2,12,Standard,Monthly,566,23,0
3729,48,Female,23,3,6,1,Basic,Quarterly,904,26,0
3730,33,Male,29,1,6,30,Basic,Quarterly,986,13,1
3731,64,Female,8,6,4,30,Basic,Quarterly,969,27,0
3732,23,Male,58,11,1,12,Premium,Annual,503,3,0
3733,57,Female,21,13,0,2,Standard,Monthly,107,3,0
3734,55,Male,31,10,3,4,Premium,Annual,571,11,0
3735,30,Female,56,11,2,30,Basic,Quarterly,659,13,0
3736,51,Female,21,7,9,27,Premium,Monthly,865,22,1
3737,49,Male,60,16,5,4,Premium,Monthly,819,22,0
3738,41,Male,40,14,4,7,Basic,Annual,764,15,0
3739,29,Male,49,22,9,1,Premium,Monthly,387,2,0
3740,31,Female,38,16,1,8,Basic,Annual,275,23,0
3741,50,Male,58,9,7,17,Basic,Quarterly,622,30,1
3742,43,Female,46,6,4,1,Premium,Monthly,311,22,0
3743,56,Female,28,18,9,15,Basic,Annual,834,30,0
3744,65,Female,24,26,10,1,Premium,Quarterly,534,4,0
3745,32,Male,60,1,9,16,Standard,Quarterly,742,21,1
3746,51,Male,31,24,7,5,Standard,Annual,163,14,0
3747,37,Male,46,12,4,23,Basic,Quarterly,458,21,0
3748,41,Female,5,14,7,10,Standard,Quarterly,410,14,0
3749,62,Female,3,8,0,8,Standard,Quarterly,334,3,0
3750,40,Female,56,1,7,30,Standard,Annual,592,11,1
3751,33,Male,32,28,9,5,Premium,Quarterly,623,29,0
3752,63,Female,6,8,3,8,Basic,Annual,773,2,0
3753,35,Female,15,20,6,29,Premium,Quarterly,641,8,0
3754,31,Male,8,28,6,25,Premium,Monthly,183,21,0
3755,65,Female,46,10,7,12,Premium,Monthly,759,29,0
3756,27,Male,21,23,0,0,Premium,Quarterly,511,16,0
3757,47,Male,48,6,0,23,Standard,Monthly,495,15,0
3758,29,Male,11,30,7,7,Basic,Quarterly,446,15,0
3759,19,Female,27,8,2,27,Premium,Monthly,646,3,1
3760,30,Female,37,23,4,1,Standard,Monthly,130,6,0
3761,46,Female,1,9,7,26,Basic,Quarterly,703,22,0
3762,54,Male,7,17,5,18,Basic,Monthly,888,4,0
3763,51,Female,56,14,0,16,Standard,Monthly,102,28,0
3764,24,Female,43,30,8,19,Premium,Monthly,416,7,1
3765,44,Male,7,10,1,6,Premium,Quarterly,654,9,0
3766,62,Male,12,15,8,22,Premium,Annual,729,1,0
3767,27,Female,57,6,4,23,Basic,Quarterly,734,16,0
3768,53,Female,46,14,10,14,Basic,Annual,907,2,0
3769,27,Female,16,22,1,6,Basic,Quarterly,275,11,0
3770,33,Male,60,12,4,18,Standard,Quarterly,995,20,0
3771,48,Male,59,25,4,3,Premium,Annual,941,3,0
3772,56,Male,1,12,7,16,Basic,Monthly,698,10,0
3773,26,Male,2,23,7,12,Standard,Annual,710,26,0
3774,55,Female,8,4,2,24,Premium,Annual,887,18,0
3775,37,Female,31,2,8,15,Premium,Monthly,387,5,0
3776,20,Male,1,17,5,22,Premium,Annual,661,29,0
3777,37,Male,49,25,1,28,Basic,Monthly,879,10,0
3778,38,Male,45,3,10,4,Premium,Monthly,571,11,0
3779,34,Female,50,1,3,5,Premium,Annual,917,22,0
3780,64,Female,41,24,3,19,Basic,Annual,328,30,0
3781,37,Male,53,13,6,3,Basic,Annual,230,4,0
3782,45,Female,28,11,8,5,Premium,Monthly,584,13,0
3783,34,Male,55,6,6,3,Standard,Quarterly,536,27,0
3784,51,Female,52,24,9,3,Basic,Quarterly,911,29,0
3785,59,Female,10,26,1,26,Standard,Annual,559,24,0
3786,65,Male,46,16,3,17,Premium,Quarterly,276,22,0
3787,47,Female,42,10,10,11,Premium,Annual,184,24,0
3788,51,Female,18,4,10,10,Standard,Monthly,895,27,1
3789,61,Female,40,8,4,6,Standard,Annual,686,25,0
3790,43,Male,30,11,0,17,Premium,Quarterly,941,13,0
3791,31,Female,53,7,9,21,Basic,Monthly,666,11,1
3792,38,Male,47,13,3,24,Premium,Annual,379,10,0
3793,40,Male,17,26,9,15,Standard,Monthly,734,16,0
3794,44,Male,41,1,3,30,Basic,Annual,976,4,0
3795,61,Female,7,15,5,26,Premium,Quarterly,437,24,1
3796,25,Female,58,8,8,22,Basic,Monthly,998,20,1
3797,56,Male,21,26,2,13,Standard,Annual,561,22,0
3798,59,Male,20,30,10,19,Standard,Monthly,299,23,0
3799,57,Male,7,23,8,18,Basic,Quarterly,255,2,0
3800,61,Male,50,9,7,12,Basic,Annual,914,14,0
3801,21,Male,47,21,6,11,Basic,Monthly,845,26,0
3802,45,Female,33,24,1,5,Basic,Annual,684,13,0
3803,55,Female,4,3,7,22,Standard,Annual,550,2,1
3804,38,Female,55,16,0,18,Standard,Annual,338,25,0
3805,38,Female,49,9,4,15,Basic,Quarterly,291,8,0
3806,46,Male,39,16,8,28,Premium,Annual,283,18,1
3807,29,Male,20,14,3,10,Standard,Quarterly,158,24,0
3808,36,Male,27,20,9,24,Basic,Annual,222,28,1
3809,50,Female,29,8,3,3,Standard,Annual,197,17,0
3810,43,Male,2,29,1,10,Standard,Quarterly,403,4,0
3811,54,Female,47,15,7,23,Standard,Quarterly,725,16,1
3812,39,Male,26,17,4,14,Premium,Monthly,924,19,0
3813,31,Male,54,16,4,27,Premium,Quarterly,185,21,0
3814,18,Female,2,28,5,10,Premium,Monthly,305,5,0
3815,60,Male,43,23,1,1,Premium,Quarterly,689,5,0
3816,61,Male,60,19,6,27,Basic,Monthly,897,28,1
3817,56,Male,26,9,3,4,Standard,Annual,418,14,0
3818,42,Male,5,15,4,19,Premium,Quarterly,208,24,0
3819,41,Female,28,16,2,13,Basic,Monthly,195,4,0
3820,51,Female,10,5,7,15,Standard,Monthly,170,12,1
3821,40,Female,28,22,9,4,Basic,Monthly,187,18,0
3822,23,Female,4,2,3,12,Premium,Quarterly,577,9,0
3823,59,Female,48,25,4,12,Standard,Quarterly,859,24,0
3824,63,Female,47,21,5,29,Standard,Quarterly,884,12,1
3825,22,Male,12,6,0,2,Basic,Annual,342,5,0
3826,33,Male,23,28,6,18,Standard,Quarterly,650,1,0
3827,58,Female,29,15,7,13,Premium,Annual,576,1,0
3828,34,Male,48,26,9,25,Premium,Annual,754,19,1
3829,19,Male,16,14,1,30,Basic,Quarterly,533,4,0
3830,37,Female,41,24,2,9,Basic,Quarterly,352,6,0
3831,30,Male,19,9,7,2,Standard,Monthly,905,29,0
3832,47,Female,5,2,6,27,Standard,Monthly,152,13,1
3833,46,Male,26,19,5,28,Premium,Monthly,718,8,1
3834,37,Female,9,8,6,2,Premium,Annual,759,11,0
3835,60,Male,23,14,5,13,Standard,Monthly,858,7,0
3836,32,Male,53,23,5,11,Basic,Quarterly,638,19,0
3837,19,Male,47,18,7,9,Premium,Quarterly,121,3,0
3838,65,Female,44,9,7,26,Standard,Monthly,211,3,1
3839,31,Female,19,24,2,11,Basic,Quarterly,292,3,0
3840,40,Female,35,18,8,10,Standard,Annual,590,8,0
3841,49,Female,30,19,5,30,Basic,Annual,228,20,1
3842,60,Male,44,4,4,3,Premium,Annual,780,10,1
3843,38,Male,36,6,8,20,Basic,Quarterly,269,14,1
3844,61,Female,23,3,5,10,Basic,Monthly,770,20,1
3845,65,Male,25,13,4,11,Premium,Annual,571,15,0
3846,58,Male,47,7,3,11,Standard,Annual,411,14,0
3847,47,Female,23,23,5,28,Basic,Quarterly,796,16,0
3848,63,Female,54,27,5,0,Standard,Quarterly,712,16,0
3849,33,Male,35,19,9,26,Standard,Annual,235,28,1
3850,49,Male,11,6,7,26,Premium,Quarterly,251,24,0
3851,33,Female,21,21,6,28,Standard,Monthly,941,10,1
3852,61,Male,49,18,4,6,Standard,Monthly,308,27,0
3853,21,Female,53,22,4,14,Basic,Annual,902,8,0
3854,58,Female,22,9,9,26,Basic,Monthly,507,23,1
3855,58,Female,59,29,8,1,Standard,Annual,715,12,0
3856,46,Female,3,14,9,29,Standard,Monthly,513,26,1
3857,58,Male,8,9,0,23,Basic,Monthly,123,25,0
3858,36,Female,28,4,10,3,Standard,Quarterly,393,11,0
3859,35,Female,12,15,2,8,Standard,Quarterly,445,16,0
3860,64,Female,28,10,3,8,Premium,Quarterly,940,20,0
3861,22,Female,56,28,3,21,Premium,Monthly,190,22,1
3862,40,Male,57,18,2,2,Premium,Monthly,624,17,0
3863,55,Female,37,30,1,1,Basic,Monthly,796,19,0
3864,30,Male,58,15,7,0,Standard,Quarterly,879,10,0
3865,20,Male,23,14,2,20,Premium,Monthly,476,10,0
3866,34,Female,33,19,6,24,Standard,Annual,930,11,1
3867,33,Male,29,15,2,1,Standard,Quarterly,469,1,0
3868,39,Male,13,27,8,17,Premium,Quarterly,631,14,0
3869,65,Female,13,17,1,4,Standard,Quarterly,990,8,0
3870,32,Male,57,5,6,16,Standard,Monthly,905,6,1
3871,54,Female,56,1,5,17,Standard,Monthly,989,19,1
3872,52,Female,22,2,4,30,Premium,Annual,486,23,1
3873,40,Female,60,19,7,5,Premium,Annual,898,27,0
3874,38,Female,24,19,6,5,Basic,Annual,698,18,0
3875,50,Female,22,29,10,14,Basic,Annual,771,6,0
3876,35,Male,10,8,0,8,Premium,Annual,422,12,0
3877,49,Female,50,22,6,5,Basic,Annual,234,11,0
3878,47,Male,14,18,3,3,Standard,Annual,820,24,0
3879,25,Female,9,7,1,16,Standard,Annual,585,12,0
3880,29,Male,31,9,10,8,Standard,Quarterly,906,26,0
3881,62,Female,16,20,2,3,Standard,Quarterly,680,11,0
3882,36,Male,9,28,5,25,Standard,Monthly,814,20,0
3883,36,Male,41,23,5,9,Basic,Annual,240,27,0
3884,53,Male,12,20,0,9,Basic,Monthly,390,4,0
3885,50,Female,27,12,7,0,Premium,Monthly,909,4,0
3886,60,Male,21,11,7,28,Basic,Monthly,944,8,0
3887,22,Male,6,3,6,30,Premium,Monthly,878,22,0
3888,20,Female,47,22,4,18,Standard,Monthly,438,12,0
3889,20,Male,16,15,5,2,Basic,Monthly,751,7,0
3890,27,Female,26,23,2,13,Standard,Quarterly,765,27,0
3891,18,Female,45,21,0,5,Premium,Monthly,200,26,0
3892,33,Male,55,4,7,22,Basic,Monthly,538,8,1
3893,21,Female,44,16,0,30,Standard,Monthly,364,22,1
3894,27,Female,28,15,7,19,Basic,Monthly,595,14,1
3895,52,Female,32,15,4,12,Basic,Annual,920,22,0
3896,23,Female,28,15,4,13,Basic,Monthly,619,29,0
3897,26,Female,4,4,10,8,Premium,Annual,621,18,0
3898,48,Male,4,10,6,15,Standard,Monthly,768,26,0
3899,63,Female,54,30,3,28,Basic,Monthly,861,17,1
3900,26,Male,16,4,10,6,Standard,Annual,386,12,0
3901,24,Male,12,27,7,15,Standard,Annual,126,24,0
3902,59,Male,46,14,10,22,Premium,Quarterly,531,27,1
3903,23,Female,26,24,3,7,Premium,Quarterly,709,7,0
3904,21,Male,44,27,9,0,Standard,Monthly,700,3,0
3905,46,Female,7,25,3,18,Basic,Monthly,138,28,0
3906,41,Female,12,19,6,2,Basic,Monthly,672,24,0
3907,23,Male,60,23,2,26,Standard,Quarterly,1000,11,0
3908,18,Female,55,25,8,20,Basic,Monthly,947,3,1
3909,61,Male,29,8,10,18,Standard,Monthly,625,30,1
3910,58,Female,53,8,4,6,Premium,Quarterly,164,18,0
3911,42,Female,56,8,0,23,Basic,Annual,475,20,1
3912,61,Female,55,28,1,9,Basic,Quarterly,908,27,0
3913,36,Female,44,20,2,27,Standard,Annual,771,20,0
3914,42,Female,46,20,2,24,Premium,Quarterly,590,24,0
3915,65,Female,28,21,6,9,Premium,Quarterly,744,28,0
3916,35,Male,56,12,2,23,Premium,Monthly,683,5,0
3917,41,Male,60,15,8,4,Standard,Quarterly,148,5,0
3918,25,Male,20,14,1,3,Premium,Annual,307,9,0
3919,18,Female,28,4,7,20,Premium,Monthly,410,10,1
3920,19,Female,28,13,8,17,Premium,Quarterly,115,8,1
3921,54,Male,1,22,4,22,Basic,Quarterly,579,17,0
3922,56,Female,48,25,10,13,Basic,Quarterly,167,9,0
3923,37,Male,35,17,2,0,Basic,Annual,275,8,0
3924,18,Male,35,4,5,13,Standard,Annual,301,28,0
3925,49,Female,28,17,0,7,Standard,Annual,750,17,0
3926,57,Male,4,8,6,12,Premium,Monthly,583,15,0
3927,52,Female,30,12,3,19,Standard,Quarterly,483,17,0
3928,35,Female,51,22,3,7,Basic,Annual,532,27,0
3929,60,Female,5,30,0,7,Standard,Monthly,951,12,0
3930,43,Male,18,29,9,15,Premium,Monthly,334,8,0
3931,54,Female,58,26,2,13,Basic,Monthly,696,10,0
3932,34,Female,44,16,5,29,Premium,Quarterly,401,11,1
3933,27,Female,30,5,9,20,Standard,Quarterly,977,15,1
3934,19,Male,32,26,8,13,Premium,Annual,760,10,0
3935,61,Male,22,14,6,28,Premium,Annual,865,14,0
3936,38,Female,42,27,9,8,Premium,Monthly,238,13,0
3937,61,Male,44,5,10,3,Standard,Monthly,495,28,1
3938,31,Male,60,30,1,30,Premium,Monthly,288,9,0
3939,25,Female,49,21,3,25,Standard,Quarterly,836,21,0
3940,62,Male,58,28,6,16,Premium,Quarterly,891,13,1
3941,45,Female,19,27,3,15,Standard,Monthly,104,28,0
3942,45,Male,49,10,2,14,Basic,Monthly,493,23,0
3943,21,Female,48,27,9,7,Basic,Quarterly,870,4,0
3944,35,Female,31,1,6,4,Premium,Monthly,695,11,0
3945,52,Male,31,26,3,8,Basic,Monthly,355,29,0
3946,26,Female,37,14,1,0,Standard,Annual,359,21,0
3947,47,Male,6,27,1,12,Standard,Annual,355,6,0
3948,37,Male,57,22,10,6,Standard,Annual,458,24,0
3949,50,Male,42,16,5,14,Premium,Monthly,111,13,0
3950,25,Female,23,13,4,26,Standard,Monthly,279,14,1
3951,58,Male,18,26,7,28,Basic,Quarterly,574,27,0
3952,18,Female,44,5,5,14,Standard,Monthly,398,19,0
3953,56,Male,26,1,3,24,Basic,Annual,397,9,0
3954,21,Male,52,4,8,14,Standard,Quarterly,287,27,0
3955,25,Female,40,24,3,13,Premium,Monthly,520,7,0
3956,57,Male,49,16,1,5,Premium,Quarterly,860,8,0
3957,58,Male,49,3,6,6,Standard,Annual,691,13,1
3958,23,Male,18,12,6,15,Basic,Annual,831,4,0
3959,20,Male,10,24,10,26,Standard,Monthly,759,15,0
3960,63,Male,11,2,3,6,Basic,Monthly,930,1,0
3961,24,Male,24,14,2,25,Standard,Monthly,346,12,0
3962,49,Male,4,4,10,27,Basic,Annual,442,7,0
3963,39,Female,35,17,9,24,Standard,Quarterly,822,1,1
3964,36,Male,49,22,0,3,Standard,Monthly,227,28,0
3965,25,Female,40,30,2,0,Basic,Quarterly,419,2,0
3966,62,Female,25,6,9,20,Premium,Annual,720,18,1
3967,45,Male,51,23,6,21,Standard,Annual,502,18,1
3968,64,Female,39,16,7,18,Basic,Quarterly,606,28,1
3969,28,Male,40,19,8,21,Basic,Annual,586,20,1
3970,40,Male,3,3,8,13,Premium,Quarterly,723,6,0
3971,51,Male,25,19,1,29,Basic,Monthly,875,22,0
3972,23,Male,13,25,2,26,Standard,Monthly,440,19,0
3973,36,Male,32,11,7,23,Premium,Quarterly,115,3,1
3974,31,Male,36,8,9,29,Standard,Annual,360,12,1
3975,65,Male,36,10,4,9,Standard,Annual,594,10,0
3976,31,Female,23,9,7,24,Standard,Quarterly,914,26,0
3977,56,Male,47,3,3,10,Basic,Quarterly,260,1,0
3978,26,Female,56,25,2,8,Premium,Monthly,887,5,0
3979,55,Female,14,9,3,13,Standard,Monthly,766,6,0
3980,50,Male,3,15,1,21,Premium,Monthly,264,16,0
3981,40,Male,25,19,0,3,Basic,Annual,581,9,0
3982,22,Female,26,6,8,29,Premium,Monthly,763,26,1
3983,37,Female,31,23,1,0,Standard,Annual,193,13,0
3984,54,Female,20,18,7,29,Basic,Annual,988,29,0
3985,61,Male,18,1,0,21,Standard,Monthly,112,7,0
3986,37,Female,26,10,6,2,Standard,Monthly,771,14,0
3987,23,Male,38,25,3,23,Basic,Quarterly,797,21,0
3988,56,Female,46,26,1,29,Premium,Monthly,965,30,1
3989,59,Male,24,27,3,19,Basic,Quarterly,915,10,0
3990,38,Female,42,20,8,22,Basic,Annual,703,29,1
3991,53,Female,16,1,9,4,Basic,Quarterly,994,2,1
3992,34,Female,5,10,7,5,Basic,Quarterly,847,29,0
3993,22,Female,7,24,9,16,Premium,Quarterly,119,21,0
3994,49,Male,50,20,0,4,Standard,Monthly,405,8,0
3995,61,Female,19,6,6,24,Premium,Quarterly,490,1,1
3996,22,Male,15,23,3,2,Premium,Monthly,297,6,0
3997,40,Male,60,16,5,16,Premium,Annual,199,12,1
3998,39,Female,55,20,1,21,Premium,Monthly,821,21,1
3999,24,Male,52,28,4,23,Standard,Quarterly,323,27,0
4000,62,Male,2,30,5,27,Standard,Annual,209,8,0
4001,58,Male,43,21,1,16,Premium,Quarterly,691,20,0
4002,58,Male,56,27,1,20,Standard,Quarterly,702,5,0
4003,58,Male,1,26,0,11,Basic,Monthly,285,24,0
4004,56,Male,51,1,6,9,Standard,Quarterly,941,18,1
4005,39,Female,37,16,5,23,Basic,Annual,789,10,1
4006,54,Female,54,11,3,9,Basic,Monthly,519,15,0
4007,55,Male,42,6,0,20,Basic,Quarterly,390,7,0
4008,36,Male,19,23,1,26,Premium,Quarterly,901,4,0
4009,65,Female,20,5,1,14,Basic,Monthly,556,24,0
4010,61,Male,53,16,0,8,Standard,Monthly,439,5,0
4011,51,Female,21,22,6,28,Standard,Monthly,592,22,1
4012,37,Female,27,19,7,9,Basic,Monthly,365,22,0
4013,19,Male,51,12,10,5,Standard,Monthly,981,17,0
4014,27,Female,51,29,5,20,Premium,Monthly,931,17,1
4015,23,Male,31,28,0,5,Standard,Annual,901,30,0
4016,56,Female,55,8,10,29,Standard,Quarterly,991,20,1
4017,21,Female,12,19,4,25,Standard,Monthly,709,18,1
4018,31,Male,5,21,1,14,Basic,Monthly,246,28,0
4019,37,Male,27,14,7,29,Basic,Annual,516,5,1
4020,64,Male,11,30,4,13,Standard,Quarterly,208,27,0
4021,22,Male,25,3,3,12,Basic,Quarterly,914,12,0
4022,20,Female,38,16,6,18,Standard,Monthly,548,28,1
4023,49,Female,41,12,5,16,Basic,Monthly,299,30,1
4024,42,Male,18,24,7,15,Standard,Monthly,736,8,0
4025,46,Male,56,15,6,28,Basic,Quarterly,550,4,1
4026,64,Male,60,24,9,27,Basic,Annual,815,16,1
4027,52,Male,35,20,5,11,Basic,Monthly,365,8,0
4028,25,Male,7,5,2,19,Standard,Quarterly,506,12,0
4029,24,Female,59,1,9,2,Standard,Annual,179,8,1
4030,41,Female,41,17,3,26,Standard,Quarterly,510,25,0
4031,62,Male,9,12,2,17,Basic,Monthly,163,28,0
4032,18,Female,34,9,8,15,Basic,Quarterly,743,21,0
4033,30,Male,43,22,8,22,Standard,Annual,325,14,1
4034,40,Male,21,28,2,0,Premium,Monthly,430,10,0
4035,61,Female,27,12,4,18,Premium,Monthly,789,18,0
4036,38,Female,42,25,9,16,Standard,Annual,464,16,1
4037,52,Female,56,24,10,8,Basic,Monthly,233,14,0
4038,33,Female,12,25,8,15,Premium,Annual,947,12,0
4039,65,Female,53,4,7,26,Premium,Annual,185,26,1
4040,40,Female,26,24,6,12,Premium,Annual,466,10,0
4041,65,Female,17,3,10,5,Basic,Quarterly,535,17,1
4042,24,Male,50,24,4,14,Standard,Monthly,452,17,0
4043,33,Female,39,3,0,7,Basic,Quarterly,215,16,0
4044,43,Female,13,1,10,22,Basic,Monthly,466,13,1
4045,50,Male,3,16,8,0,Basic,Monthly,722,30,0
4046,48,Female,26,4,7,2,Basic,Monthly,384,15,0
4047,26,Female,10,17,5,0,Basic,Annual,299,2,0
4048,30,Female,37,9,2,3,Premium,Annual,873,16,0
4049,46,Male,24,10,7,26,Basic,Annual,965,2,1
4050,44,Male,26,21,9,9,Standard,Annual,588,8,0
4051,23,Male,20,10,0,23,Basic,Annual,432,18,0
4052,58,Female,25,29,1,8,Premium,Monthly,827,8,0
4053,21,Male,57,25,4,14,Standard,Annual,131,27,0
4054,42,Male,52,13,3,2,Basic,Annual,427,29,0
4055,54,Female,41,7,1,11,Basic,Monthly,821,8,0
4056,60,Female,23,8,8,7,Premium,Monthly,748,29,0
4057,40,Male,32,2,3,25,Basic,Monthly,760,27,0
4058,60,Male,12,18,7,16,Premium,Monthly,105,14,0
4059,60,Male,50,3,4,5,Premium,Monthly,247,14,1
4060,44,Female,31,8,0,10,Standard,Monthly,770,6,0
4061,20,Female,25,22,3,30,Standard,Quarterly,632,22,0
4062,42,Female,39,1,0,6,Basic,Monthly,543,27,0
4063,20,Male,50,11,2,8,Standard,Annual,292,13,0
4064,65,Female,20,24,6,1,Basic,Annual,863,11,0
4065,25,Female,39,20,3,27,Basic,Monthly,910,4,1
4066,22,Female,48,8,3,7,Basic,Monthly,981,5,0
4067,37,Female,29,29,4,18,Standard,Annual,388,15,0
4068,37,Female,31,23,9,28,Standard,Monthly,856,25,1
4069,59,Male,4,21,9,14,Basic,Quarterly,138,17,0
4070,20,Female,27,5,2,8,Standard,Annual,659,1,0
4071,29,Male,31,11,0,11,Basic,Annual,544,5,0
4072,24,Male,5,22,3,9,Premium,Quarterly,985,9,0
4073,64,Male,59,25,8,9,Basic,Annual,593,18,0
4074,62,Female,15,3,9,24,Basic,Monthly,315,19,1
4075,22,Male,24,22,9,0,Standard,Annual,842,22,0
4076,36,Female,47,30,3,3,Basic,Quarterly,203,3,0
4077,23,Male,50,29,1,7,Basic,Monthly,716,4,0
4078,46,Female,15,15,5,9,Premium,Monthly,303,23,0
4079,38,Female,14,24,3,3,Standard,Quarterly,935,30,0
4080,21,Female,35,25,3,27,Premium,Monthly,332,15,1
4081,37,Female,50,9,2,9,Standard,Monthly,593,11,0
4082,25,Male,51,10,1,0,Basic,Monthly,387,23,0
4083,56,Male,55,20,1,14,Basic,Quarterly,275,18,0
4084,29,Female,27,8,5,12,Basic,Annual,325,30,0
4085,46,Male,53,17,3,5,Standard,Quarterly,981,26,0
4086,41,Female,2,14,6,28,Premium,Quarterly,252,1,1
4087,34,Female,5,14,8,17,Standard,Quarterly,967,26,0
4088,39,Female,29,25,0,19,Basic,Quarterly,525,24,0
4089,27,Male,9,11,8,26,Premium,Quarterly,759,24,0
4090,22,Male,46,1,0,0,Standard,Quarterly,904,11,0
4091,51,Male,44,7,0,22,Standard,Monthly,421,10,0
4092,54,Female,58,10,2,7,Premium,Quarterly,568,30,0
4093,25,Male,54,10,0,18,Basic,Quarterly,213,8,0
4094,45,Female,23,18,2,8,Basic,Quarterly,672,15,0
4095,63,Male,2,20,9,23,Premium,Quarterly,627,15,0
4096,26,Male,2,7,2,25,Premium,Annual,333,9,0
4097,26,Male,35,14,8,29,Premium,Monthly,165,16,1
4098,59,Male,49,24,2,11,Premium,Quarterly,768,1,0
4099,41,Male,59,19,8,17,Basic,Monthly,444,13,1
4100,46,Male,5,8,2,17,Standard,Annual,793,26,0
4101,48,Female,53,18,5,26,Standard,Annual,143,3,1
4102,33,Male,26,19,5,1,Premium,Quarterly,661,17,0
4103,21,Female,10,5,10,18,Premium,Monthly,357,21,0
4104,24,Male,53,27,7,9,Basic,Monthly,445,19,0
4105,32,Female,2,8,0,7,Standard,Monthly,774,16,0
4106,63,Female,38,24,4,17,Standard,Annual,903,7,0
4107,34,Female,55,1,6,23,Premium,Monthly,946,4,1
4108,28,Female,24,26,2,4,Basic,Monthly,345,26,0
4109,59,Female,43,25,4,17,Basic,Monthly,797,16,0
4110,61,Female,6,24,3,13,Standard,Quarterly,612,16,0
4111,36,Female,54,28,10,13,Premium,Quarterly,719,5,0
4112,41,Male,35,19,1,27,Premium,Quarterly,316,5,0
4113,39,Male,18,23,5,26,Standard,Annual,701,4,0
4114,40,Male,37,8,6,27,Basic,Monthly,671,24,1
4115,44,Male,39,24,8,19,Premium,Annual,470,11,1
4116,37,Female,24,16,4,6,Premium,Annual,752,28,0
4117,41,Male,51,1,0,4,Basic,Monthly,132,17,0
4118,18,Male,55,23,7,4,Basic,Monthly,984,3,0
4119,56,Female,25,28,7,4,Premium,Annual,128,12,0
4120,24,Female,16,19,9,13,Basic,Annual,291,9,0
4121,59,Female,49,3,5,5,Standard,Quarterly,429,9,1
4122,54,Female,35,9,8,1,Standard,Annual,385,24,0
4123,41,Female,58,27,1,9,Premium,Quarterly,312,26,0
4124,31,Female,50,17,1,28,Basic,Monthly,387,20,1
4125,56,Male,40,28,7,6,Standard,Quarterly,625,2,0
4126,55,Female,45,21,7,6,Standard,Quarterly,521,27,0
4127,61,Female,35,20,4,9,Basic,Annual,372,25,0
4128,44,Female,29,6,2,6,Standard,Annual,974,17,0
4129,56,Male,30,5,10,14,Premium,Annual,621,24,1
4130,36,Female,17,10,2,21,Basic,Quarterly,985,3,0
4131,22,Male,13,12,1,26,Basic,Annual,603,13,0
4132,59,Female,42,5,8,22,Basic,Annual,969,19,1
4133,23,Male,7,1,3,22,Premium,Quarterly,195,6,0
4134,21,Male,49,4,5,26,Basic,Quarterly,567,10,1
4135,20,Male,60,12,8,25,Premium,Annual,556,10,1
4136,40,Female,28,3,4,18,Basic,Quarterly,452,1,0
4137,42,Female,6,13,6,27,Premium,Annual,894,25,0
4138,38,Male,19,3,4,18,Basic,Annual,391,22,0
4139,20,Female,49,1,0,6,Basic,Monthly,272,15,0
4140,64,Male,21,17,9,22,Premium,Annual,618,7,0
4141,62,Male,50,18,10,6,Standard,Annual,617,6,0
4142,48,Male,5,8,8,3,Standard,Quarterly,550,18,0
4143,29,Female,58,8,8,17,Premium,Quarterly,454,14,1
4144,27,Female,58,1,2,20,Basic,Quarterly,285,22,0
4145,51,Male,43,28,0,5,Basic,Annual,364,29,0
4146,63,Male,53,12,10,7,Standard,Annual,118,14,0
4147,19,Female,32,17,7,7,Standard,Quarterly,134,24,0
4148,33,Male,9,21,2,6,Premium,Annual,692,24,0
4149,48,Male,34,18,4,28,Basic,Monthly,183,30,0
4150,31,Female,14,16,4,8,Basic,Quarterly,967,3,0
4151,41,Female,32,4,10,25,Basic,Monthly,798,25,1
4152,52,Male,40,18,1,0,Basic,Monthly,706,25,0
4153,65,Male,40,16,4,7,Premium,Annual,725,7,0
4154,37,Male,18,9,10,7,Standard,Quarterly,648,10,0
4155,31,Male,56,15,7,3,Basic,Monthly,185,26,0
4156,35,Female,46,25,3,1,Standard,Quarterly,644,27,0
4157,61,Male,1,3,5,4,Standard,Annual,400,9,1
4158,62,Female,26,5,8,11,Premium,Quarterly,184,23,1
4159,46,Female,56,19,1,18,Premium,Quarterly,533,23,0
4160,61,Female,46,20,8,10,Premium,Monthly,516,6,0
4161,35,Male,52,12,6,1,Premium,Quarterly,960,22,0
4162,65,Male,10,22,8,20,Premium,Annual,315,3,0
4163,49,Female,20,13,4,13,Basic,Monthly,358,20,0
4164,59,Male,8,11,9,12,Standard,Annual,168,10,0
4165,28,Male,30,27,2,20,Premium,Monthly,265,21,0
4166,53,Male,44,27,4,11,Basic,Quarterly,877,23,0
4167,22,Male,32,15,2,4,Standard,Monthly,619,21,0
4168,20,Female,9,27,10,23,Basic,Monthly,340,1,1
4169,43,Male,39,11,9,23,Premium,Monthly,342,13,1
4170,25,Male,24,29,3,3,Standard,Quarterly,316,21,0
4171,41,Female,20,17,6,15,Premium,Monthly,985,7,0
4172,39,Female,4,9,9,26,Standard,Annual,277,2,1
4173,37,Female,2,7,3,25,Standard,Annual,415,12,1
4174,61,Male,34,15,2,17,Basic,Quarterly,231,17,0
4175,19,Female,51,29,3,18,Standard,Monthly,128,27,0
4176,38,Male,46,14,6,27,Basic,Monthly,626,4,1
4177,19,Female,5,24,1,25,Premium,Quarterly,539,19,0
4178,31,Male,5,26,3,4,Premium,Annual,160,23,0
4179,45,Male,8,21,7,7,Standard,Quarterly,205,18,0
4180,59,Female,11,17,7,0,Premium,Monthly,816,20,0
4181,58,Female,5,11,10,7,Basic,Quarterly,921,26,0
4182,24,Male,54,9,4,26,Standard,Annual,167,3,0
4183,42,Female,11,10,1,15,Premium,Quarterly,534,23,0
4184,59,Female,21,6,9,5,Standard,Annual,632,26,0
4185,42,Female,43,3,6,0,Standard,Annual,757,20,0
4186,34,Male,14,3,9,6,Premium,Monthly,730,20,0
4187,32,Male,27,11,8,7,Premium,Monthly,292,30,0
4188,34,Male,32,5,8,17,Premium,Annual,817,30,1
4189,54,Female,29,25,5,12,Standard,Annual,882,28,0
4190,21,Male,6,2,5,10,Premium,Quarterly,185,17,0
4191,44,Male,53,23,10,28,Standard,Annual,990,11,1
4192,28,Male,13,30,9,10,Premium,Quarterly,237,7,0
4193,20,Female,37,15,8,6,Basic,Quarterly,276,14,0
4194,25,Male,59,29,7,14,Basic,Quarterly,130,3,0
4195,30,Male,41,6,8,1,Standard,Quarterly,353,28,0
4196,19,Female,39,13,0,22,Premium,Quarterly,467,26,1
4197,62,Female,52,16,6,16,Premium,Quarterly,775,19,1
4198,53,Male,49,11,1,14,Standard,Monthly,200,5,0
4199,26,Male,10,21,3,10,Standard,Quarterly,158,28,0
4200,63,Female,20,25,7,15,Premium,Monthly,372,15,0
4201,45,Male,47,24,1,27,Basic,Annual,869,21,0
4202,42,Female,36,14,10,3,Standard,Monthly,132,25,0
4203,48,Male,51,29,6,4,Premium,Quarterly,434,30,0
4204,60,Female,24,12,1,0,Basic,Monthly,382,7,0
4205,53,Male,57,15,1,10,Premium,Quarterly,157,28,0
4206,60,Male,17,13,7,19,Basic,Monthly,583,24,0
4207,60,Male,1,22,0,11,Premium,Monthly,708,29,0
4208,65,Male,59,6,4,29,Basic,Quarterly,513,7,0
4209,63,Female,9,14,3,26,Standard,Quarterly,842,6,0
4210,21,Female,3,11,5,7,Standard,Annual,171,20,0
4211,22,Female,59,6,7,28,Basic,Annual,497,26,1
4212,61,Female,25,30,8,9,Standard,Annual,594,5,0
4213,65,Male,37,19,2,1,Premium,Quarterly,768,15,0
4214,20,Female,9,28,6,19,Premium,Monthly,130,26,0
4215,56,Female,52,9,9,8,Premium,Monthly,131,20,0
4216,27,Female,28,21,10,20,Standard,Quarterly,332,8,1
4217,60,Female,36,22,7,11,Premium,Quarterly,160,20,0
4218,41,Male,38,3,2,12,Premium,Annual,419,14,0
4219,62,Female,52,30,8,29,Premium,Quarterly,386,10,1
4220,49,Female,14,26,10,9,Standard,Monthly,649,23,0
4221,57,Female,40,10,4,3,Basic,Annual,225,21,0
4222,32,Female,8,30,9,17,Premium,Monthly,246,5,0
4223,52,Female,19,4,9,0,Basic,Annual,239,29,1
4224,34,Female,22,6,4,21,Premium,Monthly,804,2,1
4225,60,Female,31,13,9,11,Premium,Annual,308,28,0
4226,63,Male,24,6,6,10,Premium,Monthly,837,7,0
4227,52,Male,58,7,8,9,Basic,Quarterly,290,26,0
4228,35,Female,51,4,4,6,Basic,Monthly,767,30,0
4229,43,Male,42,30,4,14,Standard,Annual,564,9,0
4230,24,Male,59,13,7,12,Basic,Monthly,833,21,0
4231,50,Male,10,9,7,23,Basic,Monthly,555,15,0
4232,59,Female,47,14,3,24,Standard,Annual,767,7,0
4233,42,Male,33,15,7,11,Premium,Annual,489,28,0
4234,18,Female,55,4,8,26,Basic,Quarterly,873,1,1
4235,47,Male,42,15,2,0,Basic,Monthly,392,1,0
4236,39,Female,49,1,4,27,Premium,Annual,647,24,0
4237,26,Female,50,10,4,16,Standard,Monthly,587,28,0
4238,54,Female,18,16,9,14,Basic,Annual,501,5,0
4239,52,Male,34,7,10,0,Premium,Quarterly,971,9,0
4240,50,Female,30,23,7,27,Premium,Monthly,606,14,1
4241,28,Male,10,4,9,7,Standard,Monthly,576,30,0
4242,26,Female,53,30,4,8,Standard,Annual,841,19,0
4243,22,Male,32,28,1,16,Standard,Monthly,939,21,0
4244,30,Male,51,26,9,12,Basic,Monthly,933,19,0
4245,27,Male,36,18,5,7,Basic,Quarterly,956,23,0
4246,28,Male,25,20,0,25,Basic,Quarterly,452,15,0
4247,31,Male,11,20,1,21,Standard,Monthly,402,23,0
4248,57,Male,57,25,5,2,Premium,Monthly,438,7,0
4249,26,Female,54,2,0,18,Premium,Annual,776,30,0
4250,60,Female,51,15,7,23,Premium,Monthly,724,10,1
4251,51,Male,29,12,2,18,Premium,Monthly,984,7,0
4252,65,Male,31,15,4,29,Standard,Annual,856,18,0
4253,42,Male,37,5,6,21,Premium,Monthly,800,6,1
4254,24,Female,11,19,9,10,Basic,Quarterly,268,4,0
4255,47,Male,24,2,0,29,Basic,Monthly,456,21,0
4256,37,Female,2,11,7,16,Premium,Monthly,377,4,0
4257,39,Male,59,6,10,18,Basic,Annual,422,8,1
4258,44,Male,12,29,8,0,Premium,Quarterly,869,29,0
4259,37,Male,1,23,3,29,Standard,Annual,432,24,0
4260,26,Male,10,29,6,5,Premium,Monthly,299,1,0
4261,51,Female,32,28,10,6,Standard,Monthly,972,28,0
4262,24,Male,60,5,1,24,Standard,Monthly,316,29,0
4263,35,Female,1,26,1,27,Basic,Monthly,789,21,1
4264,45,Female,4,3,5,19,Standard,Annual,350,17,0
4265,54,Male,20,14,7,21,Standard,Annual,430,13,0
4266,52,Female,37,4,4,8,Standard,Quarterly,216,26,1
4267,24,Male,1,15,9,20,Standard,Monthly,720,23,0
4268,56,Female,16,23,2,0,Basic,Monthly,377,21,0
4269,62,Female,15,1,8,25,Basic,Annual,298,15,1
4270,43,Male,15,5,1,29,Basic,Monthly,488,7,0
4271,31,Male,56,3,5,3,Standard,Quarterly,255,3,0
4272,52,Female,45,21,3,28,Standard,Annual,854,3,0
4273,64,Male,60,21,1,26,Standard,Quarterly,410,14,0
4274,61,Female,5,2,2,15,Premium,Annual,308,19,1
4275,44,Female,17,11,5,0,Premium,Annual,706,19,0
4276,23,Female,25,9,2,6,Standard,Annual,902,26,0
4277,50,Male,23,5,9,29,Standard,Monthly,446,30,0
4278,57,Female,39,15,1,7,Standard,Annual,390,3,0
4279,36,Male,36,1,3,3,Premium,Annual,171,29,1
4280,26,Male,19,10,2,22,Premium,Quarterly,453,15,0
4281,61,Male,40,26,8,30,Standard,Annual,732,7,1
4282,59,Female,48,8,7,23,Standard,Quarterly,444,23,1
4283,29,Male,22,16,0,22,Basic,Annual,857,22,0
4284,34,Female,20,26,5,4,Standard,Annual,958,4,0
4285,20,Female,13,2,5,0,Basic,Monthly,728,28,0
4286,26,Female,20,2,5,22,Standard,Monthly,121,22,1
4287,18,Female,13,10,2,11,Premium,Quarterly,760,4,0
4288,53,Female,10,27,10,13,Standard,Annual,897,12,0
4289,39,Male,45,12,10,1,Premium,Annual,708,15,0
4290,43,Female,57,1,0,19,Basic,Annual,174,4,1
4291,41,Female,24,3,0,21,Basic,Quarterly,206,22,1
4292,28,Male,38,23,3,17,Premium,Annual,594,30,0
4293,19,Male,14,9,4,27,Basic,Quarterly,473,30,0
4294,28,Female,17,19,4,15,Standard,Monthly,702,17,0
4295,63,Male,14,22,10,20,Basic,Annual,756,17,0
4296,33,Female,5,13,4,7,Basic,Monthly,919,20,0
4297,57,Male,5,24,6,6,Premium,Annual,108,17,0
4298,57,Male,7,20,2,13,Premium,Quarterly,327,17,0
4299,19,Female,36,21,0,16,Premium,Quarterly,303,27,0
4300,59,Female,17,27,2,15,Standard,Quarterly,421,18,0
4301,51,Male,18,7,9,6,Premium,Quarterly,881,24,0
4302,55,Female,5,19,5,2,Basic,Annual,245,22,0
4303,25,Female,20,11,4,24,Standard,Quarterly,985,4,0
4304,65,Female,6,19,3,8,Standard,Monthly,219,5,0
4305,38,Male,49,14,10,10,Premium,Monthly,180,27,0
4306,26,Female,39,10,5,25,Premium,Quarterly,843,26,1
4307,40,Female,60,2,6,21,Premium,Monthly,384,14,1
4308,18,Male,2,15,3,26,Standard,Annual,976,17,0
4309,19,Male,52,22,4,25,Basic,Monthly,624,25,0
4310,64,Female,51,13,9,4,Premium,Annual,595,11,0
4311,23,Female,6,11,6,22,Basic,Monthly,661,24,1
4312,42,Female,31,21,2,2,Premium,Annual,977,7,0
4313,58,Female,56,18,2,22,Standard,Monthly,633,5,1
4314,45,Male,49,1,7,24,Standard,Monthly,979,8,1
4315,23,Female,44,29,3,12,Standard,Annual,956,9,0
4316,53,Male,24,15,3,9,Premium,Annual,313,5,0
4317,20,Female,18,16,1,22,Standard,Monthly,980,23,1
4318,36,Female,29,6,10,17,Basic,Annual,831,1,1
4319,43,Male,50,19,6,15,Premium,Quarterly,496,8,0
4320,28,Male,23,19,1,24,Standard,Annual,118,7,0
4321,65,Male,31,11,10,23,Premium,Annual,156,25,1
4322,62,Male,48,3,4,7,Premium,Annual,876,25,1
4323,50,Female,55,4,2,27,Standard,Quarterly,789,18,0
4324,39,Female,31,24,6,25,Standard,Annual,776,17,1
4325,39,Male,60,17,1,7,Standard,Monthly,446,17,0
4326,43,Male,25,27,4,11,Basic,Monthly,276,20,0
4327,18,Female,5,17,1,17,Basic,Monthly,356,30,0
4328,51,Female,8,19,9,15,Premium,Monthly,125,26,0
4329,48,Male,55,25,8,11,Premium,Annual,625,30,0
4330,51,Male,22,10,5,19,Basic,Quarterly,430,23,0
4331,33,Female,50,16,3,14,Standard,Quarterly,812,16,0
4332,52,Male,38,3,3,2,Standard,Monthly,881,24,0
4333,39,Male,16,8,7,7,Premium,Monthly,530,30,0
4334,50,Male,8,19,0,4,Basic,Annual,213,27,0
4335,25,Male,40,16,3,6,Basic,Monthly,959,17,0
4336,29,Female,34,14,7,4,Premium,Annual,917,5,0
4337,50,Female,36,21,9,30,Premium,Annual,662,25,1
4338,25,Female,11,20,4,1,Basic,Annual,734,29,0
4339,19,Female,44,19,0,29,Basic,Monthly,403,21,1
4340,65,Female,25,29,3,25,Standard,Annual,163,22,1
4341,35,Male,42,21,1,21,Premium,Annual,654,27,0
4342,53,Female,51,21,8,30,Basic,Annual,127,15,1
4343,38,Male,14,9,0,29,Standard,Annual,551,21,0
4344,25,Male,14,21,6,6,Premium,Quarterly,421,7,0
4345,54,Male,26,27,2,24,Premium,Annual,349,4,0
4346,33,Female,51,16,6,9,Premium,Quarterly,873,29,0
4347,43,Female,43,22,6,10,Premium,Monthly,897,7,0
4348,43,Male,2,1,9,7,Basic,Monthly,193,19,1
4349,18,Male,46,26,4,28,Basic,Monthly,371,29,0
4350,57,Female,55,4,6,18,Basic,Quarterly,610,6,1
4351,21,Male,31,18,2,6,Standard,Annual,222,24,0
4352,53,Male,11,12,7,24,Basic,Quarterly,142,27,0
4353,26,Female,12,15,9,4,Premium,Annual,132,27,0
4354,31,Female,13,2,7,6,Standard,Quarterly,683,12,0
4355,52,Male,6,23,6,10,Premium,Annual,438,20,0
4356,27,Male,23,6,6,5,Standard,Monthly,938,24,0
4357,55,Male,23,19,3,26,Standard,Annual,235,29,0
4358,36,Male,19,2,8,13,Premium,Quarterly,102,8,0
4359,21,Male,31,9,7,28,Premium,Annual,100,6,1
4360,28,Male,10,5,0,5,Premium,Annual,936,1,0
4361,44,Female,45,11,9,29,Basic,Monthly,562,26,1
4362,54,Female,32,3,10,26,Basic,Monthly,148,14,1
4363,38,Male,7,17,8,16,Basic,Quarterly,831,3,0
4364,31,Female,6,29,5,14,Standard,Monthly,130,23,0
4365,47,Male,25,26,2,6,Premium,Monthly,519,6,0
4366,53,Female,23,3,0,27,Premium,Monthly,357,1,1
4367,29,Male,22,17,0,20,Basic,Annual,914,29,0
4368,30,Female,21,7,2,27,Basic,Quarterly,623,24,0
4369,48,Male,6,12,2,12,Standard,Monthly,634,19,0
4370,27,Female,46,18,10,28,Basic,Quarterly,177,27,1
4371,45,Male,59,17,4,21,Basic,Annual,820,3,0
4372,55,Male,29,11,1,2,Standard,Annual,318,18,0
4373,37,Male,26,14,6,20,Basic,Quarterly,636,24,1
4374,44,Female,41,19,8,7,Premium,Monthly,180,28,0
4375,34,Female,39,29,0,26,Premium,Monthly,888,14,1
4376,38,Female,15,1,1,25,Standard,Annual,384,28,1
4377,22,Female,32,19,4,0,Premium,Monthly,655,3,0
4378,25,Female,27,21,4,30,Standard,Annual,925,21,0
4379,61,Female,28,24,7,20,Basic,Monthly,678,28,1
4380,62,Male,2,28,5,1,Premium,Quarterly,120,27,0
4381,60,Female,11,11,10,16,Premium,Quarterly,157,20,0
4382,65,Female,52,3,6,26,Standard,Annual,683,18,1
4383,52,Female,16,24,1,13,Standard,Quarterly,409,22,0
4384,64,Male,3,14,8,7,Standard,Annual,855,16,0
4385,45,Female,49,4,4,13,Basic,Quarterly,738,20,0
4386,38,Female,50,23,0,21,Standard,Monthly,788,8,1
4387,30,Female,56,13,1,18,Basic,Annual,996,1,0
4388,34,Male,48,2,7,16,Standard,Monthly,647,28,1
4389,27,Male,58,25,4,25,Premium,Quarterly,802,12,0
4390,20,Male,58,3,0,13,Basic,Monthly,787,16,0
4391,55,Male,49,29,9,20,Basic,Quarterly,716,16,1
4392,43,Male,12,7,6,11,Premium,Annual,784,18,0
4393,51,Female,45,22,2,15,Standard,Monthly,560,14,0
4394,27,Female,22,30,10,13,Standard,Monthly,995,29,0
4395,58,Male,56,19,3,24,Standard,Annual,600,17,0
4396,64,Male,23,14,0,18,Basic,Annual,387,13,0
4397,31,Female,60,29,7,22,Standard,Monthly,566,19,1
4398,60,Female,33,14,3,12,Basic,Quarterly,214,29,0
4399,46,Female,37,4,3,19,Premium,Annual,244,14,0
4400,55,Female,56,7,5,3,Standard,Monthly,813,9,0
4401,19,Female,12,21,5,22,Standard,Annual,144,17,1
4402,64,Male,2,9,5,21,Premium,Quarterly,172,10,0
4403,54,Male,31,1,3,1,Premium,Quarterly,408,24,0
4404,53,Male,28,1,4,6,Premium,Quarterly,555,28,1
4405,23,Male,35,2,2,5,Premium,Monthly,797,20,0
4406,54,Male,37,24,8,30,Standard,Monthly,876,1,1
4407,58,Male,59,12,10,6,Standard,Annual,698,1,0
4408,41,Male,27,19,10,0,Premium,Annual,281,30,0
4409,28,Female,44,15,0,12,Standard,Annual,831,19,0
4410,65,Male,35,22,2,1,Premium,Annual,838,23,0
4411,62,Female,14,7,2,3,Premium,Quarterly,961,24,0
4412,49,Male,6,29,3,17,Premium,Monthly,246,26,0
4413,47,Female,8,15,7,12,Basic,Monthly,891,1,0
4414,62,Female,43,23,10,2,Basic,Quarterly,704,24,0
4415,37,Female,59,4,5,14,Standard,Quarterly,751,16,0
4416,55,Female,30,2,9,14,Premium,Quarterly,990,20,1
4417,57,Female,30,7,8,24,Basic,Quarterly,869,22,1
4418,58,Female,52,24,8,27,Premium,Monthly,160,2,1
4419,27,Female,59,27,7,13,Standard,Quarterly,500,29,0
4420,21,Male,48,23,10,1,Premium,Monthly,288,5,0
4421,61,Male,56,16,4,1,Premium,Monthly,404,14,0
4422,38,Male,22,4,9,30,Basic,Quarterly,143,22,0
4423,48,Female,21,29,0,26,Basic,Annual,170,8,1
4424,27,Male,8,19,6,6,Standard,Quarterly,872,21,0
4425,54,Male,12,15,1,10,Standard,Annual,928,29,0
4426,22,Female,3,28,9,13,Standard,Quarterly,211,14,0
4427,20,Female,52,6,10,11,Basic,Quarterly,882,1,0
4428,43,Male,12,24,6,23,Basic,Monthly,757,22,0
4429,40,Female,15,16,6,27,Basic,Monthly,399,21,1
4430,63,Female,45,24,7,30,Standard,Monthly,526,2,1
4431,28,Male,17,21,9,19,Standard,Annual,501,9,0
4432,21,Male,35,11,6,6,Standard,Monthly,124,9,0
4433,55,Female,40,7,8,1,Standard,Monthly,276,15,0
4434,29,Female,19,17,0,2,Basic,Monthly,232,26,0
4435,34,Female,28,30,5,0,Standard,Annual,604,24,0
4436,25,Female,26,2,5,1,Premium,Quarterly,660,13,0
4437,29,Female,8,21,9,19,Standard,Annual,830,4,0
4438,38,Male,49,27,9,28,Basic,Annual,145,18,1
4439,59,Female,13,28,6,1,Premium,Annual,300,2,0
4440,23,Female,40,14,3,21,Premium,Monthly,335,23,1
4441,39,Female,44,15,3,29,Standard,Annual,767,5,0
4442,32,Male,51,23,9,13,Premium,Monthly,305,5,0
4443,29,Male,5,16,4,10,Basic,Annual,116,8,0
4444,37,Female,21,9,9,14,Premium,Monthly,736,23,0
4445,42,Female,27,2,7,23,Basic,Monthly,570,20,1
4446,30,Female,58,20,4,16,Premium,Annual,652,26,0
4447,26,Male,4,5,4,25,Basic,Monthly,487,23,0
4448,31,Male,11,5,5,9,Standard,Quarterly,922,28,0
4449,55,Male,12,8,10,9,Premium,Annual,259,23,0
4450,38,Male,58,18,9,12,Premium,Monthly,986,27,0
4451,58,Female,28,20,7,22,Basic,Monthly,116,3,1
4452,63,Male,33,13,8,22,Standard,Monthly,156,16,1
4453,54,Male,45,8,3,6,Premium,Annual,133,28,0
4454,61,Female,28,12,0,3,Basic,Annual,896,5,0
4455,43,Male,11,16,2,24,Basic,Monthly,159,3,0
4456,26,Female,59,7,0,9,Premium,Monthly,991,20,0
4457,19,Male,31,4,2,11,Premium,Annual,327,30,0
4458,50,Male,6,6,4,8,Premium,Monthly,341,11,0
4459,50,Male,45,20,5,8,Standard,Quarterly,388,14,0
4460,29,Female,5,19,4,30,Basic,Annual,131,10,1
4461,31,Female,53,4,5,23,Premium,Quarterly,924,26,1
4462,20,Female,51,30,8,6,Premium,Quarterly,819,19,0
4463,49,Male,16,6,8,25,Premium,Monthly,517,27,0
4464,38,Female,13,14,4,13,Basic,Annual,829,17,0
4465,24,Male,33,27,1,8,Premium,Annual,756,1,0
4466,20,Female,7,1,9,7,Basic,Quarterly,929,11,0
4467,48,Male,56,28,0,17,Standard,Annual,348,20,0
4468,56,Female,11,12,6,2,Standard,Monthly,665,3,0
4469,30,Female,8,1,6,18,Premium,Annual,534,11,1
4470,25,Female,23,6,5,7,Premium,Annual,321,24,0
4471,27,Male,10,19,4,10,Premium,Annual,862,29,0
4472,58,Female,18,2,8,5,Premium,Annual,312,25,1
4473,20,Male,57,4,8,1,Standard,Quarterly,929,1,0
4474,60,Female,44,19,5,3,Premium,Annual,542,6,0
4475,34,Female,16,16,0,16,Basic,Monthly,500,16,0
4476,52,Female,33,11,3,11,Basic,Annual,927,8,0
4477,39,Female,34,15,6,20,Basic,Quarterly,943,20,1
4478,58,Female,17,16,2,24,Standard,Quarterly,606,23,0
4479,60,Male,35,9,8,2,Standard,Monthly,587,8,0
4480,44,Female,25,1,4,26,Premium,Quarterly,880,7,0
4481,62,Female,2,24,5,26,Basic,Annual,833,28,0
4482,21,Male,10,30,6,26,Basic,Annual,364,12,0
4483,53,Female,42,19,7,24,Premium,Monthly,797,24,1
4484,20,Female,49,28,4,10,Basic,Quarterly,332,15,0
4485,54,Female,18,2,0,15,Standard,Quarterly,377,7,0
4486,29,Female,54,13,1,15,Standard,Monthly,437,3,0
4487,37,Male,11,30,6,27,Standard,Quarterly,535,14,0
4488,57,Male,11,14,7,7,Standard,Annual,380,17,0
4489,31,Male,2,11,6,29,Basic,Annual,537,30,0
4490,59,Male,47,11,4,14,Basic,Quarterly,662,17,0
4491,62,Male,7,11,1,3,Standard,Monthly,436,7,0
4492,61,Female,33,27,3,5,Premium,Monthly,863,25,0
4493,23,Male,49,24,9,1,Standard,Annual,999,1,0
4494,35,Male,50,14,5,21,Standard,Annual,508,24,1
4495,33,Female,7,11,4,8,Premium,Monthly,933,8,0
4496,51,Male,9,22,6,22,Premium,Quarterly,506,11,0
4497,26,Female,48,7,6,11,Basic,Quarterly,676,6,0
4498,23,Female,6,10,9,4,Standard,Quarterly,863,17,0
4499,36,Male,21,29,1,24,Premium,Annual,438,9,0
4500,40,Male,7,24,8,3,Premium,Monthly,480,28,0
4501,25,Male,12,8,9,27,Standard,Annual,289,26,0
4502,39,Female,14,25,4,1,Basic,Monthly,808,14,0
4503,23,Female,28,21,8,28,Premium,Annual,186,29,1
4504,37,Female,45,9,3,20,Standard,Monthly,133,9,0
4505,39,Male,60,15,0,29,Premium,Monthly,925,24,0
4506,52,Female,33,21,10,28,Premium,Quarterly,849,4,1
4507,32,Female,39,9,2,4,Premium,Quarterly,244,6,0
4508,32,Female,23,13,6,23,Premium,Quarterly,515,28,0
4509,36,Female,15,20,3,17,Standard,Monthly,978,25,0
4510,50,Female,43,29,0,25,Standard,Quarterly,594,9,0
4511,50,Female,37,21,4,27,Basic,Monthly,305,30,1
4512,53,Female,12,8,8,4,Basic,Quarterly,732,14,0
4513,42,Male,37,25,3,1,Premium,Annual,877,14,0
4514,53,Female,15,7,2,12,Standard,Monthly,890,29,0
4515,29,Female,18,29,1,17,Basic,Quarterly,352,6,0
4516,22,Female,17,29,7,10,Standard,Quarterly,405,26,0
4517,48,Female,31,23,4,19,Basic,Annual,872,12,0
4518,26,Female,1,11,0,26,Basic,Annual,781,5,0
4519,19,Male,20,29,5,15,Premium,Quarterly,834,13,0
4520,52,Female,26,23,7,28,Standard,Monthly,146,7,1
4521,52,Male,26,3,2,10,Basic,Monthly,543,14,0
4522,36,Male,10,30,3,15,Premium,Quarterly,962,4,0
4523,47,Male,5,20,10,10,Premium,Annual,302,15,0
4524,44,Female,11,26,0,16,Basic,Annual,785,22,0
4525,54,Male,23,20,8,10,Premium,Quarterly,447,23,0
4526,47,Female,44,20,10,18,Standard,Monthly,951,6,1
4527,53,Male,32,9,4,29,Basic,Quarterly,295,27,0
4528,29,Male,39,16,6,11,Standard,Annual,276,8,0
4529,59,Female,60,18,8,19,Standard,Quarterly,260,11,1
4530,61,Male,48,11,5,30,Basic,Monthly,881,1,1
4531,45,Male,50,13,4,4,Premium,Annual,868,15,0
4532,63,Male,15,2,1,23,Standard,Monthly,631,30,0
4533,65,Male,31,29,4,5,Premium,Annual,729,9,0
4534,60,Female,19,17,9,19,Basic,Annual,490,9,0
4535,18,Female,32,8,8,10,Basic,Annual,812,25,0
4536,29,Male,40,9,9,13,Standard,Monthly,454,10,0
4537,34,Female,1,18,6,6,Basic,Quarterly,941,29,0
4538,20,Male,10,15,5,17,Standard,Annual,404,28,0
4539,44,Male,24,16,5,14,Standard,Annual,736,20,0
4540,63,Male,10,26,0,6,Basic,Quarterly,512,21,0
4541,65,Male,56,27,6,11,Standard,Quarterly,237,30,0
4542,51,Female,27,11,9,14,Premium,Quarterly,273,17,0
4543,38,Female,46,6,7,3,Premium,Quarterly,139,2,0
4544,39,Male,40,22,5,16,Basic,Quarterly,536,29,1
4545,56,Female,24,18,1,20,Standard,Annual,831,5,0
4546,41,Female,12,2,8,29,Basic,Quarterly,958,3,0
4547,29,Male,5,21,1,29,Premium,Quarterly,479,21,0
4548,43,Male,36,13,8,11,Standard,Quarterly,809,23,0
4549,45,Female,31,11,10,4,Basic,Quarterly,737,9,0
4550,49,Female,28,3,9,5,Standard,Quarterly,565,2,0
4551,23,Male,36,14,9,3,Basic,Annual,900,11,0
4552,20,Male,17,29,10,19,Basic,Monthly,991,8,0
4553,20,Male,5,26,7,4,Basic,Quarterly,966,17,0
4554,56,Female,21,11,4,0,Basic,Quarterly,318,14,0
4555,21,Female,38,10,1,12,Standard,Annual,847,25,0
4556,59,Female,8,29,6,29,Premium,Annual,270,23,1
4557,24,Female,39,2,3,18,Premium,Monthly,637,20,0
4558,63,Female,23,10,10,10,Standard,Quarterly,772,15,0
4559,37,Female,53,10,2,24,Premium,Monthly,198,5,1
4560,19,Male,51,7,5,5,Premium,Annual,887,16,0
4561,41,Male,17,13,9,26,Premium,Quarterly,317,19,0
4562,61,Female,33,9,3,30,Basic,Monthly,974,3,1
4563,48,Female,14,15,9,7,Basic,Annual,135,11,0
4564,38,Male,57,5,9,30,Standard,Quarterly,450,20,1
4565,40,Male,16,2,7,3,Basic,Quarterly,825,14,0
4566,58,Female,33,7,1,10,Premium,Quarterly,843,15,0
4567,59,Female,3,30,5,22,Standard,Quarterly,127,25,1
4568,59,Male,13,27,4,20,Basic,Monthly,824,26,0
4569,62,Female,21,13,2,13,Basic,Monthly,492,5,0
4570,33,Male,46,2,0,15,Basic,Quarterly,145,25,0
4571,47,Female,34,9,1,3,Standard,Quarterly,541,7,0
4572,28,Female,12,15,2,19,Basic,Quarterly,549,18,0
4573,63,Male,34,8,0,3,Standard,Annual,518,14,0
4574,34,Female,38,12,3,10,Standard,Annual,920,12,0
4575,55,Male,22,12,10,30,Premium,Monthly,710,14,0
4576,54,Male,59,30,5,4,Standard,Annual,815,28,0
4577,20,Female,39,22,1,17,Standard,Annual,233,15,0
4578,21,Male,30,24,10,26,Standard,Annual,918,4,1
4579,28,Female,5,25,8,29,Standard,Quarterly,761,13,0
4580,25,Female,41,8,10,7,Basic,Annual,745,20,0
4581,18,Female,36,23,5,19,Standard,Annual,223,24,1
4582,29,Female,9,15,10,14,Standard,Quarterly,414,10,0
4583,54,Male,52,21,7,13,Premium,Quarterly,838,20,0
4584,56,Female,41,7,7,7,Premium,Quarterly,445,12,0
4585,64,Female,6,25,9,20,Basic,Annual,865,26,0
4586,64,Male,57,15,4,20,Basic,Monthly,869,2,0
4587,31,Female,48,24,6,21,Premium,Quarterly,354,15,1
4588,45,Female,12,29,8,27,Standard,Annual,809,25,0
4589,62,Male,9,18,7,2,Basic,Annual,890,5,0
4590,43,Male,28,1,2,26,Basic,Annual,652,27,0
4591,25,Male,11,26,8,4,Premium,Monthly,331,16,0
4592,25,Female,24,23,7,23,Standard,Annual,552,5,1
4593,31,Female,7,26,0,24,Basic,Monthly,464,13,1
4594,30,Female,20,26,4,8,Premium,Annual,219,20,0
4595,28,Male,36,3,4,28,Basic,Monthly,744,7,0
4596,42,Male,12,13,2,14,Premium,Quarterly,207,19,0
4597,42,Male,53,2,8,10,Basic,Quarterly,844,19,0
4598,51,Female,47,28,7,9,Standard,Annual,587,14,0
4599,34,Female,14,6,9,27,Standard,Monthly,668,14,1
4600,56,Male,3,8,10,6,Premium,Annual,972,19,0
4601,56,Female,32,14,9,10,Basic,Monthly,330,1,0
4602,61,Female,33,13,1,2,Premium,Annual,282,6,0
4603,45,Female,4,9,0,29,Basic,Annual,469,11,1
4604,64,Male,60,30,1,5,Premium,Monthly,753,26,0
4605,56,Female,40,9,3,15,Premium,Monthly,675,25,0
4606,65,Male,15,22,0,0,Standard,Quarterly,561,11,0
4607,20,Female,20,4,5,2,Premium,Quarterly,413,7,0
4608,48,Male,50,30,9,15,Premium,Annual,554,12,0
4609,32,Female,34,4,0,23,Standard,Annual,998,26,0
4610,25,Female,47,29,10,20,Basic,Quarterly,286,26,1
4611,31,Female,48,15,0,27,Standard,Monthly,144,8,1
4612,65,Male,46,3,4,5,Basic,Quarterly,183,24,1
4613,40,Female,27,25,10,5,Premium,Annual,446,1,0
4614,49,Female,42,11,3,29,Standard,Annual,448,13,1
4615,23,Female,41,14,8,9,Premium,Monthly,176,23,0
4616,52,Female,24,1,3,26,Standard,Annual,797,9,0
4617,27,Male,33,28,4,0,Basic,Quarterly,604,18,0
4618,53,Male,41,3,7,10,Basic,Annual,387,16,1
4619,32,Female,51,15,9,2,Premium,Annual,180,17,0
4620,40,Female,58,19,7,19,Basic,Monthly,453,8,1
4621,51,Female,13,18,7,16,Standard,Quarterly,396,6,0
4622,47,Female,55,13,8,25,Premium,Quarterly,591,10,1
4623,37,Female,50,10,1,19,Premium,Monthly,681,27,0
4624,18,Female,37,20,4,7,Basic,Monthly,550,28,0
4625,28,Female,9,17,8,22,Standard,Annual,324,4,1
4626,18,Male,54,20,4,15,Premium,Monthly,123,12,0
4627,31,Female,33,11,8,7,Premium,Annual,934,19,0
4628,22,Male,5,13,0,24,Standard,Monthly,529,29,0
4629,47,Female,46,19,3,18,Standard,Quarterly,557,29,0
4630,19,Female,48,11,3,0,Standard,Annual,419,11,0
4631,18,Male,28,15,8,15,Premium,Monthly,632,15,0
4632,47,Male,18,19,8,13,Standard,Monthly,257,29,0
4633,57,Male,32,19,9,2,Basic,Annual,997,8,0
4634,30,Female,50,3,2,22,Premium,Annual,989,24,0
4635,63,Male,13,1,7,29,Premium,Annual,148,18,1
4636,44,Male,15,30,3,9,Premium,Quarterly,457,7,0
4637,42,Male,10,1,2,8,Standard,Annual,838,24,1
4638,50,Female,56,17,4,17,Premium,Annual,934,3,0
4639,26,Female,26,1,10,0,Premium,Quarterly,131,1,0
4640,65,Female,46,16,1,28,Premium,Annual,267,10,1
4641,27,Female,54,11,2,17,Premium,Annual,257,22,0
4642,53,Male,20,25,3,11,Premium,Annual,361,17,0
4643,41,Male,59,23,5,21,Premium,Quarterly,453,4,1
4644,43,Male,50,7,8,0,Standard,Annual,407,23,0
4645,37,Male,48,10,0,6,Basic,Annual,260,21,0
4646,35,Female,19,16,0,25,Basic,Quarterly,735,12,0
4647,55,Female,43,15,7,24,Standard,Annual,637,22,1
4648,36,Male,55,4,9,27,Premium,Annual,425,21,1
4649,56,Male,12,2,5,27,Premium,Annual,648,12,1
4650,24,Male,31,10,10,18,Basic,Annual,202,21,1
4651,45,Male,2,8,5,10,Premium,Annual,639,6,0
4652,46,Male,23,2,6,8,Premium,Quarterly,262,11,0
4653,48,Female,27,19,4,7,Standard,Quarterly,209,30,0
4654,55,Female,7,30,9,26,Basic,Monthly,850,6,1
4655,44,Male,59,22,4,2,Standard,Annual,810,29,0
4656,60,Female,6,4,7,26,Premium,Quarterly,269,4,1
4657,44,Male,11,16,3,30,Standard,Annual,114,2,0
4658,62,Female,7,15,8,1,Basic,Quarterly,674,15,0
4659,52,Female,27,20,8,4,Premium,Quarterly,789,4,0
4660,40,Female,42,8,4,8,Premium,Quarterly,466,30,0
4661,51,Female,35,23,0,2,Basic,Quarterly,531,15,0
4662,26,Male,52,17,4,10,Premium,Annual,613,23,0
4663,54,Female,3,13,0,21,Standard,Annual,925,2,0
4664,47,Female,15,20,3,30,Basic,Monthly,808,5,1
4665,43,Female,59,1,3,28,Premium,Annual,249,20,1
4666,45,Male,17,20,1,22,Standard,Monthly,220,30,0
4667,54,Female,12,25,10,30,Basic,Monthly,637,28,1
4668,38,Male,20,5,2,19,Standard,Monthly,654,30,0
4669,48,Female,39,1,10,11,Standard,Quarterly,308,9,0
4670,20,Male,15,10,9,6,Premium,Monthly,600,20,0
4671,39,Male,14,3,4,7,Standard,Quarterly,295,11,0
4672,36,Male,14,26,8,10,Basic,Annual,319,19,0
4673,60,Female,44,26,8,19,Standard,Annual,680,17,1
4674,39,Male,45,8,2,13,Basic,Monthly,326,13,0
4675,43,Female,49,14,4,20,Standard,Monthly,424,6,0
4676,65,Female,9,5,2,12,Premium,Annual,151,11,0
4677,52,Female,38,1,5,24,Standard,Monthly,499,11,1
4678,34,Male,26,17,0,17,Standard,Annual,241,23,0
4679,55,Male,39,15,10,2,Standard,Annual,167,7,0
4680,18,Female,38,25,7,19,Premium,Quarterly,895,24,1
4681,37,Male,37,9,7,17,Basic,Monthly,952,16,1
4682,35,Female,23,5,6,7,Basic,Annual,645,30,0
4683,23,Female,42,7,2,29,Basic,Quarterly,188,10,1
4684,58,Male,60,24,2,3,Premium,Annual,415,17,0
4685,49,Male,53,21,4,15,Standard,Annual,944,6,0
4686,46,Female,56,29,5,25,Basic,Quarterly,164,3,1
4687,29,Male,47,12,4,8,Standard,Monthly,431,11,0
4688,31,Male,13,22,1,21,Premium,Annual,521,20,0
4689,27,Male,3,19,1,3,Premium,Annual,249,3,0
4690,64,Female,19,5,10,12,Standard,Quarterly,156,8,1
4691,33,Female,58,17,8,8,Basic,Annual,288,22,0
4692,60,Male,41,11,2,8,Basic,Monthly,909,18,0
4693,53,Female,2,24,7,22,Basic,Quarterly,571,9,0
4694,25,Female,7,3,9,12,Premium,Quarterly,829,14,0
4695,47,Female,28,18,7,22,Standard,Annual,217,9,1
4696,40,Female,26,17,6,19,Standard,Monthly,766,5,1
4697,42,Male,42,7,6,17,Basic,Annual,414,15,1
4698,65,Male,44,2,6,6,Standard,Quarterly,183,29,1
4699,23,Female,17,3,8,24,Standard,Quarterly,616,23,0
4700,59,Female,14,9,10,30,Basic,Quarterly,154,11,1
4701,65,Male,13,25,1,22,Premium,Monthly,720,13,0
4702,33,Male,5,24,5,18,Basic,Annual,163,16,0
4703,36,Female,11,23,0,5,Premium,Annual,510,3,0
4704,26,Male,57,1,6,24,Standard,Quarterly,509,15,1
4705,48,Male,26,4,8,8,Basic,Monthly,786,22,0
4706,18,Male,50,5,6,29,Basic,Quarterly,478,6,1
4707,56,Male,44,17,9,4,Standard,Quarterly,824,24,0
4708,44,Female,50,14,8,28,Premium,Annual,742,27,1
4709,61,Male,21,26,10,28,Premium,Quarterly,975,20,0
4710,62,Male,3,16,7,26,Standard,Monthly,275,19,0
4711,44,Male,52,6,1,13,Premium,Quarterly,184,8,0
4712,51,Female,33,15,3,7,Standard,Monthly,637,11,0
4713,41,Male,57,27,6,5,Standard,Quarterly,234,22,0
4714,23,Female,41,16,9,29,Premium,Monthly,551,29,1
4715,30,Male,33,10,5,28,Standard,Quarterly,624,1,1
4716,51,Male,52,27,9,22,Basic,Quarterly,739,16,1
4717,26,Male,40,14,8,2,Standard,Annual,923,12,0
4718,29,Male,29,24,6,27,Standard,Monthly,138,17,1
4719,46,Male,15,16,6,27,Basic,Annual,963,24,0
4720,34,Female,21,29,7,22,Premium,Monthly,920,2,1
4721,44,Female,43,18,5,0,Basic,Annual,480,4,0
4722,40,Male,12,1,1,19,Standard,Monthly,278,16,0
4723,49,Male,26,15,3,19,Premium,Annual,985,2,0
4724,50,Male,52,27,3,2,Basic,Monthly,609,10,0
4725,52,Male,48,4,6,22,Premium,Quarterly,948,11,1
4726,32,Male,47,3,1,6,Basic,Monthly,339,7,0
4727,56,Female,35,14,3,0,Standard,Monthly,174,27,0
4728,44,Male,27,28,1,17,Basic,Monthly,197,3,0
4729,58,Female,21,18,7,1,Premium,Monthly,116,29,0
4730,62,Female,12,26,1,24,Basic,Quarterly,838,16,0
4731,63,Female,27,21,10,17,Premium,Quarterly,287,9,1
4732,35,Male,42,15,3,24,Standard,Monthly,169,24,0
4733,31,Female,58,2,5,26,Basic,Annual,372,18,1
4734,21,Female,31,18,5,8,Standard,Monthly,417,16,0
4735,38,Female,50,1,3,3,Basic,Quarterly,907,18,0
4736,21,Female,25,10,1,6,Premium,Monthly,748,3,0
4737,31,Male,49,8,5,20,Basic,Quarterly,358,19,1
4738,61,Male,1,28,7,22,Standard,Annual,617,7,0
4739,35,Female,49,22,3,30,Basic,Annual,806,12,0
4740,40,Female,7,26,10,0,Basic,Quarterly,441,13,0
4741,60,Male,30,12,4,2,Basic,Annual,638,14,0
4742,50,Male,58,8,5,27,Premium,Monthly,959,18,1
4743,58,Male,43,14,6,19,Premium,Monthly,668,20,1
4744,52,Male,12,10,7,11,Standard,Quarterly,698,10,0
4745,19,Female,35,16,9,15,Standard,Annual,473,10,0
4746,42,Female,42,7,1,13,Standard,Quarterly,216,11,0
4747,60,Female,26,3,3,8,Basic,Monthly,394,6,0
4748,51,Female,3,27,2,8,Standard,Quarterly,172,5,0
4749,27,Female,42,6,1,13,Standard,Annual,804,5,0
4750,18,Male,4,12,1,5,Premium,Annual,894,30,0
4751,47,Male,20,28,3,11,Premium,Monthly,954,24,0
4752,56,Male,40,21,1,28,Basic,Monthly,840,7,0
4753,25,Male,44,28,0,3,Premium,Quarterly,934,18,0
4754,36,Female,18,6,0,23,Premium,Quarterly,297,28,1
4755,48,Female,9,2,9,24,Basic,Monthly,769,6,1
4756,43,Female,29,15,10,15,Premium,Annual,354,6,0
4757,29,Female,9,5,7,21,Premium,Quarterly,227,23,1
4758,38,Female,8,17,3,18,Basic,Annual,367,4,0
4759,55,Male,10,14,8,20,Premium,Monthly,593,24,0
4760,55,Male,24,16,10,5,Premium,Quarterly,821,20,0
4761,63,Male,13,22,5,27,Premium,Quarterly,141,15,0
4762,35,Female,30,18,0,21,Basic,Quarterly,737,23,0
4763,44,Male,26,8,8,2,Basic,Annual,516,26,0
4764,47,Female,16,11,6,13,Standard,Quarterly,456,15,0
4765,52,Male,6,6,4,23,Basic,Quarterly,644,9,0
4766,29,Female,9,4,1,2,Standard,Monthly,864,2,0
4767,37,Male,59,27,0,21,Premium,Quarterly,116,27,0
4768,18,Male,58,9,0,2,Basic,Annual,952,1,0
4769,44,Male,39,25,7,21,Premium,Annual,276,26,1
4770,40,Female,49,4,7,20,Standard,Quarterly,687,9,1
4771,23,Male,45,19,9,30,Premium,Monthly,783,21,1
4772,42,Female,47,2,10,11,Premium,Monthly,848,15,0
4773,43,Female,7,22,8,5,Premium,Monthly,153,22,0
4774,32,Female,9,16,8,22,Basic,Monthly,260,26,1
4775,52,Male,60,10,8,10,Basic,Quarterly,567,6,0
4776,41,Male,3,6,7,11,Basic,Quarterly,899,5,0
4777,50,Female,42,24,4,10,Premium,Quarterly,283,13,0
4778,30,Male,11,15,3,27,Premium,Monthly,318,30,0
4779,41,Male,16,21,0,9,Premium,Quarterly,751,24,0
4780,37,Female,32,9,8,20,Premium,Annual,322,25,1
4781,62,Female,47,2,7,26,Standard,Monthly,438,11,1
4782,49,Female,54,20,0,2,Standard,Quarterly,916,3,0
4783,18,Female,54,14,3,18,Basic,Monthly,467,30,0
4784,33,Female,41,27,10,3,Basic,Monthly,757,14,0
4785,47,Male,52,30,7,30,Basic,Quarterly,722,30,1
4786,62,Female,38,17,4,30,Standard,Annual,212,6,1
4787,57,Male,7,12,0,29,Premium,Quarterly,589,30,0
4788,43,Female,29,12,8,3,Basic,Quarterly,596,2,0
4789,50,Male,29,13,10,27,Standard,Annual,302,7,1
4790,56,Male,60,9,4,5,Basic,Annual,813,14,0
4791,51,Female,28,19,0,7,Premium,Monthly,677,27,0
4792,51,Male,23,11,5,12,Basic,Quarterly,974,27,0
4793,18,Female,12,15,5,27,Standard,Annual,989,16,0
4794,31,Male,52,26,5,13,Standard,Annual,222,23,0
4795,30,Male,39,13,0,18,Standard,Annual,408,8,0
4796,21,Female,12,19,0,19,Premium,Monthly,436,2,0
4797,55,Female,2,10,7,0,Standard,Quarterly,204,8,0
4798,50,Female,53,12,3,11,Standard,Annual,105,30,0
4799,53,Male,37,24,6,22,Basic,Annual,778,21,1
4800,60,Male,7,7,2,29,Premium,Annual,882,16,0
4801,53,Female,39,25,0,22,Premium,Annual,634,17,0
4802,58,Female,45,23,4,9,Basic,Monthly,295,29,0
4803,52,Female,32,6,0,17,Premium,Monthly,270,9,0
4804,58,Male,47,13,1,26,Premium,Monthly,526,20,0
4805,31,Female,2,14,5,25,Premium,Monthly,844,28,1
4806,26,Female,40,2,2,5,Premium,Quarterly,758,9,0
4807,63,Female,52,21,4,12,Premium,Annual,304,22,0
4808,56,Male,12,19,8,5,Basic,Monthly,602,16,0
4809,27,Female,32,27,5,22,Standard,Monthly,955,16,1
4810,27,Female,35,20,0,8,Standard,Annual,345,17,0
4811,22,Female,59,3,3,23,Basic,Annual,771,15,0
4812,38,Female,48,4,6,28,Standard,Monthly,724,18,1
4813,62,Male,9,24,6,4,Basic,Annual,972,29,0
4814,54,Male,26,2,5,7,Premium,Quarterly,370,22,1
4815,63,Male,58,19,0,19,Standard,Quarterly,494,8,0
4816,23,Female,27,27,6,29,Basic,Quarterly,710,23,1
4817,26,Female,46,28,3,7,Basic,Annual,905,23,0
4818,62,Female,4,27,0,9,Basic,Annual,578,13,0
4819,49,Male,53,8,8,24,Standard,Annual,858,23,1
4820,21,Male,43,20,2,16,Standard,Quarterly,742,3,0
4821,52,Female,10,20,8,16,Premium,Annual,265,2,0
4822,41,Male,18,29,1,30,Standard,Monthly,128,11,0
4823,58,Male,38,22,5,0,Standard,Quarterly,252,24,0
4824,26,Female,9,22,4,24,Standard,Annual,184,27,1
4825,23,Male,55,25,3,0,Basic,Annual,461,9,0
4826,49,Male,25,19,4,15,Basic,Monthly,428,21,0
4827,55,Male,54,10,2,28,Basic,Annual,988,16,0
4828,53,Male,40,26,0,4,Premium,Monthly,223,30,0
4829,23,Male,57,16,9,4,Basic,Monthly,887,8,0
4830,60,Female,48,24,0,6,Standard,Quarterly,819,20,0
4831,33,Female,23,25,0,16,Basic,Monthly,763,26,0
4832,37,Female,23,14,4,18,Standard,Monthly,199,15,0
4833,37,Male,18,15,0,20,Premium,Quarterly,340,16,0
4834,57,Male,10,10,2,8,Basic,Annual,241,8,0
4835,58,Female,55,6,9,28,Standard,Quarterly,429,7,1
4836,22,Female,5,1,4,14,Premium,Monthly,632,6,0
4837,60,Female,19,14,0,1,Basic,Monthly,458,8,0
4838,41,Male,56,27,8,8,Premium,Annual,180,26,0
4839,60,Female,8,12,10,7,Standard,Annual,959,29,0
4840,58,Female,10,25,5,22,Basic,Monthly,953,20,1
4841,51,Male,19,19,5,27,Basic,Annual,362,19,0
4842,56,Male,45,17,2,23,Premium,Quarterly,100,6,0
4843,25,Female,8,8,0,12,Basic,Quarterly,938,8,0
4844,25,Female,16,15,9,16,Basic,Annual,715,22,0
4845,43,Female,39,2,4,2,Standard,Monthly,415,17,0
4846,61,Female,45,27,9,19,Standard,Monthly,790,14,1
4847,32,Female,47,21,4,1,Basic,Annual,671,16,0
4848,52,Male,45,12,6,12,Standard,Annual,683,26,0
4849,32,Female,40,20,6,14,Basic,Quarterly,562,14,0
4850,40,Male,32,7,1,19,Premium,Quarterly,344,20,0
4851,19,Female,1,27,4,12,Basic,Quarterly,625,25,0
4852,50,Male,48,10,7,11,Basic,Quarterly,876,2,0
4853,47,Female,12,15,2,24,Basic,Annual,137,2,1
4854,50,Male,40,14,8,2,Basic,Monthly,484,26,0
4855,48,Male,1,12,3,4,Basic,Annual,800,17,0
4856,33,Female,56,2,4,30,Basic,Quarterly,560,9,0
4857,28,Female,38,13,9,26,Standard,Monthly,406,24,1
4858,51,Male,43,21,1,5,Premium,Annual,471,1,0
4859,23,Female,46,13,4,26,Basic,Annual,530,15,0
4860,35,Male,57,28,3,17,Premium,Quarterly,937,3,0
4861,26,Male,14,2,9,30,Basic,Monthly,970,8,0
4862,51,Female,58,15,0,22,Standard,Quarterly,301,21,1
4863,41,Female,2,20,0,20,Standard,Quarterly,961,19,0
4864,63,Female,42,21,5,17,Basic,Monthly,958,4,1
4865,51,Male,44,27,6,20,Basic,Quarterly,235,15,1
4866,48,Female,29,28,9,21,Premium,Quarterly,213,6,1
4867,56,Female,50,29,7,17,Basic,Quarterly,695,12,1
4868,22,Female,14,22,7,7,Basic,Annual,151,18,0
4869,30,Female,41,30,1,20,Basic,Annual,244,4,0
4870,65,Male,46,21,1,23,Basic,Annual,329,9,0
4871,55,Male,23,30,5,0,Basic,Quarterly,826,18,0
4872,40,Female,26,4,5,19,Premium,Annual,469,5,1
4873,43,Male,49,21,3,21,Standard,Annual,845,6,0
4874,30,Female,10,8,1,12,Premium,Monthly,507,11,0
4875,56,Male,41,6,5,30,Basic,Annual,487,25,1
4876,61,Male,18,26,3,14,Standard,Annual,518,20,0
4877,43,Male,43,19,1,21,Basic,Monthly,542,26,0
4878,43,Female,44,30,7,26,Premium,Monthly,401,11,1
4879,19,Female,1,6,2,23,Premium,Monthly,918,7,1
4880,37,Male,34,1,1,20,Basic,Annual,581,14,0
4881,40,Male,55,25,3,15,Premium,Annual,306,20,0
4882,31,Female,43,4,10,8,Standard,Monthly,473,25,0
4883,30,Female,14,10,9,22,Basic,Annual,981,21,0
4884,29,Female,35,30,5,1,Premium,Monthly,539,27,0
4885,39,Female,42,19,5,26,Basic,Quarterly,116,10,1
4886,43,Female,15,17,4,17,Standard,Quarterly,463,23,0
4887,28,Female,4,10,7,5,Premium,Quarterly,312,26,0
4888,65,Male,49,14,0,30,Basic,Monthly,135,12,0
4889,55,Female,18,10,5,2,Standard,Annual,840,6,0
4890,45,Female,40,18,9,7,Premium,Quarterly,666,14,0
4891,35,Male,44,9,9,26,Standard,Annual,917,19,1
4892,29,Male,19,27,4,24,Premium,Monthly,189,6,0
4893,32,Female,42,3,4,18,Standard,Monthly,525,2,0
4894,18,Female,59,4,1,23,Premium,Annual,211,13,1
4895,40,Female,17,24,1,0,Premium,Quarterly,424,16,0
4896,42,Male,6,5,9,28,Standard,Quarterly,622,10,0
4897,64,Male,45,5,7,17,Standard,Quarterly,819,14,1
4898,36,Male,9,15,10,12,Premium,Quarterly,480,23,0
4899,22,Female,41,17,5,13,Standard,Monthly,408,11,0
4900,62,Male,16,26,0,30,Premium,Annual,545,23,0
4901,39,Male,50,20,0,30,Standard,Quarterly,126,7,0
4902,27,Female,46,24,10,4,Basic,Annual,456,13,0
4903,29,Male,2,3,0,6,Basic,Monthly,564,13,1
4904,48,Female,2,27,8,15,Basic,Annual,963,20,0
4905,19,Female,12,3,3,5,Premium,Quarterly,455,27,0
4906,35,Male,45,3,10,17,Standard,Annual,475,15,1
4907,46,Female,59,21,2,20,Basic,Annual,978,5,0
4908,38,Female,36,6,2,6,Premium,Monthly,885,2,0
4909,51,Male,46,30,8,14,Basic,Quarterly,495,23,0
4910,36,Male,20,13,2,2,Basic,Quarterly,669,21,0
4911,56,Female,41,21,6,5,Basic,Monthly,226,10,0
4912,61,Female,37,3,1,17,Premium,Monthly,416,13,0
4913,56,Male,10,14,2,18,Standard,Annual,288,9,0
4914,54,Male,13,14,2,11,Basic,Annual,445,26,0
4915,21,Female,33,7,10,13,Premium,Monthly,484,8,0
4916,37,Male,39,12,5,23,Premium,Monthly,792,1,1
4917,33,Female,19,11,8,5,Standard,Quarterly,578,14,0
4918,45,Female,20,28,10,15,Basic,Annual,195,18,0
4919,30,Female,26,12,8,10,Premium,Monthly,152,30,0
4920,44,Female,21,8,9,15,Basic,Annual,482,11,0
4921,26,Female,26,10,6,17,Basic,Annual,538,18,1
4922,35,Female,17,18,3,29,Premium,Annual,676,13,0
4923,31,Male,54,13,3,0,Basic,Monthly,254,1,0
4924,65,Female,32,16,6,9,Standard,Monthly,253,4,0
4925,55,Male,24,26,3,17,Premium,Monthly,337,29,0
4926,42,Female,53,30,10,2,Basic,Annual,446,9,0
4927,44,Male,15,29,10,11,Standard,Annual,159,24,0
4928,56,Male,38,8,7,3,Premium,Annual,740,25,0
4929,52,Male,26,5,3,20,Premium,Monthly,519,8,0
4930,34,Female,29,12,2,18,Standard,Annual,254,1,0
4931,52,Male,17,14,8,0,Standard,Monthly,534,18,0
4932,32,Female,6,28,2,20,Basic,Annual,644,3,0
4933,21,Male,50,18,10,18,Basic,Annual,596,12,1
4934,25,Female,22,24,2,20,Basic,Monthly,614,13,0
4935,22,Male,38,13,6,27,Premium,Quarterly,884,7,1
4936,54,Male,47,25,3,26,Premium,Quarterly,337,5,0
4937,38,Male,48,16,2,12,Premium,Monthly,740,8,0
4938,27,Male,24,20,2,1,Premium,Annual,499,7,0
4939,39,Female,16,25,8,30,Standard,Quarterly,107,9,1
4940,44,Female,45,25,7,24,Standard,Quarterly,228,20,1
4941,51,Female,32,7,9,28,Basic,Monthly,923,7,1
4942,22,Female,8,2,8,17,Standard,Monthly,986,17,0
4943,52,Male,53,2,4,4,Premium,Monthly,234,18,1
4944,62,Male,39,22,2,8,Standard,Annual,460,25,0
4945,37,Male,10,19,7,20,Standard,Quarterly,458,12,0
4946,62,Male,12,7,5,27,Standard,Quarterly,791,26,0
4947,49,Male,11,25,10,0,Standard,Quarterly,917,1,0
4948,36,Male,4,25,10,1,Basic,Monthly,188,29,0
4949,20,Female,50,3,0,28,Basic,Annual,606,3,0
4950,57,Female,54,4,6,16,Standard,Monthly,633,10,1
4951,42,Male,11,6,9,14,Premium,Annual,800,12,0
4952,19,Female,51,1,1,28,Standard,Annual,844,25,0
4953,30,Male,36,8,6,18,Premium,Quarterly,378,9,1
4954,41,Female,56,2,4,28,Standard,Annual,365,9,1
4955,58,Male,56,17,3,30,Premium,Quarterly,939,17,0
4956,29,Female,26,3,5,20,Standard,Monthly,797,20,1
4957,50,Female,39,16,5,28,Premium,Annual,169,28,1
4958,54,Female,60,20,7,23,Basic,Quarterly,215,9,1
4959,51,Male,17,12,5,12,Standard,Quarterly,409,10,0
4960,44,Female,52,3,3,17,Basic,Quarterly,647,15,0
4961,52,Male,60,3,5,3,Standard,Quarterly,703,13,1
4962,29,Male,40,13,3,15,Standard,Monthly,296,8,0
4963,43,Male,5,9,10,11,Standard,Monthly,755,29,0
4964,58,Female,47,9,8,19,Standard,Quarterly,785,20,1
4965,62,Male,27,28,2,13,Standard,Annual,126,9,0
4966,47,Male,11,3,8,3,Standard,Quarterly,292,21,0
4967,37,Female,5,22,7,8,Basic,Monthly,237,2,0
4968,36,Male,53,3,6,5,Standard,Monthly,353,11,0
4969,35,Male,35,22,6,0,Premium,Annual,551,10,0
4970,31,Female,40,9,4,11,Standard,Monthly,994,25,0
4971,59,Male,51,23,4,24,Standard,Quarterly,895,15,0
4972,65,Female,45,2,8,17,Standard,Monthly,184,4,1
4973,64,Female,21,19,2,27,Premium,Monthly,608,10,1
4974,46,Female,3,10,4,30,Standard,Monthly,981,9,1
4975,18,Female,21,17,3,26,Premium,Quarterly,918,19,0
4976,41,Female,32,2,9,11,Standard,Annual,849,25,0
4977,64,Female,5,4,10,16,Standard,Annual,852,27,1
4978,46,Male,48,22,2,25,Standard,Monthly,425,23,0
4979,18,Male,52,13,3,26,Premium,Quarterly,653,30,0
4980,28,Female,45,16,8,13,Premium,Annual,791,14,0
4981,21,Male,34,24,0,27,Basic,Monthly,650,11,0
4982,54,Female,13,12,5,16,Premium,Annual,212,1,0
4983,51,Female,27,21,0,28,Standard,Quarterly,313,3,1
4984,63,Male,48,5,3,17,Standard,Annual,605,27,0
4985,60,Female,32,15,10,3,Basic,Monthly,752,6,0
4986,44,Male,47,27,2,9,Standard,Quarterly,390,8,0
4987,26,Female,3,29,2,24,Premium,Annual,514,15,0
4988,54,Female,53,27,8,1,Premium,Annual,568,9,0
4989,34,Female,27,24,5,18,Standard,Monthly,259,8,1
4990,37,Male,3,12,10,16,Premium,Monthly,718,11,0
4991,31,Male,4,17,8,10,Basic,Annual,134,11,0
4992,24,Male,51,9,4,1,Standard,Monthly,439,26,0
4993,49,Male,14,2,4,8,Premium,Annual,316,25,0
4994,33,Female,35,8,2,4,Basic,Monthly,546,27,0
4995,62,Male,43,12,4,26,Standard,Annual,688,2,0
4996,44,Male,41,26,6,24,Premium,Annual,360,2,1
4997,32,Male,45,4,1,0,Standard,Quarterly,365,14,0
4998,30,Male,15,13,2,11,Premium,Annual,721,20,0
4999,29,Female,53,9,3,1,Standard,Monthly,347,23,0
5000,25,Male,55,27,9,23,Basic,Monthly,243,11,1
5001,63,Male,55,23,2,20,Standard,Annual,255,17,0
5002,23,Female,53,21,3,15,Standard,Annual,696,10,0
5003,41,Female,60,12,10,15,Premium,Annual,452,12,0
5004,24,Male,33,7,7,15,Standard,Annual,555,21,0
5005,40,Male,3,2,0,13,Premium,Annual,549,23,1
5006,55,Female,43,9,6,8,Premium,Quarterly,742,10,0
5007,61,Female,42,5,5,2,Standard,Annual,785,7,1
5008,33,Female,19,26,7,13,Premium,Annual,912,5,0
5009,62,Female,47,23,1,30,Basic,Annual,151,10,1
5010,63,Male,44,24,9,10,Basic,Annual,458,28,0
5011,51,Male,47,27,9,6,Basic,Monthly,742,24,0
5012,56,Female,4,20,8,13,Basic,Quarterly,276,14,0
5013,28,Male,56,6,4,0,Premium,Monthly,705,29,0
5014,28,Male,13,19,9,12,Basic,Monthly,726,2,0
5015,46,Female,37,22,10,26,Basic,Annual,829,27,1
5016,20,Female,29,27,0,28,Basic,Annual,255,12,1
5017,18,Male,21,29,6,14,Basic,Monthly,397,18,0
5018,18,Male,47,7,6,11,Basic,Quarterly,643,18,0
5019,39,Female,50,9,3,22,Basic,Quarterly,540,18,0
5020,31,Male,15,17,2,15,Premium,Monthly,638,7,0
5021,53,Male,29,17,1,25,Premium,Monthly,540,1,0
5022,37,Female,37,16,0,13,Basic,Annual,460,7,0
5023,26,Female,41,29,7,2,Standard,Monthly,427,12,0
5024,56,Female,51,2,0,8,Standard,Monthly,488,20,0
5025,57,Female,60,9,7,4,Premium,Quarterly,715,6,0
5026,31,Female,34,16,3,21,Standard,Annual,351,22,1
5027,49,Male,23,11,0,14,Standard,Quarterly,277,24,0
5028,65,Male,38,4,7,11,Basic,Quarterly,128,20,1
5029,29,Female,16,27,9,25,Premium,Quarterly,947,8,0
5030,41,Male,45,21,0,2,Standard,Quarterly,970,16,0
5031,21,Male,24,2,8,13,Premium,Monthly,529,10,0
5032,24,Female,13,5,4,21,Basic,Quarterly,982,7,0
5033,29,Male,6,5,1,5,Premium,Monthly,996,3,0
5034,56,Female,49,13,2,3,Basic,Monthly,323,24,0
5035,32,Female,13,22,9,26,Premium,Annual,576,4,0
5036,53,Male,41,9,2,4,Standard,Monthly,298,17,0
5037,61,Female,7,10,2,0,Standard,Quarterly,198,7,0
5038,24,Female,50,12,8,14,Premium,Annual,351,5,0
5039,58,Male,10,9,0,20,Premium,Quarterly,338,23,0
5040,53,Male,12,4,4,15,Basic,Quarterly,127,8,1
5041,64,Male,29,27,0,7,Basic,Annual,814,30,0
5042,31,Female,8,21,9,3,Premium,Monthly,428,1,0
5043,29,Male,56,28,1,23,Standard,Monthly,184,6,0
5044,37,Female,23,23,3,10,Premium,Quarterly,227,23,0
5045,48,Female,2,21,10,6,Basic,Quarterly,716,3,0
5046,51,Male,58,16,10,7,Standard,Annual,387,8,0
5047,18,Female,29,7,7,2,Premium,Annual,444,11,0
5048,21,Male,37,30,4,6,Premium,Monthly,355,8,0
5049,40,Female,17,6,4,22,Basic,Monthly,115,19,1
5050,64,Female,14,14,2,27,Basic,Quarterly,376,7,1
5051,48,Male,35,30,7,15,Basic,Quarterly,898,1,0
5052,48,Male,29,23,6,23,Basic,Annual,174,17,1
5053,31,Female,1,27,4,30,Basic,Quarterly,392,10,1
5054,56,Female,9,14,1,0,Standard,Annual,601,14,0
5055,27,Male,52,4,6,30,Premium,Annual,924,12,1
5056,51,Male,60,26,6,25,Standard,Annual,831,10,1
5057,56,Female,16,11,8,3,Standard,Monthly,429,23,0
5058,28,Female,55,30,0,22,Basic,Quarterly,723,19,0
5059,61,Female,38,16,9,19,Basic,Quarterly,555,17,1
5060,54,Male,19,4,5,29,Basic,Monthly,507,9,1
5061,55,Female,14,10,4,9,Basic,Monthly,958,20,0
5062,56,Female,15,11,2,30,Basic,Monthly,622,30,1
5063,50,Male,5,24,5,22,Standard,Annual,379,28,0
5064,36,Male,50,3,10,21,Standard,Monthly,150,8,1
5065,22,Male,43,12,1,19,Standard,Monthly,454,7,0
5066,28,Male,42,12,1,4,Basic,Quarterly,178,24,0
5067,38,Male,32,11,8,9,Standard,Annual,252,9,0
5068,48,Female,44,3,7,7,Basic,Monthly,974,6,0
5069,36,Female,54,9,3,7,Basic,Annual,960,15,0
5070,30,Male,24,1,0,16,Standard,Annual,255,6,1
5071,18,Female,41,14,3,23,Premium,Monthly,823,23,1
5072,49,Male,31,15,3,1,Standard,Annual,232,30,0
5073,35,Male,25,14,10,8,Basic,Monthly,920,4,0
5074,50,Female,6,14,5,9,Premium,Annual,893,27,0
5075,37,Female,48,9,1,26,Basic,Monthly,711,16,1
5076,57,Male,56,11,2,29,Basic,Annual,552,4,0
5077,53,Male,12,5,3,30,Standard,Quarterly,538,19,0
5078,32,Male,37,17,2,12,Standard,Annual,880,27,0
5079,42,Female,42,28,0,28,Basic,Quarterly,521,8,0
5080,60,Female,38,25,6,30,Standard,Monthly,572,21,1
5081,52,Male,52,19,9,3,Standard,Monthly,484,14,0
5082,40,Female,8,20,5,7,Standard,Annual,482,23,0
5083,30,Female,32,27,1,2,Basic,Monthly,883,5,0
5084,29,Male,52,29,6,3,Standard,Quarterly,444,9,0
5085,30,Female,34,13,9,7,Basic,Quarterly,191,16,0
5086,24,Male,47,30,2,29,Standard,Annual,502,2,0
5087,59,Female,41,14,10,26,Premium,Annual,170,24,1
5088,57,Female,37,19,4,2,Standard,Annual,259,11,0
5089,32,Male,52,29,9,9,Basic,Monthly,898,1,0
5090,29,Male,53,15,5,24,Basic,Quarterly,581,5,1
5091,32,Male,22,27,2,24,Premium,Monthly,582,23,0
5092,56,Male,32,9,0,25,Basic,Annual,446,3,0
5093,25,Female,17,28,8,26,Standard,Quarterly,656,24,0
5094,30,Female,57,26,0,8,Standard,Quarterly,883,7,0
5095,65,Male,52,3,2,23,Premium,Quarterly,433,12,0
5096,60,Female,1,14,8,17,Standard,Quarterly,990,25,0
5097,23,Female,43,6,5,15,Premium,Quarterly,974,25,0
5098,63,Male,55,10,1,30,Premium,Monthly,485,23,0
5099,43,Male,13,1,10,23,Standard,Quarterly,389,16,0
5100,61,Female,58,27,0,4,Basic,Annual,207,8,0
5101,54,Female,28,29,1,12,Premium,Monthly,147,10,0
5102,18,Female,51,2,9,9,Basic,Annual,210,5,1
5103,50,Male,3,20,6,19,Basic,Annual,878,18,0
5104,27,Female,31,22,3,20,Basic,Quarterly,885,20,0
5105,22,Male,2,21,7,11,Standard,Monthly,236,19,0
5106,40,Male,37,25,3,28,Premium,Monthly,712,16,0
5107,29,Female,8,26,6,11,Basic,Monthly,264,1,0
5108,41,Male,33,21,0,22,Basic,Annual,811,1,0
5109,57,Female,18,20,10,26,Basic,Quarterly,450,20,1
5110,39,Female,48,20,7,10,Standard,Annual,551,1,0
5111,30,Female,58,6,9,11,Premium,Quarterly,906,9,0
5112,55,Female,50,1,9,19,Premium,Quarterly,657,27,1
5113,56,Male,28,6,7,21,Standard,Quarterly,206,18,1
5114,31,Female,11,16,7,13,Premium,Quarterly,233,27,0
5115,38,Female,52,7,6,5,Basic,Quarterly,977,16,0
5116,18,Female,36,13,5,7,Standard,Monthly,754,20,0
5117,40,Female,14,12,8,26,Basic,Annual,121,28,1
5118,45,Female,39,4,6,3,Standard,Annual,349,3,0
5119,64,Male,58,6,2,2,Premium,Monthly,520,22,0
5120,32,Male,10,13,9,22,Basic,Quarterly,327,15,0
5121,19,Male,47,17,5,2,Basic,Annual,140,16,0
5122,62,Female,40,24,4,11,Basic,Quarterly,697,20,0
5123,47,Female,4,23,6,18,Standard,Quarterly,347,27,0
5124,20,Male,40,10,2,29,Premium,Monthly,849,22,0
5125,44,Male,35,1,1,21,Premium,Annual,734,10,0
5126,45,Female,18,20,7,26,Standard,Monthly,185,23,1
5127,57,Female,32,22,6,4,Premium,Monthly,608,25,0
5128,55,Female,50,26,9,3,Premium,Annual,694,23,0
5129,52,Female,10,11,1,2,Premium,Quarterly,568,10,0
5130,38,Female,8,16,0,6,Premium,Quarterly,363,26,0
5131,52,Male,54,18,0,3,Premium,Quarterly,551,9,0
5132,34,Female,21,4,10,23,Premium,Annual,591,12,0
5133,30,Female,5,11,1,6,Premium,Annual,318,1,0
5134,56,Female,21,10,5,20,Standard,Monthly,112,29,0
5135,32,Male,60,3,10,19,Basic,Quarterly,515,7,1
5136,19,Female,28,10,3,7,Premium,Monthly,658,1,0
5137,40,Male,17,10,4,8,Standard,Monthly,386,7,0
5138,62,Female,2,12,10,13,Standard,Annual,831,23,0
5139,24,Female,17,29,10,25,Standard,Annual,235,21,1
5140,60,Female,25,6,9,6,Basic,Quarterly,315,11,0
5141,55,Female,60,17,4,10,Premium,Quarterly,171,26,0
5142,44,Female,39,25,4,17,Basic,Annual,102,29,0
5143,22,Male,4,21,5,18,Basic,Quarterly,141,2,0
5144,20,Female,38,7,8,5,Standard,Annual,525,30,0
5145,62,Male,51,24,4,4,Standard,Annual,149,24,0
5146,31,Male,4,9,2,1,Standard,Quarterly,695,4,0
5147,18,Male,11,5,6,18,Premium,Monthly,364,13,0
5148,34,Male,34,21,3,1,Basic,Monthly,365,16,0
5149,23,Female,46,26,3,11,Standard,Annual,347,23,0
5150,20,Female,44,29,7,28,Basic,Quarterly,406,9,1
5151,58,Male,41,27,10,30,Standard,Monthly,837,17,1
5152,42,Female,12,21,7,11,Premium,Monthly,746,5,0
5153,32,Female,53,19,0,10,Basic,Annual,879,27,0
5154,30,Female,7,20,3,20,Standard,Monthly,400,15,0
5155,52,Male,53,8,6,23,Standard,Annual,990,13,1
5156,51,Male,10,5,10,12,Standard,Annual,255,11,1
5157,31,Male,31,12,1,30,Premium,Annual,362,3,0
5158,37,Female,52,20,5,25,Premium,Annual,266,30,1
5159,38,Female,38,14,6,25,Standard,Annual,680,14,1
5160,38,Female,29,8,6,25,Premium,Annual,766,30,1
5161,65,Male,22,16,3,22,Premium,Monthly,405,29,0
5162,36,Male,51,29,1,24,Standard,Annual,498,10,0
5163,37,Male,26,10,10,18,Basic,Monthly,834,16,1
5164,64,Female,30,5,3,1,Premium,Annual,410,28,0
5165,32,Male,42,20,5,0,Standard,Monthly,918,11,0
5166,65,Female,40,29,0,9,Basic,Monthly,367,10,0
5167,29,Female,16,13,9,14,Basic,Annual,167,19,0
5168,42,Female,28,10,0,4,Basic,Monthly,981,4,0
5169,62,Male,13,7,3,21,Premium,Monthly,634,20,0
5170,37,Male,38,28,9,25,Basic,Monthly,329,20,1
5171,58,Male,2,18,3,23,Standard,Quarterly,703,11,0
5172,35,Male,42,25,6,4,Premium,Annual,833,30,0
5173,25,Male,39,10,8,25,Standard,Monthly,269,23,1
5174,28,Female,7,30,9,28,Basic,Monthly,777,27,1
5175,32,Male,30,26,7,5,Premium,Quarterly,300,22,0
5176,43,Male,53,19,5,28,Premium,Quarterly,856,17,1
5177,49,Male,12,21,7,2,Basic,Monthly,216,3,0
5178,32,Male,51,22,3,15,Premium,Monthly,854,17,0
5179,18,Female,13,13,2,2,Basic,Annual,421,14,0
5180,43,Male,54,10,2,14,Standard,Monthly,701,11,0
5181,53,Female,20,10,10,0,Standard,Quarterly,897,13,0
5182,19,Female,42,23,7,26,Premium,Quarterly,539,1,1
5183,34,Male,31,18,10,10,Premium,Monthly,596,13,0
5184,60,Male,25,22,5,7,Basic,Quarterly,927,20,0
5185,34,Male,16,16,0,11,Standard,Quarterly,170,23,0
5186,35,Female,28,24,9,27,Standard,Monthly,155,12,1
5187,24,Female,18,4,1,15,Premium,Monthly,617,10,0
5188,42,Male,18,13,0,23,Standard,Monthly,734,3,0
5189,65,Male,43,2,2,5,Standard,Monthly,770,1,0
5190,29,Female,10,10,6,18,Basic,Monthly,810,7,0
5191,44,Male,43,6,9,10,Premium,Monthly,567,12,0
5192,21,Female,60,1,6,20,Standard,Quarterly,174,9,1
5193,54,Female,50,1,7,20,Standard,Monthly,531,9,1
5194,28,Male,58,15,5,13,Basic,Annual,274,10,0
5195,44,Male,35,21,8,28,Basic,Monthly,561,15,1
5196,61,Male,17,11,6,12,Premium,Quarterly,791,8,0
5197,56,Female,60,17,0,30,Standard,Annual,268,29,1
5198,34,Female,7,5,10,9,Basic,Monthly,810,23,0
5199,63,Male,20,24,8,0,Basic,Quarterly,357,8,0
5200,23,Male,1,16,8,18,Premium,Monthly,677,7,0
5201,57,Female,2,17,6,11,Standard,Annual,254,26,0
5202,54,Male,40,7,5,28,Premium,Monthly,915,21,1
5203,38,Male,33,12,9,16,Premium,Monthly,688,3,1
5204,20,Female,23,26,5,30,Standard,Monthly,497,25,1
5205,36,Male,57,20,2,1,Basic,Annual,878,23,0
5206,41,Female,42,19,6,30,Premium,Monthly,827,22,1
5207,24,Female,1,23,4,28,Basic,Annual,107,28,1
5208,46,Male,26,18,1,1,Standard,Quarterly,330,22,0
5209,21,Female,15,16,3,0,Standard,Quarterly,714,17,0
5210,41,Male,23,22,6,8,Standard,Quarterly,367,10,0
5211,62,Male,34,17,3,22,Premium,Monthly,379,20,0
5212,38,Female,56,17,10,19,Premium,Annual,632,4,1
5213,65,Male,52,24,3,12,Premium,Annual,430,4,0
5214,27,Female,10,18,6,25,Standard,Quarterly,560,28,0
5215,49,Female,27,26,2,22,Standard,Quarterly,758,29,0
5216,52,Male,56,15,2,23,Standard,Annual,950,9,0
5217,40,Female,48,22,3,30,Premium,Monthly,574,9,1
5218,58,Female,10,3,1,26,Basic,Quarterly,260,2,1
5219,42,Male,24,20,7,1,Basic,Annual,337,2,0
5220,62,Male,50,4,10,12,Basic,Quarterly,746,29,1
5221,27,Female,38,28,8,20,Standard,Monthly,510,28,1
5222,35,Female,26,25,0,5,Premium,Annual,634,26,0
5223,32,Female,14,12,6,5,Basic,Monthly,990,25,0
5224,29,Female,22,12,5,16,Standard,Quarterly,656,18,0
5225,39,Female,49,15,6,16,Premium,Quarterly,936,19,1
5226,49,Female,33,7,5,26,Premium,Monthly,962,11,1
5227,46,Female,13,16,1,5,Standard,Annual,148,7,0
5228,63,Female,26,18,4,20,Basic,Quarterly,712,30,0
5229,37,Female,2,17,4,27,Premium,Quarterly,839,22,0
5230,38,Female,45,23,3,20,Standard,Annual,718,9,0
5231,62,Female,52,17,7,14,Standard,Quarterly,731,24,0
5232,20,Male,36,28,7,9,Standard,Annual,667,20,0
5233,20,Male,9,28,8,2,Basic,Monthly,180,28,0
5234,47,Female,43,5,8,29,Standard,Quarterly,163,17,1
5235,60,Female,12,3,9,29,Premium,Quarterly,489,25,1
5236,51,Male,59,6,4,14,Basic,Annual,492,24,0
5237,58,Male,32,19,10,20,Standard,Monthly,234,10,1
5238,64,Male,27,28,6,0,Premium,Monthly,569,27,0
5239,52,Female,24,28,1,6,Standard,Quarterly,558,11,0
5240,26,Male,7,26,4,23,Premium,Monthly,104,13,0
5241,51,Female,51,29,3,26,Basic,Annual,640,3,0
5242,33,Male,37,29,2,20,Basic,Monthly,270,29,0
5243,49,Female,38,1,5,24,Basic,Annual,186,26,1
5244,63,Male,1,13,3,27,Standard,Annual,417,4,0
5245,39,Male,36,9,5,20,Premium,Quarterly,613,12,1
5246,44,Female,28,27,4,22,Basic,Annual,580,14,0
5247,52,Male,58,24,9,22,Standard,Annual,695,16,1
5248,33,Female,42,29,2,15,Standard,Monthly,869,12,0
5249,63,Male,7,29,8,12,Standard,Annual,235,1,0
5250,35,Male,22,3,6,24,Standard,Annual,156,28,0
5251,40,Male,17,22,8,30,Premium,Annual,673,21,0
5252,22,Female,35,10,10,3,Basic,Annual,472,22,0
5253,30,Female,37,24,10,17,Standard,Annual,466,4,1
5254,38,Male,58,10,7,13,Premium,Monthly,285,20,0
5255,25,Male,55,19,1,13,Standard,Annual,124,8,0
5256,63,Male,57,21,3,30,Premium,Annual,157,28,0
5257,35,Male,41,23,3,17,Basic,Annual,257,5,0
5258,38,Male,13,21,10,4,Standard,Monthly,727,16,0
5259,23,Female,27,6,10,25,Premium,Annual,158,8,1
5260,58,Male,32,6,3,0,Standard,Annual,481,24,0
5261,56,Female,18,16,7,3,Standard,Quarterly,572,26,0
5262,23,Male,43,29,8,14,Standard,Annual,551,5,0
5263,36,Female,9,17,4,26,Premium,Annual,691,23,0
5264,63,Male,51,5,4,4,Premium,Quarterly,706,5,1
5265,33,Female,6,5,1,2,Premium,Annual,483,6,0
5266,39,Female,15,12,3,8,Standard,Quarterly,221,16,0
5267,25,Male,30,21,0,18,Basic,Annual,278,28,0
5268,25,Female,12,4,7,17,Premium,Quarterly,153,26,0
5269,39,Male,35,17,6,3,Premium,Annual,896,9,0
5270,43,Male,45,24,10,27,Premium,Quarterly,125,21,1
5271,62,Female,19,27,10,11,Standard,Annual,350,22,0
5272,57,Male,29,17,3,7,Standard,Monthly,151,26,0
5273,36,Male,31,30,6,13,Standard,Quarterly,663,30,0
5274,49,Female,8,11,0,18,Standard,Annual,227,19,0
5275,55,Female,38,10,1,28,Premium,Monthly,907,5,1
5276,64,Female,20,23,8,5,Basic,Quarterly,631,21,0
5277,36,Female,4,18,2,18,Basic,Quarterly,312,18,0
5278,25,Female,15,18,7,23,Basic,Annual,953,28,0
5279,34,Female,49,4,10,16,Premium,Annual,574,21,1
5280,57,Male,21,6,5,27,Premium,Monthly,239,10,0
5281,41,Female,25,28,9,16,Standard,Quarterly,372,16,1
5282,18,Female,3,1,7,14,Basic,Monthly,226,5,1
5283,29,Female,40,29,9,28,Standard,Monthly,683,22,1
5284,40,Female,34,11,5,29,Premium,Quarterly,955,1,1
5285,33,Female,45,20,4,30,Standard,Quarterly,603,29,0
5286,30,Male,39,2,1,21,Standard,Monthly,504,27,0
5287,32,Female,31,16,7,0,Premium,Monthly,322,10,0
5288,22,Male,34,7,6,30,Premium,Monthly,910,24,1
5289,52,Male,51,14,5,11,Standard,Monthly,537,15,0
5290,50,Male,15,17,8,27,Standard,Quarterly,333,26,0
5291,47,Male,10,15,6,21,Basic,Annual,165,19,0
5292,21,Male,9,18,6,22,Standard,Monthly,409,3,0
5293,30,Female,52,29,5,16,Standard,Annual,216,8,1
5294,22,Male,6,18,2,16,Premium,Annual,929,1,0
5295,33,Male,25,27,9,7,Premium,Annual,620,19,0
5296,33,Male,1,25,2,8,Standard,Quarterly,973,4,0
5297,54,Male,35,14,8,29,Premium,Monthly,185,30,1
5298,65,Female,37,17,4,6,Standard,Monthly,881,11,0
5299,28,Male,31,17,1,10,Basic,Quarterly,154,4,0
5300,56,Male,31,10,9,1,Standard,Monthly,989,1,0
5301,18,Male,50,23,6,20,Premium,Monthly,309,6,1
5302,41,Male,49,16,4,15,Premium,Quarterly,648,10,0
5303,18,Male,51,26,9,5,Basic,Annual,396,15,0
5304,48,Male,19,19,6,26,Basic,Annual,132,12,0
5305,53,Female,5,16,5,8,Standard,Quarterly,242,22,0
5306,45,Male,32,26,2,16,Premium,Annual,148,18,0
5307,48,Male,49,22,0,9,Premium,Annual,125,14,0
5308,35,Female,56,6,2,14,Premium,Monthly,521,16,0
5309,61,Male,39,1,6,4,Basic,Quarterly,537,13,1
5310,64,Female,60,22,2,29,Basic,Monthly,213,12,1
5311,47,Female,59,9,6,26,Basic,Quarterly,213,3,1
5312,39,Male,16,7,6,11,Standard,Monthly,458,23,0
5313,25,Female,48,13,3,11,Premium,Monthly,338,29,0
5314,46,Male,52,24,5,14,Standard,Annual,198,12,0
5315,24,Male,40,23,6,19,Premium,Annual,170,12,1
5316,44,Female,5,5,9,29,Premium,Monthly,627,21,1
5317,49,Male,57,6,1,29,Basic,Monthly,813,29,0
5318,44,Male,33,12,1,0,Premium,Quarterly,764,16,0
5319,32,Male,44,26,2,1,Premium,Monthly,852,16,0
5320,56,Male,17,10,9,16,Premium,Monthly,805,19,0
5321,21,Male,7,27,2,14,Premium,Annual,148,8,0
5322,41,Male,30,10,5,3,Standard,Quarterly,710,5,0
5323,49,Male,16,29,2,9,Basic,Monthly,579,2,0
5324,25,Male,6,7,2,9,Basic,Quarterly,670,25,0
5325,57,Male,7,2,10,27,Basic,Monthly,851,29,1
5326,50,Female,50,10,8,13,Standard,Monthly,989,7,0
5327,25,Male,37,19,8,14,Standard,Annual,327,4,0
5328,57,Male,30,7,6,29,Premium,Annual,195,9,1
5329,53,Male,46,6,7,29,Basic,Annual,947,29,1
5330,18,Female,51,1,10,21,Premium,Annual,947,29,1
5331,24,Female,41,24,7,5,Basic,Annual,413,4,0
5332,60,Male,10,27,7,0,Basic,Quarterly,704,10,0
5333,51,Female,37,30,4,0,Standard,Quarterly,610,30,0
5334,59,Male,25,22,7,13,Premium,Quarterly,575,7,0
5335,58,Male,48,14,6,17,Basic,Annual,307,15,1
5336,46,Male,12,18,7,27,Premium,Annual,692,7,0
5337,42,Male,20,8,0,21,Premium,Quarterly,404,4,0
5338,39,Male,6,19,4,5,Standard,Quarterly,853,18,0
5339,34,Female,45,22,8,1,Premium,Annual,953,10,0
5340,32,Male,34,9,10,2,Standard,Monthly,237,15,0
5341,49,Male,38,14,7,0,Standard,Annual,854,28,0
5342,44,Female,46,12,9,0,Premium,Quarterly,187,11,0
5343,53,Female,14,15,1,28,Basic,Quarterly,438,25,1
5344,51,Male,4,25,1,12,Standard,Monthly,494,9,0
5345,51,Male,49,29,7,1,Standard,Monthly,719,26,0
5346,50,Female,40,11,0,22,Standard,Annual,202,21,1
5347,65,Female,10,27,3,21,Premium,Monthly,303,21,1
5348,41,Male,12,1,8,7,Standard,Quarterly,878,3,0
5349,28,Male,24,5,0,11,Premium,Quarterly,503,1,0
5350,59,Female,35,8,0,20,Premium,Quarterly,844,7,0
5351,19,Male,59,6,8,6,Basic,Quarterly,456,27,0
5352,18,Male,17,27,6,24,Standard,Quarterly,861,14,0
5353,35,Male,54,15,4,1,Basic,Annual,992,1,0
5354,30,Male,30,15,8,10,Standard,Annual,851,28,0
5355,60,Male,45,7,7,26,Standard,Annual,918,5,1
5356,36,Male,59,25,6,26,Premium,Annual,268,10,1
5357,48,Female,24,5,7,21,Premium,Annual,836,24,1
5358,46,Male,42,3,1,0,Basic,Annual,154,6,0
5359,49,Male,30,12,7,7,Standard,Monthly,884,21,0
5360,26,Female,60,7,7,5,Basic,Annual,347,1,0
5361,54,Male,29,10,3,11,Premium,Monthly,282,12,0
5362,36,Male,44,23,4,16,Premium,Quarterly,128,26,0
5363,26,Male,9,14,3,19,Basic,Quarterly,412,16,0
5364,38,Female,5,10,4,14,Basic,Quarterly,730,17,0
5365,38,Female,12,24,1,4,Basic,Quarterly,416,2,0
5366,51,Female,59,26,8,13,Basic,Annual,946,25,0
5367,64,Female,40,14,6,10,Standard,Annual,158,4,0
5368,44,Male,59,16,0,8,Standard,Monthly,470,22,0
5369,25,Male,6,19,10,4,Standard,Monthly,764,9,0
5370,54,Female,21,14,4,8,Basic,Annual,430,17,0
5371,35,Male,30,21,0,1,Standard,Annual,166,8,0
5372,43,Female,21,23,2,30,Premium,Quarterly,902,10,0
5373,23,Male,22,7,6,2,Basic,Monthly,335,7,0
5374,34,Female,32,5,0,19,Standard,Annual,392,9,0
5375,28,Female,18,5,6,25,Standard,Quarterly,255,3,1
5376,61,Female,25,10,2,19,Basic,Annual,322,7,0
5377,40,Male,17,13,5,27,Standard,Quarterly,649,6,0
5378,41,Female,46,10,3,16,Basic,Annual,247,14,0
5379,47,Male,24,21,8,14,Standard,Quarterly,836,23,0
5380,41,Male,41,21,6,30,Premium,Quarterly,122,8,1
5381,37,Female,31,23,1,19,Basic,Quarterly,663,7,0
5382,41,Male,33,27,0,3,Basic,Annual,474,15,0
5383,49,Female,56,25,5,18,Standard,Quarterly,282,3,1
5384,44,Male,53,24,4,15,Premium,Annual,669,22,0
5385,26,Male,9,30,1,27,Basic,Monthly,672,12,0
5386,21,Male,13,20,5,0,Premium,Annual,217,30,0
5387,48,Female,47,16,6,23,Standard,Quarterly,284,18,1
5388,36,Female,8,25,8,12,Premium,Monthly,183,5,0
5389,61,Male,15,28,10,6,Standard,Quarterly,888,3,0
5390,43,Male,37,26,1,2,Standard,Annual,861,5,0
5391,26,Male,33,20,3,16,Standard,Monthly,456,7,0
5392,45,Female,48,9,0,16,Standard,Quarterly,555,12,0
5393,28,Female,49,25,6,24,Premium,Quarterly,181,16,1
5394,25,Female,49,18,10,8,Premium,Annual,891,6,0
5395,40,Male,46,3,2,6,Basic,Quarterly,316,25,0
5396,40,Male,12,23,10,24,Premium,Quarterly,863,22,0
5397,44,Female,50,3,9,22,Basic,Quarterly,640,9,1
5398,56,Female,8,17,6,2,Standard,Annual,953,12,0
5399,32,Female,6,26,0,4,Basic,Monthly,131,19,0
5400,48,Male,58,29,6,9,Premium,Quarterly,295,22,0
5401,53,Male,5,17,3,3,Premium,Monthly,328,26,0
5402,61,Female,15,16,0,10,Basic,Monthly,459,20,0
5403,46,Male,21,27,7,12,Premium,Quarterly,744,1,0
5404,36,Female,44,17,10,30,Basic,Annual,463,3,1
5405,31,Male,9,4,6,17,Standard,Monthly,521,11,0
5406,50,Male,52,9,1,13,Standard,Quarterly,181,8,0
5407,51,Female,40,25,2,0,Standard,Monthly,256,12,0
5408,29,Female,8,15,5,3,Premium,Monthly,247,2,0
5409,23,Male,37,4,8,26,Premium,Quarterly,165,23,1
5410,55,Male,22,24,4,2,Basic,Monthly,550,25,0
5411,24,Female,22,1,0,17,Standard,Annual,380,7,0
5412,38,Female,59,9,7,13,Standard,Monthly,663,23,0
5413,35,Male,42,7,2,8,Premium,Quarterly,801,21,0
5414,22,Male,34,14,2,3,Premium,Quarterly,677,14,0
5415,20,Male,3,9,8,1,Basic,Monthly,349,3,0
5416,19,Female,9,10,3,5,Basic,Annual,574,19,0
5417,38,Female,51,14,9,2,Premium,Monthly,362,6,0
5418,35,Female,23,10,10,9,Basic,Quarterly,758,10,0
5419,30,Female,6,15,7,20,Premium,Annual,148,5,0
5420,39,Female,26,5,0,19,Premium,Monthly,757,7,0
5421,20,Female,52,10,2,21,Basic,Annual,949,22,0
5422,35,Male,49,13,8,1,Basic,Annual,117,28,0
5423,31,Female,27,12,6,28,Standard,Quarterly,318,4,1
5424,28,Male,3,8,10,26,Standard,Annual,595,16,0
5425,30,Male,44,28,0,20,Standard,Annual,715,28,0
5426,29,Male,10,20,3,26,Basic,Monthly,630,21,0
5427,27,Female,6,7,9,2,Standard,Quarterly,193,30,0
5428,37,Male,11,12,10,2,Standard,Annual,698,11,0
5429,31,Female,51,17,1,9,Standard,Monthly,415,8,0
5430,60,Female,3,16,1,17,Premium,Annual,693,24,0
5431,51,Male,48,17,8,11,Premium,Monthly,896,21,0
5432,50,Female,51,29,3,25,Standard,Annual,243,3,1
5433,55,Male,3,8,5,29,Standard,Annual,161,29,0
5434,41,Male,3,12,0,6,Premium,Quarterly,869,21,0
5435,49,Male,42,21,5,22,Standard,Monthly,176,7,1
5436,48,Female,27,28,0,8,Premium,Quarterly,998,25,0
5437,37,Female,35,25,2,15,Basic,Monthly,162,28,0
5438,21,Female,20,27,4,11,Basic,Quarterly,901,1,0
5439,54,Male,51,11,2,24,Premium,Quarterly,370,12,0
5440,61,Female,10,23,2,14,Standard,Quarterly,153,9,0
5441,37,Female,23,23,6,2,Basic,Quarterly,411,30,0
5442,26,Female,16,10,0,21,Premium,Quarterly,866,19,0
5443,62,Male,23,8,0,25,Standard,Quarterly,549,14,0
5444,64,Male,3,11,0,0,Basic,Monthly,821,12,0
5445,40,Female,9,23,6,29,Premium,Annual,203,13,1
5446,18,Female,60,11,0,1,Basic,Quarterly,787,30,0
5447,19,Male,36,26,6,24,Standard,Quarterly,511,27,1
5448,61,Male,31,13,4,24,Premium,Annual,682,20,0
5449,52,Female,44,13,5,23,Basic,Annual,364,7,1
5450,63,Female,18,23,6,12,Premium,Monthly,569,25,0
5451,34,Male,1,12,6,20,Premium,Quarterly,744,28,0
5452,55,Female,49,27,3,12,Premium,Annual,389,27,0
5453,57,Male,39,7,0,16,Standard,Annual,244,16,0
5454,40,Male,6,3,8,17,Standard,Quarterly,722,26,0
5455,59,Female,37,27,2,5,Basic,Quarterly,294,13,0
5456,22,Female,45,15,0,14,Basic,Quarterly,175,24,0
5457,48,Female,25,19,1,0,Premium,Annual,857,19,0
5458,44,Female,26,20,2,17,Premium,Quarterly,666,12,0
5459,21,Male,39,17,10,10,Standard,Annual,202,30,0
5460,41,Female,35,7,6,20,Basic,Monthly,470,23,1
5461,38,Female,32,12,9,0,Premium,Annual,137,20,0
5462,32,Female,3,26,8,3,Basic,Monthly,874,7,0
5463,62,Male,3,4,1,12,Basic,Quarterly,981,20,0
5464,35,Female,25,7,10,21,Basic,Monthly,554,20,1
5465,49,Male,51,1,1,18,Premium,Annual,850,2,0
5466,59,Male,19,17,0,17,Basic,Annual,798,18,0
5467,52,Male,2,29,2,12,Premium,Monthly,314,2,0
5468,23,Female,47,30,2,4,Basic,Monthly,521,23,0
5469,31,Female,36,26,2,30,Premium,Annual,526,13,0
5470,21,Male,51,12,9,4,Standard,Annual,226,22,0
5471,20,Female,27,2,8,15,Basic,Quarterly,160,28,0
5472,37,Male,57,2,7,13,Basic,Annual,552,18,0
5473,63,Male,2,19,2,13,Standard,Annual,358,25,0
5474,34,Male,32,25,7,8,Premium,Quarterly,920,21,0
5475,22,Female,58,10,9,3,Standard,Quarterly,144,21,0
5476,41,Female,30,25,1,9,Standard,Annual,227,7,0
5477,20,Female,18,3,4,18,Basic,Annual,148,26,0
5478,58,Female,3,25,0,13,Basic,Monthly,692,3,0
5479,25,Male,16,27,2,9,Premium,Monthly,325,17,0
5480,52,Male,45,22,5,0,Standard,Annual,899,2,0
5481,23,Male,51,16,0,1,Standard,Quarterly,540,21,0
5482,57,Male,33,7,0,29,Standard,Annual,310,6,0
5483,54,Male,19,23,0,24,Standard,Annual,921,18,0
5484,60,Female,30,9,8,20,Standard,Monthly,524,14,1
5485,53,Female,16,11,3,26,Basic,Monthly,523,21,1
5486,51,Male,44,26,4,5,Basic,Monthly,180,6,0
5487,20,Female,30,4,6,29,Standard,Annual,795,30,1
5488,40,Male,25,15,5,23,Premium,Quarterly,338,23,1
5489,47,Male,21,11,7,17,Standard,Monthly,717,17,0
5490,36,Female,1,30,4,22,Premium,Quarterly,999,6,0
5491,52,Female,36,13,8,15,Basic,Quarterly,159,6,0
5492,58,Female,1,23,0,25,Basic,Annual,386,16,1
5493,55,Male,52,22,2,25,Standard,Annual,697,8,0
5494,52,Female,50,13,8,4,Basic,Annual,632,10,0
5495,40,Female,14,24,2,5,Premium,Quarterly,242,28,0
5496,33,Female,31,28,6,30,Basic,Annual,305,7,1
5497,64,Female,25,11,7,1,Premium,Annual,788,21,0
5498,56,Female,52,3,7,27,Standard,Monthly,169,20,1
5499,22,Female,60,23,3,1,Basic,Annual,923,18,0
5500,20,Male,9,10,7,1,Premium,Quarterly,396,2,0
5501,25,Female,20,7,10,16,Standard,Annual,578,11,0
5502,37,Female,47,14,7,6,Premium,Monthly,333,24,0
5503,45,Female,2,22,7,20,Standard,Annual,339,18,0
5504,65,Female,30,26,6,24,Premium,Monthly,740,6,1
5505,23,Female,8,23,0,28,Standard,Monthly,963,11,1
5506,39,Male,56,4,7,25,Standard,Annual,863,16,1
5507,21,Male,23,23,1,16,Standard,Annual,150,28,0
5508,37,Female,9,22,10,13,Premium,Annual,618,21,0
5509,61,Female,19,1,10,29,Basic,Monthly,366,27,1
5510,39,Female,56,24,0,24,Standard,Quarterly,902,7,0
5511,27,Female,35,18,4,20,Premium,Monthly,451,6,0
5512,23,Male,59,5,9,29,Premium,Monthly,748,24,1
5513,44,Male,5,10,1,23,Premium,Quarterly,922,3,0
5514,19,Male,13,19,7,24,Standard,Monthly,220,14,0
5515,34,Female,40,24,8,22,Basic,Annual,603,10,1
5516,37,Female,38,6,7,21,Standard,Monthly,483,17,1
5517,20,Male,34,26,2,8,Standard,Quarterly,789,22,0
5518,65,Male,12,4,8,23,Premium,Quarterly,802,6,1
5519,52,Female,3,24,6,30,Standard,Monthly,677,11,1
5520,46,Female,32,24,9,13,Premium,Quarterly,470,11,0
5521,34,Male,40,2,4,26,Standard,Annual,523,29,0
5522,26,Male,17,7,1,5,Standard,Quarterly,740,26,0
5523,37,Female,25,1,0,24,Basic,Quarterly,851,6,0
5524,58,Female,54,21,9,27,Standard,Quarterly,553,18,1
5525,21,Female,35,7,3,26,Basic,Annual,899,19,0
5526,45,Female,8,3,1,18,Premium,Monthly,582,26,0
5527,61,Female,33,7,6,8,Basic,Quarterly,464,18,0
5528,50,Male,55,3,8,24,Basic,Monthly,631,14,1
5529,32,Male,7,20,4,1,Basic,Monthly,718,22,0
5530,59,Female,10,30,5,24,Standard,Monthly,529,27,1
5531,54,Female,20,16,4,0,Basic,Monthly,569,16,0
5532,42,Female,1,13,10,26,Premium,Monthly,141,19,1
5533,29,Female,44,25,3,29,Basic,Quarterly,664,17,0
5534,25,Female,54,26,3,6,Standard,Annual,904,9,0
5535,42,Female,21,4,6,11,Premium,Quarterly,465,18,0
5536,41,Female,50,17,9,26,Standard,Monthly,616,12,1
5537,59,Male,7,7,3,27,Basic,Annual,123,30,0
5538,47,Female,18,6,1,25,Basic,Monthly,477,20,1
5539,20,Male,6,27,2,25,Standard,Annual,557,7,0
5540,27,Female,57,2,5,23,Premium,Monthly,728,17,1
5541,46,Female,41,3,3,29,Standard,Quarterly,864,17,0
5542,64,Female,11,19,8,28,Basic,Quarterly,274,30,1
5543,48,Female,2,27,7,27,Basic,Quarterly,313,18,1
5544,36,Female,40,30,9,27,Basic,Annual,984,6,1
5545,41,Female,51,8,7,27,Standard,Annual,557,19,1
5546,61,Female,14,3,7,28,Premium,Annual,578,30,1
5547,19,Male,49,25,3,5,Premium,Quarterly,739,14,0
5548,35,Male,10,2,2,20,Standard,Annual,602,1,1
5549,36,Male,52,21,4,18,Premium,Annual,642,7,0
5550,37,Female,57,26,0,3,Basic,Monthly,896,16,0
5551,46,Female,49,16,7,26,Basic,Quarterly,283,20,1
5552,46,Male,49,28,2,4,Standard,Monthly,531,24,0
5553,58,Female,59,13,4,0,Standard,Quarterly,305,24,0
5554,45,Female,6,20,10,2,Basic,Quarterly,786,11,0
5555,55,Female,32,26,7,21,Basic,Quarterly,294,11,1
5556,40,Male,39,6,7,19,Basic,Annual,508,6,1
5557,37,Female,19,16,5,8,Standard,Monthly,226,7,0
5558,18,Female,34,13,7,11,Standard,Annual,901,9,0
5559,54,Male,59,17,6,29,Standard,Annual,900,15,1
5560,47,Male,29,5,8,13,Basic,Monthly,676,2,0
5561,38,Female,53,2,9,18,Premium,Quarterly,754,8,1
5562,64,Male,44,19,1,8,Basic,Quarterly,813,17,0
5563,18,Male,15,28,10,21,Basic,Monthly,661,1,0
5564,39,Male,40,22,0,1,Standard,Annual,811,12,0
5565,42,Female,26,12,2,22,Premium,Annual,868,22,0
5566,37,Female,17,5,9,0,Basic,Quarterly,858,8,0
5567,27,Male,11,22,6,18,Standard,Quarterly,556,30,0
5568,36,Female,44,15,4,0,Premium,Monthly,115,7,0
5569,42,Female,2,11,5,14,Premium,Monthly,936,27,0
5570,52,Male,19,5,0,4,Standard,Annual,302,16,0
5571,38,Male,15,11,9,22,Premium,Annual,989,24,0
5572,65,Male,33,10,7,30,Premium,Monthly,561,8,1
5573,59,Male,50,9,5,2,Basic,Monthly,182,20,0
5574,25,Female,29,20,8,17,Premium,Monthly,823,13,1
5575,56,Female,33,25,4,12,Premium,Quarterly,417,11,0
5576,61,Male,45,5,1,29,Premium,Annual,174,13,0
5577,24,Female,16,8,4,23,Basic,Monthly,412,8,1
5578,21,Female,21,23,7,15,Standard,Quarterly,673,3,0
5579,35,Female,1,8,4,30,Basic,Quarterly,312,22,1
5580,53,Male,49,12,0,0,Standard,Monthly,536,5,0
5581,48,Male,34,24,6,8,Premium,Monthly,808,7,0
5582,40,Male,53,29,5,29,Premium,Annual,257,9,1
5583,19,Female,8,17,3,2,Premium,Quarterly,257,17,0
5584,27,Male,54,19,5,1,Premium,Quarterly,774,21,0
5585,52,Female,38,20,0,6,Basic,Annual,687,21,0
5586,27,Male,43,23,8,12,Standard,Quarterly,455,3,0
5587,26,Male,15,22,6,22,Standard,Annual,295,7,0
5588,37,Male,3,16,7,28,Standard,Quarterly,838,29,0
5589,32,Female,19,8,6,25,Standard,Quarterly,182,8,1
5590,30,Female,17,25,8,4,Basic,Annual,446,15,0
5591,62,Male,41,26,4,21,Basic,Quarterly,973,3,0
5592,27,Female,29,23,6,4,Premium,Annual,245,15,0
5593,18,Female,45,4,6,18,Standard,Monthly,991,29,1
5594,22,Female,18,28,7,12,Premium,Monthly,868,25,0
5595,39,Male,4,4,0,21,Standard,Quarterly,697,14,0
5596,65,Male,45,6,9,1,Premium,Quarterly,235,19,0
5597,64,Female,46,1,2,9,Standard,Quarterly,913,29,0
5598,31,Male,59,24,9,8,Basic,Quarterly,165,20,0
5599,29,Female,10,7,9,10,Standard,Annual,295,19,0
5600,21,Female,57,10,10,19,Standard,Quarterly,966,29,1
5601,55,Female,23,7,4,30,Standard,Quarterly,304,16,1
5602,50,Male,51,1,2,29,Standard,Monthly,825,17,0
5603,46,Female,34,6,10,9,Basic,Monthly,920,14,0
5604,31,Female,33,27,8,3,Standard,Quarterly,623,11,0
5605,56,Female,54,24,2,8,Basic,Monthly,441,13,0
5606,51,Female,45,3,3,30,Basic,Monthly,885,3,1
5607,54,Male,9,30,9,1,Standard,Annual,203,5,0
5608,34,Female,9,27,4,6,Standard,Annual,275,9,0
5609,34,Female,22,12,7,12,Premium,Quarterly,658,21,0
5610,31,Female,7,18,9,26,Premium,Monthly,797,14,1
5611,25,Female,44,30,8,0,Basic,Quarterly,373,29,0
5612,25,Male,48,20,2,19,Standard,Annual,760,20,0
5613,49,Male,40,19,7,25,Standard,Quarterly,164,25,1
5614,40,Female,39,6,7,27,Premium,Quarterly,426,10,1
5615,31,Female,30,6,4,30,Basic,Quarterly,352,8,1
5616,28,Female,40,15,10,30,Basic,Monthly,256,23,1
5617,45,Male,17,4,3,11,Standard,Annual,666,22,0
5618,50,Male,15,27,1,1,Premium,Quarterly,468,9,0
5619,28,Female,26,24,6,6,Standard,Annual,125,5,0
5620,42,Female,41,14,9,15,Standard,Annual,372,9,0
5621,42,Male,39,16,0,25,Standard,Annual,979,12,0
5622,60,Female,21,30,2,11,Basic,Quarterly,519,27,0
5623,60,Female,11,14,8,5,Basic,Quarterly,108,14,0
5624,27,Male,19,14,10,20,Standard,Monthly,544,30,0
5625,31,Male,1,14,4,1,Basic,Monthly,649,28,0
5626,29,Male,51,30,8,10,Basic,Quarterly,742,8,0
5627,56,Male,7,5,4,17,Premium,Annual,830,18,1
5628,24,Female,10,11,3,4,Basic,Monthly,938,30,0
5629,49,Male,9,5,0,6,Standard,Monthly,943,15,0
5630,43,Male,14,22,5,19,Standard,Annual,278,16,0
5631,35,Female,45,13,7,9,Standard,Annual,148,19,0
5632,54,Male,7,27,6,20,Standard,Monthly,126,5,0
5633,35,Male,30,26,5,24,Premium,Monthly,887,16,1
5634,28,Female,49,11,2,4,Premium,Monthly,308,16,0
5635,42,Female,11,5,9,22,Standard,Monthly,940,2,1
5636,59,Male,13,25,1,15,Basic,Quarterly,930,22,0
5637,38,Female,39,23,0,19,Premium,Annual,245,1,0
5638,40,Male,6,2,0,25,Standard,Quarterly,1000,8,0
5639,25,Female,27,17,8,9,Premium,Quarterly,771,20,0
5640,22,Male,5,3,7,2,Standard,Monthly,829,12,0
5641,56,Male,16,10,6,13,Premium,Monthly,630,15,0
5642,32,Male,31,23,6,15,Basic,Annual,404,9,0
5643,36,Male,4,1,2,23,Premium,Monthly,763,19,0
5644,49,Male,47,14,4,26,Standard,Annual,785,8,0
5645,64,Female,23,2,1,4,Premium,Monthly,647,14,0
5646,41,Female,13,15,0,30,Standard,Monthly,845,27,1
5647,31,Male,43,25,2,15,Basic,Annual,667,5,0
5648,52,Male,60,1,0,22,Standard,Quarterly,324,5,0
5649,34,Female,41,6,3,10,Standard,Quarterly,341,11,0
5650,21,Male,12,23,4,4,Standard,Quarterly,297,19,0
5651,36,Male,44,14,0,3,Standard,Monthly,904,16,0
5652,55,Male,55,27,0,9,Basic,Quarterly,313,27,0
5653,59,Female,8,5,1,8,Premium,Annual,637,30,0
5654,59,Female,52,4,7,7,Standard,Monthly,719,20,1
5655,43,Female,26,6,6,17,Standard,Quarterly,410,8,1
5656,22,Female,16,23,10,22,Basic,Annual,665,11,0
5657,55,Female,50,5,2,27,Premium,Monthly,385,21,1
5658,38,Male,11,22,3,4,Standard,Quarterly,180,1,0
5659,59,Male,13,30,2,25,Basic,Quarterly,125,4,0
5660,32,Male,59,1,7,3,Standard,Monthly,673,14,0
5661,64,Male,43,24,1,12,Premium,Monthly,615,25,0
5662,62,Male,16,16,10,20,Basic,Quarterly,596,30,0
5663,61,Female,17,18,5,20,Basic,Annual,270,13,0
5664,37,Male,2,28,8,21,Basic,Annual,392,1,0
5665,20,Female,48,23,9,1,Premium,Annual,457,28,0
5666,43,Female,15,25,7,2,Standard,Annual,847,14,0
5667,20,Male,6,8,10,3,Standard,Annual,253,20,0
5668,49,Male,15,27,2,19,Basic,Quarterly,845,16,0
5669,26,Male,44,15,2,12,Standard,Annual,460,21,0
5670,23,Female,40,18,4,16,Premium,Annual,244,6,0
5671,37,Female,25,1,8,1,Basic,Monthly,805,27,0
5672,32,Male,32,13,0,26,Premium,Annual,875,25,0
5673,48,Male,58,14,7,17,Standard,Quarterly,549,9,1
5674,35,Male,13,2,0,25,Premium,Quarterly,815,6,0
5675,26,Male,27,17,3,17,Basic,Monthly,584,25,0
5676,53,Male,36,25,1,12,Basic,Annual,933,11,0
5677,29,Female,50,3,7,7,Basic,Monthly,457,6,0
5678,62,Female,31,1,8,24,Premium,Monthly,703,19,1
5679,52,Female,59,30,8,2,Basic,Quarterly,449,22,0
5680,40,Male,21,13,4,23,Standard,Monthly,546,19,0
5681,28,Male,10,12,9,5,Premium,Monthly,604,11,0
5682,41,Male,57,16,2,7,Standard,Quarterly,334,13,0
5683,24,Male,54,1,4,23,Standard,Monthly,345,19,0
5684,36,Female,19,8,7,2,Premium,Annual,609,25,0
5685,57,Female,44,25,6,7,Standard,Quarterly,433,16,0
5686,37,Female,6,27,5,21,Premium,Monthly,649,14,1
5687,42,Male,37,2,10,21,Basic,Annual,981,21,1
5688,34,Male,24,12,1,16,Basic,Quarterly,173,30,0
5689,34,Female,40,12,6,14,Standard,Quarterly,280,23,0
5690,20,Female,40,20,10,29,Premium,Monthly,663,8,1
5691,57,Male,15,25,5,12,Basic,Annual,477,14,0
5692,53,Female,53,23,0,5,Premium,Monthly,259,1,0
5693,28,Male,36,18,8,17,Standard,Annual,398,19,1
5694,29,Male,8,8,1,14,Standard,Monthly,475,27,0
5695,56,Female,7,28,6,11,Basic,Monthly,581,22,0
5696,54,Male,44,22,9,2,Standard,Monthly,990,16,0
5697,27,Female,11,26,5,16,Premium,Annual,629,2,0
5698,64,Female,29,12,4,2,Standard,Monthly,355,5,0
5699,50,Male,1,20,10,1,Basic,Annual,385,29,0
5700,22,Female,20,13,7,21,Basic,Annual,359,24,1
5701,22,Male,28,11,1,30,Premium,Monthly,695,23,0
5702,56,Female,46,14,6,4,Basic,Quarterly,319,17,0
5703,36,Male,31,22,5,5,Basic,Annual,398,28,0
5704,41,Female,18,3,9,22,Premium,Annual,565,20,0
5705,59,Male,2,16,0,13,Basic,Quarterly,435,22,0
5706,44,Female,11,2,6,30,Basic,Annual,118,3,1
5707,29,Female,52,6,10,12,Standard,Monthly,905,9,0
5708,41,Female,1,13,9,4,Standard,Quarterly,834,28,0
5709,23,Female,46,9,3,7,Premium,Monthly,383,21,0
5710,24,Male,4,27,7,20,Standard,Monthly,126,2,0
5711,57,Male,39,7,7,6,Standard,Monthly,522,1,0
5712,45,Male,3,15,8,5,Standard,Monthly,903,17,0
5713,54,Male,35,13,3,15,Premium,Monthly,864,16,0
5714,29,Female,37,19,6,16,Basic,Annual,447,13,1
5715,43,Female,58,24,10,10,Standard,Annual,842,12,0
5716,63,Female,6,21,4,28,Premium,Monthly,769,7,1
5717,63,Female,37,8,6,4,Premium,Quarterly,167,11,0
5718,26,Female,18,9,2,15,Premium,Annual,807,6,0
5719,62,Female,28,2,3,21,Premium,Quarterly,214,26,1
5720,24,Female,56,14,1,0,Standard,Annual,599,6,0
5721,57,Male,27,11,4,11,Premium,Monthly,445,8,0
5722,22,Male,8,10,5,28,Basic,Quarterly,752,20,0
5723,34,Female,20,16,1,17,Standard,Annual,165,10,0
5724,22,Female,2,15,2,10,Basic,Quarterly,591,20,0
5725,37,Female,46,13,6,26,Basic,Monthly,699,27,1
5726,23,Female,10,22,0,0,Premium,Monthly,333,18,0
5727,59,Female,40,16,2,14,Premium,Quarterly,946,11,0
5728,47,Male,54,13,6,27,Basic,Monthly,816,15,1
5729,41,Female,13,1,9,7,Standard,Quarterly,683,13,0
5730,36,Female,45,16,1,28,Basic,Quarterly,405,10,1
5731,62,Female,22,8,9,17,Premium,Monthly,625,19,0
5732,54,Female,7,28,3,13,Premium,Quarterly,226,19,0
5733,39,Male,45,14,8,26,Basic,Quarterly,417,11,1
5734,30,Female,44,30,0,17,Premium,Monthly,928,10,0
5735,27,Female,38,26,4,25,Standard,Monthly,513,10,1
5736,63,Female,5,18,10,10,Basic,Monthly,850,22,0
5737,34,Female,38,14,6,22,Standard,Quarterly,777,20,1
5738,63,Male,50,17,4,6,Premium,Monthly,193,15,0
5739,34,Female,1,11,3,10,Standard,Annual,589,8,0
5740,58,Male,51,20,7,14,Premium,Annual,653,20,0
5741,19,Male,29,1,7,9,Premium,Annual,818,16,0
5742,32,Female,52,22,9,12,Basic,Quarterly,182,14,0
5743,58,Male,41,5,4,25,Basic,Quarterly,734,27,1
5744,36,Male,47,2,2,16,Premium,Monthly,788,24,0
5745,29,Male,24,11,7,2,Standard,Quarterly,213,17,0
5746,57,Female,26,6,2,7,Standard,Annual,373,18,0
5747,26,Male,21,17,10,23,Premium,Annual,663,18,0
5748,60,Male,38,22,2,7,Standard,Monthly,643,20,0
5749,21,Male,33,6,0,19,Standard,Quarterly,580,20,0
5750,31,Male,37,12,10,8,Basic,Quarterly,878,7,0
5751,47,Male,27,27,7,7,Premium,Monthly,886,18,0
5752,59,Male,24,11,8,15,Basic,Annual,809,3,0
5753,21,Female,38,3,8,13,Standard,Annual,480,14,0
5754,61,Male,24,1,4,29,Premium,Quarterly,605,3,1
5755,57,Female,48,30,2,15,Premium,Monthly,114,4,0
5756,49,Male,51,19,1,5,Standard,Monthly,242,13,0
5757,58,Male,54,20,1,11,Basic,Annual,905,1,0
5758,45,Female,48,2,0,3,Basic,Annual,277,6,1
5759,42,Female,32,19,3,28,Premium,Monthly,907,15,1
5760,28,Male,28,22,2,21,Premium,Quarterly,460,5,0
5761,39,Male,51,26,2,18,Premium,Quarterly,752,2,0
5762,36,Female,17,5,10,0,Standard,Quarterly,441,30,0
5763,48,Male,19,25,5,5,Basic,Quarterly,785,1,0
5764,40,Male,57,12,1,15,Premium,Monthly,297,3,0
5765,33,Male,27,3,8,14,Premium,Quarterly,221,18,0
5766,43,Female,10,25,1,18,Standard,Quarterly,251,10,0
5767,51,Female,59,10,5,24,Premium,Quarterly,770,30,1
5768,50,Female,38,5,4,3,Premium,Quarterly,625,8,0
5769,52,Female,47,6,3,18,Basic,Quarterly,184,26,0
5770,51,Female,53,5,4,20,Premium,Quarterly,901,22,1
5771,21,Male,27,1,2,1,Premium,Annual,785,12,0
5772,21,Female,35,13,0,25,Standard,Annual,679,2,0
5773,20,Male,28,3,10,20,Basic,Annual,475,23,1
5774,49,Female,7,17,2,22,Basic,Monthly,574,1,1
5775,50,Female,24,1,10,27,Premium,Quarterly,101,10,1
5776,36,Female,53,10,8,3,Premium,Annual,774,4,0
5777,61,Male,27,23,10,20,Basic,Quarterly,154,14,1
5778,38,Female,29,17,7,26,Premium,Annual,755,16,1
5779,60,Male,17,22,2,9,Standard,Quarterly,713,16,0
5780,55,Female,40,26,8,21,Standard,Monthly,512,17,1
5781,29,Female,49,26,0,25,Standard,Annual,945,19,0
5782,34,Male,43,29,2,5,Premium,Annual,794,24,0
5783,31,Female,30,10,1,10,Basic,Monthly,370,16,0
5784,32,Male,4,9,2,29,Premium,Annual,555,18,0
5785,51,Female,34,15,8,19,Standard,Quarterly,279,20,1
5786,21,Female,24,19,9,25,Premium,Annual,408,24,1
5787,33,Male,59,28,9,29,Premium,Quarterly,473,2,1
5788,43,Male,28,8,8,17,Basic,Monthly,805,13,1
5789,59,Male,20,19,4,12,Premium,Quarterly,884,6,0
5790,64,Female,58,1,6,19,Premium,Quarterly,530,3,1
5791,48,Female,24,28,8,21,Premium,Annual,220,4,1
5792,19,Female,37,1,10,6,Standard,Annual,414,4,0
5793,53,Male,14,8,5,27,Standard,Quarterly,881,25,0
5794,34,Male,51,29,9,12,Standard,Annual,573,30,0
5795,31,Female,25,29,7,22,Standard,Quarterly,313,20,1
5796,26,Male,21,9,4,10,Premium,Quarterly,208,17,0
5797,35,Female,44,20,2,20,Basic,Monthly,538,11,0
5798,36,Female,32,16,1,19,Premium,Monthly,892,3,0
5799,51,Female,33,30,8,26,Standard,Quarterly,909,10,1
5800,63,Male,37,29,0,0,Standard,Quarterly,624,28,0
5801,52,Female,26,5,9,19,Premium,Quarterly,976,25,1
5802,61,Male,59,29,0,20,Standard,Annual,488,16,0
5803,21,Female,52,1,1,26,Premium,Annual,816,15,0
5804,40,Female,37,18,1,25,Basic,Annual,942,2,0
5805,43,Male,57,16,5,13,Standard,Monthly,108,17,0
5806,56,Male,54,21,1,3,Premium,Annual,465,17,0
5807,41,Male,18,10,0,23,Standard,Quarterly,457,13,0
5808,56,Male,30,2,8,15,Standard,Annual,321,18,1
5809,57,Female,38,1,2,26,Basic,Annual,585,5,0
5810,44,Male,26,28,1,30,Standard,Monthly,321,26,0
5811,41,Female,23,10,5,15,Basic,Quarterly,655,5,0
5812,57,Female,24,15,1,25,Basic,Quarterly,241,3,1
5813,31,Female,44,11,9,20,Standard,Annual,622,16,1
5814,60,Female,37,5,1,12,Standard,Quarterly,841,21,0
5815,31,Male,51,9,1,5,Premium,Monthly,915,25,0
5816,62,Male,43,28,10,15,Basic,Quarterly,325,29,0
5817,40,Female,25,21,5,15,Standard,Annual,870,7,0
5818,53,Female,4,21,8,22,Basic,Quarterly,473,13,1
5819,38,Female,22,3,6,21,Basic,Monthly,532,7,1
5820,33,Female,4,24,2,13,Premium,Monthly,698,8,0
5821,23,Female,4,14,1,15,Basic,Annual,933,27,0
5822,24,Male,15,7,9,17,Basic,Quarterly,498,17,0
5823,42,Male,24,8,10,13,Standard,Quarterly,846,4,0
5824,36,Female,50,19,1,29,Basic,Monthly,972,13,1
5825,30,Female,43,17,5,22,Premium,Annual,194,28,1
5826,48,Female,24,10,0,13,Standard,Annual,438,14,0
5827,19,Female,51,11,7,13,Basic,Quarterly,417,17,0
5828,55,Female,15,7,9,5,Standard,Annual,690,18,0
5829,41,Female,20,16,8,5,Premium,Monthly,815,6,0
5830,28,Male,31,14,6,14,Basic,Quarterly,202,8,0
5831,52,Male,9,24,2,30,Standard,Quarterly,394,13,0
5832,43,Female,3,28,5,30,Premium,Quarterly,151,9,1
5833,43,Male,11,9,2,30,Premium,Quarterly,930,6,0
5834,49,Male,46,14,5,7,Standard,Monthly,709,7,0
5835,45,Female,6,29,10,18,Basic,Monthly,158,14,0
5836,18,Female,32,3,10,6,Basic,Annual,948,2,0
5837,58,Female,48,23,0,1,Basic,Quarterly,892,2,0
5838,22,Female,52,20,2,21,Standard,Annual,689,14,0
5839,30,Female,11,19,9,1,Standard,Quarterly,825,21,0
5840,57,Female,40,1,2,21,Premium,Quarterly,545,3,0
5841,30,Female,7,7,5,4,Premium,Annual,262,24,0
5842,59,Female,27,29,0,19,Premium,Quarterly,968,15,0
5843,52,Male,2,9,5,18,Premium,Quarterly,358,30,0
5844,29,Female,7,15,7,21,Premium,Quarterly,170,23,1
5845,34,Female,35,1,6,14,Standard,Monthly,829,12,0
5846,20,Male,33,28,9,3,Basic,Annual,591,29,0
5847,36,Male,19,9,4,27,Premium,Monthly,837,29,0
5848,54,Male,21,11,4,25,Standard,Annual,676,29,0
5849,27,Male,27,8,2,17,Basic,Quarterly,669,4,0
5850,24,Male,9,20,9,3,Standard,Quarterly,260,23,0
5851,33,Female,4,17,9,4,Premium,Annual,191,9,0
5852,36,Male,40,30,1,14,Premium,Monthly,615,29,0
5853,61,Male,4,6,9,30,Standard,Monthly,335,20,0
5854,30,Female,40,7,5,26,Basic,Annual,487,16,1
5855,60,Male,12,21,0,1,Basic,Monthly,564,3,0
5856,49,Female,31,16,1,1,Premium,Annual,218,26,0
5857,35,Male,57,30,8,17,Premium,Quarterly,816,2,1
5858,23,Male,52,3,7,8,Standard,Monthly,142,27,0
5859,62,Female,45,18,8,8,Standard,Annual,633,26,0
5860,62,Male,9,13,4,22,Standard,Quarterly,864,16,0
5861,37,Male,9,2,6,9,Standard,Annual,264,19,1
5862,42,Male,50,18,3,27,Basic,Annual,808,16,0
5863,56,Male,48,7,3,26,Premium,Annual,768,21,0
5864,33,Female,37,12,8,21,Standard,Monthly,386,15,1
5865,55,Male,30,17,0,4,Premium,Monthly,160,4,0
5866,54,Male,4,11,1,24,Standard,Monthly,907,20,0
5867,64,Female,11,2,8,20,Premium,Annual,770,5,1
5868,40,Male,28,18,0,7,Basic,Monthly,930,13,0
5869,34,Male,57,22,9,20,Premium,Annual,297,11,1
5870,25,Female,7,25,3,24,Basic,Quarterly,739,24,0
5871,21,Male,44,21,5,5,Premium,Monthly,144,28,0
5872,54,Female,7,29,0,27,Premium,Annual,568,16,0
5873,54,Female,21,7,4,19,Premium,Quarterly,766,6,0
5874,43,Female,2,22,7,6,Basic,Annual,995,30,0
5875,21,Male,5,6,1,27,Premium,Monthly,724,4,0
5876,55,Male,7,5,4,9,Standard,Annual,770,6,1
5877,25,Female,22,3,10,17,Premium,Annual,954,21,0
5878,64,Female,35,15,4,16,Premium,Annual,285,7,0
5879,57,Male,19,4,3,7,Basic,Monthly,835,27,0
5880,54,Female,12,3,0,17,Basic,Quarterly,609,16,0
5881,61,Male,45,14,5,4,Premium,Annual,267,8,0
5882,63,Male,54,26,4,24,Basic,Monthly,887,30,0
5883,61,Female,14,28,7,29,Basic,Quarterly,822,21,0
5884,39,Female,28,5,10,22,Basic,Quarterly,123,3,1
5885,28,Male,24,29,5,23,Basic,Monthly,219,22,1
5886,36,Female,12,15,4,20,Basic,Monthly,228,23,0
5887,22,Female,38,24,3,1,Basic,Quarterly,341,17,0
5888,34,Male,11,10,10,3,Standard,Monthly,531,21,0
5889,19,Male,58,18,7,17,Basic,Monthly,837,7,1
5890,27,Male,34,16,0,25,Premium,Monthly,870,17,0
5891,22,Male,4,9,3,19,Premium,Monthly,752,3,0
5892,42,Male,20,2,1,14,Premium,Quarterly,298,4,0
5893,21,Male,29,10,6,14,Basic,Quarterly,546,22,0
5894,61,Male,55,18,1,4,Standard,Annual,617,10,0
5895,56,Male,11,2,8,22,Premium,Monthly,200,26,1
5896,55,Female,29,6,0,12,Basic,Quarterly,338,28,0
5897,40,Male,44,21,3,29,Premium,Annual,788,17,0
5898,33,Male,31,6,8,14,Basic,Annual,863,7,0
5899,21,Female,44,27,0,1,Basic,Quarterly,399,11,0
5900,29,Female,32,9,10,14,Premium,Annual,859,21,0
5901,50,Female,35,19,7,28,Basic,Annual,448,3,1
5902,47,Male,30,10,9,10,Premium,Quarterly,798,15,0
5903,27,Female,24,14,3,12,Standard,Quarterly,981,12,0
5904,30,Male,24,4,8,16,Standard,Monthly,284,1,1
5905,56,Female,11,12,2,20,Basic,Monthly,350,9,0
5906,59,Male,55,25,3,18,Standard,Monthly,650,5,0
5907,51,Female,22,4,6,10,Basic,Monthly,985,27,1
5908,59,Male,55,20,2,14,Premium,Monthly,911,9,0
5909,24,Female,29,19,7,19,Premium,Annual,234,25,1
5910,20,Female,30,10,7,20,Basic,Monthly,479,27,1
5911,64,Male,29,3,2,17,Standard,Quarterly,630,10,0
5912,56,Male,59,28,3,3,Basic,Annual,301,3,0
5913,62,Male,24,29,2,6,Basic,Monthly,449,21,0
5914,61,Male,60,26,1,1,Standard,Quarterly,599,5,0
5915,38,Male,27,19,7,24,Standard,Quarterly,705,14,1
5916,47,Female,17,8,10,14,Basic,Quarterly,698,11,0
5917,49,Female,30,6,10,18,Standard,Annual,874,24,1
5918,27,Female,27,20,6,30,Basic,Monthly,630,1,1
5919,36,Female,58,10,9,0,Standard,Monthly,608,18,0
5920,20,Male,36,21,3,14,Basic,Quarterly,558,22,0
5921,21,Female,59,9,4,14,Standard,Quarterly,294,30,0
5922,51,Male,56,27,0,3,Standard,Annual,691,10,0
5923,58,Male,47,15,0,29,Basic,Quarterly,947,23,0
5924,59,Female,40,24,3,13,Standard,Monthly,326,13,0
5925,51,Male,43,23,10,23,Basic,Quarterly,230,26,1
5926,22,Female,56,1,0,28,Premium,Quarterly,136,10,1
5927,58,Female,3,27,5,19,Premium,Annual,570,2,0
5928,24,Female,40,29,0,18,Basic,Annual,380,13,0
5929,29,Female,33,15,7,4,Standard,Quarterly,887,17,0
5930,62,Male,57,11,8,4,Premium,Quarterly,780,23,0
5931,45,Female,2,10,4,1,Standard,Quarterly,771,26,0
5932,40,Male,22,10,4,12,Premium,Annual,207,18,0
5933,42,Female,4,25,7,16,Premium,Quarterly,797,10,0
5934,23,Male,40,29,8,27,Basic,Annual,222,16,1
5935,47,Male,41,9,10,20,Basic,Monthly,967,12,1
5936,28,Male,7,27,2,7,Premium,Quarterly,501,8,0
5937,58,Female,18,16,6,16,Standard,Monthly,192,17,0
5938,47,Male,30,28,2,29,Premium,Monthly,442,5,0
5939,48,Male,27,27,5,16,Basic,Annual,157,24,1
5940,44,Female,40,28,5,15,Basic,Quarterly,406,6,0
5941,52,Female,42,16,8,18,Basic,Monthly,545,4,1
5942,31,Male,19,12,4,12,Standard,Annual,127,30,0
5943,51,Female,54,21,10,3,Basic,Annual,620,26,0
5944,45,Male,22,5,5,17,Premium,Annual,352,25,0
5945,36,Female,26,28,0,10,Basic,Quarterly,791,6,0
5946,18,Male,60,6,7,10,Basic,Annual,527,11,0
5947,51,Female,28,27,5,21,Standard,Monthly,317,30,1
5948,20,Male,49,10,6,2,Premium,Quarterly,699,23,0
5949,51,Female,26,4,2,6,Premium,Monthly,786,22,0
5950,21,Female,33,6,9,3,Basic,Monthly,478,2,0
5951,20,Male,43,20,6,6,Premium,Annual,899,20,0
5952,63,Male,25,12,8,30,Premium,Monthly,789,26,1
5953,36,Male,3,9,9,3,Basic,Quarterly,632,28,0
5954,57,Female,38,19,8,8,Standard,Monthly,852,16,0
5955,36,Male,14,26,9,17,Basic,Quarterly,248,1,0
5956,24,Male,23,21,4,15,Premium,Monthly,831,19,0
5957,38,Female,23,22,1,0,Premium,Annual,909,6,0
5958,57,Female,57,1,2,21,Basic,Monthly,196,12,1
5959,49,Male,49,29,4,21,Basic,Monthly,241,29,0
5960,30,Female,40,4,1,17,Premium,Annual,825,7,0
5961,39,Male,23,12,2,18,Basic,Monthly,960,1,0
5962,40,Female,2,4,7,26,Premium,Monthly,514,18,1
5963,37,Male,49,26,8,29,Basic,Quarterly,381,11,1
5964,26,Female,8,2,4,25,Basic,Annual,273,29,1
5965,28,Female,50,13,8,12,Standard,Monthly,881,11,0
5966,63,Female,36,13,6,11,Standard,Monthly,576,28,0
5967,19,Female,4,26,9,13,Premium,Quarterly,306,28,0
5968,19,Male,7,26,6,17,Premium,Quarterly,979,10,0
5969,25,Female,19,25,10,19,Basic,Annual,333,13,0
5970,41,Male,46,11,2,22,Basic,Monthly,994,9,0
5971,38,Female,32,24,3,17,Standard,Monthly,724,16,0
5972,30,Female,6,21,10,22,Premium,Annual,612,28,0
5973,25,Male,24,17,9,29,Premium,Monthly,446,11,1
5974,23,Male,33,10,9,24,Basic,Monthly,931,7,1
5975,23,Female,20,21,5,24,Standard,Monthly,903,10,1
5976,45,Female,4,6,9,3,Standard,Quarterly,159,7,0
5977,28,Female,51,5,6,19,Standard,Quarterly,666,1,1
5978,34,Male,34,16,0,10,Standard,Annual,743,7,0
5979,55,Female,27,23,4,23,Premium,Monthly,555,19,1
5980,19,Female,37,14,2,24,Premium,Monthly,731,2,1
5981,20,Male,15,9,7,6,Standard,Annual,896,3,0
5982,50,Female,7,13,2,11,Standard,Monthly,928,24,0
5983,33,Male,45,19,4,20,Basic,Monthly,239,27,0
5984,45,Male,56,1,0,30,Premium,Annual,772,23,0
5985,18,Female,22,9,7,17,Standard,Annual,894,5,0
5986,58,Female,57,18,5,26,Basic,Annual,667,3,1
5987,23,Female,50,16,0,9,Premium,Monthly,935,28,0
5988,47,Male,59,10,0,8,Standard,Quarterly,158,24,0
5989,32,Male,45,6,2,20,Premium,Monthly,162,27,0
5990,61,Female,18,15,5,0,Premium,Quarterly,437,19,0
5991,20,Male,6,26,8,10,Basic,Quarterly,887,2,0
5992,47,Male,52,11,9,19,Premium,Monthly,586,25,1
5993,25,Female,50,26,10,18,Basic,Monthly,688,20,1
5994,64,Male,11,16,5,2,Standard,Quarterly,597,7,0
5995,49,Male,47,3,6,10,Basic,Annual,891,26,0
5996,29,Female,25,14,2,12,Premium,Annual,286,6,0
5997,62,Female,6,24,4,10,Basic,Quarterly,926,9,0
5998,20,Female,36,19,8,7,Basic,Annual,984,18,0
5999,20,Female,53,28,10,10,Basic,Annual,371,20,0
6000,25,Female,38,18,0,28,Basic,Monthly,401,13,1
6001,55,Male,18,6,3,8,Standard,Monthly,677,26,0
6002,19,Female,28,27,5,1,Standard,Quarterly,433,25,0
6003,34,Female,24,13,7,7,Premium,Quarterly,536,8,0
6004,62,Male,25,25,7,17,Basic,Monthly,894,21,1
6005,29,Female,17,23,0,12,Premium,Annual,612,11,0
6006,65,Female,40,6,8,5,Premium,Quarterly,189,4,0
6007,46,Female,20,10,1,27,Basic,Monthly,418,3,1
6008,33,Male,16,24,5,23,Basic,Annual,756,3,0
6009,44,Male,1,30,9,10,Basic,Quarterly,343,24,0
6010,58,Male,10,2,0,20,Standard,Monthly,347,21,0
6011,25,Female,11,6,3,17,Standard,Monthly,177,16,0
6012,45,Female,21,13,10,12,Premium,Annual,233,9,0
6013,56,Female,29,5,9,5,Standard,Monthly,187,9,1
6014,62,Male,33,30,10,10,Standard,Monthly,358,11,0
6015,28,Female,30,13,6,28,Premium,Quarterly,787,24,1
6016,25,Female,14,7,9,15,Basic,Monthly,707,24,0
6017,26,Male,33,26,8,30,Standard,Monthly,428,23,1
6018,27,Male,57,3,9,4,Basic,Annual,276,12,0
6019,32,Male,5,30,6,24,Standard,Quarterly,680,16,0
6020,43,Female,43,26,2,7,Premium,Quarterly,320,22,0
6021,58,Male,36,9,7,25,Standard,Monthly,443,10,1
6022,56,Male,53,30,4,19,Standard,Monthly,420,5,0
6023,44,Female,5,15,0,14,Standard,Annual,135,24,0
6024,42,Male,1,30,3,27,Premium,Quarterly,475,20,0
6025,56,Female,52,19,7,28,Premium,Monthly,129,4,1
6026,50,Male,4,24,5,11,Standard,Quarterly,719,27,0
6027,30,Female,56,16,2,20,Premium,Monthly,786,6,0
6028,53,Male,4,23,6,4,Premium,Quarterly,510,28,0
6029,25,Male,55,24,3,19,Premium,Monthly,411,6,0
6030,23,Female,13,29,8,24,Premium,Monthly,463,7,1
6031,55,Female,51,6,1,19,Basic,Quarterly,228,6,0
6032,61,Female,8,16,10,19,Premium,Quarterly,854,25,0
6033,35,Female,49,30,10,26,Standard,Monthly,201,27,1
6034,65,Female,42,20,7,2,Basic,Annual,741,17,0
6035,46,Female,33,1,8,6,Premium,Annual,462,16,0
6036,49,Female,26,9,2,13,Standard,Quarterly,294,11,0
6037,29,Male,32,4,10,24,Premium,Monthly,861,7,1
6038,37,Male,34,13,9,23,Basic,Annual,161,14,1
6039,23,Male,24,30,6,27,Basic,Monthly,491,19,1
6040,27,Male,60,18,1,1,Premium,Monthly,403,27,0
6041,62,Female,9,28,0,5,Standard,Quarterly,585,3,0
6042,36,Female,14,20,2,6,Premium,Annual,924,21,0
6043,48,Male,34,21,7,26,Standard,Quarterly,643,1,1
6044,36,Female,9,7,1,17,Standard,Monthly,730,9,0
6045,60,Male,13,19,7,3,Premium,Quarterly,552,25,0
6046,23,Female,16,6,6,27,Standard,Annual,354,14,1
6047,46,Female,24,9,4,13,Basic,Quarterly,757,26,0
6048,56,Male,28,30,2,8,Premium,Quarterly,870,30,0
6049,49,Male,60,9,10,10,Standard,Annual,149,9,0
6050,49,Female,24,23,0,14,Premium,Annual,435,13,0
6051,19,Male,47,9,9,25,Standard,Monthly,803,25,1
6052,60,Female,16,20,5,3,Standard,Monthly,216,1,0
6053,38,Male,42,4,8,14,Standard,Annual,887,23,0
6054,65,Female,48,20,4,13,Standard,Quarterly,539,16,0
6055,63,Male,15,4,6,17,Basic,Monthly,973,12,1
6056,53,Female,43,26,5,14,Basic,Annual,899,1,0
6057,56,Male,2,26,10,29,Standard,Quarterly,526,24,0
6058,48,Female,41,10,1,11,Standard,Monthly,948,22,0
6059,29,Male,35,6,0,18,Premium,Quarterly,314,7,0
6060,22,Female,14,18,0,23,Basic,Monthly,846,8,1
6061,45,Male,50,16,2,8,Premium,Monthly,954,7,0
6062,28,Female,43,5,3,7,Standard,Annual,197,19,0
6063,41,Female,31,16,2,12,Basic,Monthly,674,30,0
6064,32,Female,59,25,4,2,Premium,Quarterly,159,30,0
6065,36,Female,40,3,6,30,Standard,Monthly,910,5,1
6066,18,Male,34,5,3,22,Basic,Monthly,862,27,0
6067,32,Male,24,21,3,7,Premium,Annual,810,23,0
6068,54,Male,32,15,7,1,Basic,Quarterly,487,15,0
6069,20,Male,34,29,6,12,Standard,Monthly,739,16,0
6070,64,Female,28,18,4,1,Standard,Annual,899,15,0
6071,18,Male,60,11,10,21,Standard,Quarterly,385,26,1
6072,56,Female,49,5,6,22,Standard,Annual,333,25,1
6073,65,Female,33,8,8,16,Standard,Quarterly,774,25,1
6074,44,Female,13,27,7,3,Premium,Annual,918,6,0
6075,36,Female,45,15,10,2,Basic,Quarterly,447,20,0
6076,31,Female,5,6,8,27,Premium,Monthly,693,20,1
6077,63,Male,48,9,7,12,Basic,Quarterly,586,22,0
6078,60,Male,38,9,5,20,Standard,Quarterly,815,14,1
6079,31,Male,55,11,1,20,Standard,Quarterly,220,26,0
6080,50,Female,24,2,4,5,Standard,Quarterly,598,14,0
6081,49,Male,7,19,2,29,Premium,Annual,954,6,0
6082,61,Male,3,30,1,1,Standard,Monthly,250,1,0
6083,57,Female,9,23,0,15,Basic,Monthly,164,7,0
6084,61,Male,33,23,9,24,Premium,Monthly,168,20,1
6085,40,Male,5,12,1,22,Standard,Quarterly,915,2,0
6086,48,Female,54,29,6,22,Standard,Annual,969,25,1
6087,54,Male,41,11,7,17,Premium,Quarterly,620,24,1
6088,30,Male,39,23,4,24,Premium,Annual,633,1,0
6089,56,Male,3,4,4,23,Standard,Monthly,385,21,1
6090,32,Female,31,19,8,24,Standard,Annual,963,30,1
6091,29,Female,41,16,9,16,Premium,Annual,453,26,1
6092,47,Male,21,12,9,5,Premium,Monthly,468,2,0
6093,30,Male,38,26,6,15,Standard,Quarterly,209,24,0
6094,33,Male,12,12,3,20,Standard,Quarterly,517,10,0
6095,48,Female,10,11,4,14,Basic,Quarterly,879,22,0
6096,56,Female,57,11,7,21,Basic,Quarterly,222,15,1
6097,20,Female,51,4,10,19,Premium,Quarterly,558,10,1
6098,48,Female,19,5,1,1,Basic,Quarterly,760,11,0
6099,44,Female,19,5,9,19,Standard,Annual,381,20,0
6100,46,Female,54,11,2,15,Premium,Quarterly,739,17,0
6101,49,Female,45,13,5,6,Premium,Monthly,867,7,0
6102,63,Male,32,28,3,6,Standard,Monthly,371,25,0
6103,50,Male,35,5,8,23,Basic,Annual,910,30,1
6104,42,Female,54,5,10,5,Standard,Annual,808,6,0
6105,26,Female,53,23,1,4,Standard,Quarterly,281,19,0
6106,21,Female,17,10,4,6,Standard,Annual,399,15,0
6107,58,Female,50,23,9,1,Premium,Monthly,746,15,0
6108,62,Female,10,26,4,10,Standard,Monthly,481,17,0
6109,36,Male,28,14,1,13,Standard,Annual,355,20,0
6110,30,Male,11,10,7,18,Standard,Annual,386,27,0
6111,55,Female,4,10,7,28,Basic,Annual,746,24,0
6112,46,Male,60,15,10,6,Standard,Annual,428,22,0
6113,45,Male,53,7,5,10,Premium,Quarterly,878,21,0
6114,23,Male,19,29,1,30,Basic,Quarterly,513,26,0
6115,46,Female,21,29,9,16,Basic,Annual,413,11,0
6116,21,Female,41,13,8,28,Basic,Monthly,478,20,1
6117,34,Female,16,6,8,14,Premium,Annual,750,16,0
6118,20,Male,35,21,2,27,Premium,Quarterly,885,2,0
6119,30,Female,13,19,8,3,Standard,Annual,610,9,0
6120,39,Male,50,4,6,27,Standard,Quarterly,490,16,1
6121,53,Female,23,18,3,19,Premium,Quarterly,656,27,0
6122,20,Female,8,18,1,10,Standard,Annual,458,11,0
6123,37,Female,59,22,2,2,Basic,Monthly,922,28,0
6124,33,Male,33,12,5,25,Basic,Annual,256,11,1
6125,37,Female,43,18,0,27,Premium,Quarterly,615,19,0
6126,34,Female,5,7,1,6,Basic,Quarterly,342,17,0
6127,33,Male,32,7,10,4,Standard,Annual,351,3,0
6128,25,Male,43,3,1,15,Premium,Monthly,963,30,0
6129,63,Female,56,12,6,5,Standard,Quarterly,845,6,0
6130,64,Female,60,13,6,14,Basic,Quarterly,664,1,0
6131,20,Male,22,21,4,2,Standard,Annual,944,5,0
6132,19,Female,10,25,2,19,Standard,Annual,468,6,0
6133,38,Female,3,23,5,1,Basic,Annual,367,23,0
6134,46,Male,48,10,2,0,Basic,Quarterly,393,29,0
6135,56,Female,22,29,2,21,Basic,Monthly,940,2,1
6136,52,Female,11,17,4,9,Basic,Annual,448,9,0
6137,64,Male,12,16,1,27,Premium,Monthly,420,14,0
6138,36,Male,57,19,5,8,Premium,Annual,944,25,0
6139,40,Male,36,14,3,25,Standard,Monthly,424,6,0
6140,18,Female,29,6,7,28,Premium,Monthly,719,20,1
6141,47,Male,46,3,6,17,Premium,Monthly,910,7,1
6142,64,Male,6,5,0,29,Basic,Monthly,207,26,0
6143,54,Male,34,2,0,17,Basic,Annual,151,12,1
6144,32,Male,20,13,9,0,Basic,Annual,199,1,0
6145,64,Male,46,11,0,13,Standard,Monthly,893,14,0
6146,22,Female,19,9,5,14,Basic,Annual,848,14,0
6147,23,Male,60,25,10,24,Standard,Quarterly,694,7,1
6148,64,Female,37,5,1,2,Basic,Quarterly,171,26,0
6149,23,Male,15,5,8,26,Basic,Quarterly,636,13,0
6150,51,Female,20,21,3,20,Standard,Quarterly,141,10,0
6151,45,Female,35,18,0,3,Standard,Annual,561,1,0
6152,35,Male,33,26,6,15,Standard,Annual,341,5,0
6153,54,Male,23,15,1,11,Premium,Monthly,438,21,0
6154,48,Male,57,5,5,6,Premium,Annual,380,21,0
6155,24,Female,30,23,0,14,Basic,Monthly,563,6,0
6156,44,Male,30,10,10,8,Basic,Monthly,155,28,0
6157,51,Male,48,9,8,23,Basic,Quarterly,283,29,1
6158,45,Female,18,27,7,5,Standard,Annual,895,22,0
6159,57,Male,8,10,2,26,Basic,Quarterly,715,1,0
6160,62,Female,8,1,1,0,Basic,Monthly,741,18,0
6161,61,Female,28,2,1,17,Basic,Monthly,605,2,0
6162,63,Male,3,11,5,3,Basic,Monthly,513,28,0
6163,26,Male,22,15,4,20,Premium,Annual,591,2,0
6164,54,Female,11,22,7,3,Basic,Annual,594,2,0
6165,46,Female,51,8,8,30,Premium,Annual,994,1,1
6166,47,Male,25,28,2,9,Premium,Annual,754,2,0
6167,32,Female,60,23,3,24,Premium,Monthly,338,2,1
6168,48,Female,40,26,8,4,Standard,Quarterly,377,17,0
6169,20,Male,1,6,0,21,Premium,Annual,319,7,0
6170,42,Male,5,27,2,23,Standard,Annual,521,23,0
6171,60,Male,35,10,7,30,Basic,Monthly,425,26,1
6172,25,Male,25,3,4,1,Standard,Quarterly,598,2,0
6173,23,Female,26,30,0,26,Premium,Annual,483,16,1
6174,20,Male,54,15,1,19,Premium,Annual,203,23,0
6175,45,Male,21,6,9,26,Premium,Monthly,324,13,0
6176,50,Female,19,6,3,30,Standard,Annual,809,29,0
6177,19,Male,57,24,6,16,Standard,Monthly,260,3,1
6178,21,Female,6,18,3,22,Premium,Quarterly,148,9,1
6179,27,Male,24,15,10,20,Standard,Quarterly,450,21,1
6180,28,Female,31,3,4,23,Basic,Quarterly,467,14,1
6181,37,Male,47,11,0,1,Standard,Monthly,138,8,0
6182,64,Male,58,14,3,2,Basic,Monthly,308,6,0
6183,58,Female,41,17,3,20,Premium,Quarterly,189,22,0
6184,62,Male,56,16,0,7,Basic,Quarterly,902,22,0
6185,51,Female,6,7,5,25,Standard,Quarterly,878,22,0
6186,47,Male,57,19,1,25,Standard,Annual,275,13,0
6187,28,Male,42,11,6,26,Standard,Annual,889,1,1
6188,33,Female,37,18,8,5,Standard,Annual,756,24,0
6189,32,Male,60,5,3,23,Basic,Quarterly,308,25,0
6190,44,Male,4,19,0,26,Standard,Quarterly,761,20,0
6191,32,Female,58,24,5,23,Basic,Annual,787,23,1
6192,22,Male,26,18,6,26,Standard,Monthly,483,23,1
6193,37,Male,21,12,8,18,Basic,Monthly,608,3,0
6194,31,Male,54,13,2,22,Basic,Quarterly,308,6,0
6195,42,Female,16,21,0,28,Basic,Monthly,725,13,1
6196,58,Female,2,12,3,29,Basic,Monthly,122,8,1
6197,47,Male,22,21,1,19,Standard,Annual,770,28,0
6198,48,Male,30,21,2,3,Basic,Annual,117,28,0
6199,48,Female,42,7,4,26,Standard,Annual,959,19,0
6200,54,Male,38,2,5,29,Premium,Quarterly,735,24,1
6201,53,Male,50,3,2,6,Premium,Annual,502,27,0
6202,41,Male,21,14,3,1,Basic,Monthly,852,19,0
6203,23,Female,19,15,2,6,Basic,Monthly,300,25,0
6204,51,Female,21,28,7,22,Basic,Monthly,702,21,1
6205,23,Male,40,20,2,2,Premium,Monthly,770,18,0
6206,41,Male,57,11,0,10,Basic,Annual,772,3,0
6207,23,Female,28,10,5,30,Premium,Monthly,726,19,1
6208,20,Male,10,8,0,11,Premium,Quarterly,226,6,0
6209,53,Female,3,8,3,22,Basic,Monthly,730,5,1
6210,61,Female,56,23,7,1,Basic,Monthly,249,13,0
6211,31,Male,46,22,1,13,Standard,Quarterly,840,12,0
6212,53,Female,37,21,7,26,Standard,Quarterly,153,4,1
6213,50,Female,2,30,8,10,Premium,Monthly,904,4,0
6214,43,Male,8,15,10,7,Basic,Annual,286,15,0
6215,18,Male,38,1,0,22,Standard,Quarterly,322,11,0
6216,28,Male,29,7,7,19,Premium,Monthly,215,16,1
6217,31,Male,36,9,9,23,Standard,Quarterly,624,11,1
6218,55,Female,51,2,5,4,Standard,Quarterly,822,2,1
6219,41,Female,40,26,10,27,Premium,Monthly,734,27,1
6220,49,Female,33,25,10,25,Premium,Monthly,712,28,1
6221,38,Female,23,17,8,14,Premium,Annual,955,9,0
6222,37,Female,1,26,5,8,Premium,Annual,480,11,0
6223,37,Female,24,13,3,26,Basic,Monthly,958,24,1
6224,57,Female,33,3,4,27,Premium,Quarterly,459,22,1
6225,44,Female,32,9,3,10,Basic,Quarterly,559,1,0
6226,51,Female,4,23,1,1,Premium,Quarterly,575,9,0
6227,25,Male,15,15,4,3,Premium,Quarterly,836,22,0
6228,36,Male,52,27,3,30,Basic,Monthly,981,16,0
6229,54,Female,8,1,5,20,Premium,Monthly,834,5,1
6230,41,Male,53,19,2,10,Standard,Monthly,313,11,0
6231,31,Female,17,16,5,23,Basic,Monthly,583,15,1
6232,28,Female,33,15,10,30,Basic,Annual,382,7,1
6233,18,Female,2,27,0,22,Basic,Quarterly,220,18,1
6234,41,Female,26,9,5,2,Basic,Monthly,869,9,0
6235,42,Female,50,27,7,20,Basic,Quarterly,127,20,1
6236,65,Male,19,20,8,19,Premium,Annual,865,10,0
6237,41,Female,18,19,5,28,Premium,Quarterly,573,1,0
6238,24,Male,14,3,1,6,Standard,Quarterly,458,29,0
6239,50,Male,16,22,6,0,Standard,Monthly,990,26,0
6240,49,Male,49,19,10,15,Premium,Monthly,133,16,0
6241,38,Male,51,28,5,5,Premium,Annual,209,29,0
6242,24,Female,20,24,10,7,Basic,Monthly,328,3,0
6243,24,Male,36,19,7,26,Standard,Annual,635,4,1
6244,63,Female,51,16,10,28,Standard,Monthly,164,4,1
6245,64,Male,9,23,8,12,Basic,Monthly,307,2,0
6246,21,Female,22,27,6,30,Standard,Quarterly,829,1,0
6247,26,Female,56,13,6,20,Standard,Annual,478,6,1
6248,21,Male,3,24,9,3,Standard,Quarterly,355,18,0
6249,38,Female,33,21,4,26,Standard,Annual,711,22,0
6250,51,Male,4,22,9,12,Premium,Quarterly,433,19,0
6251,58,Female,53,28,3,7,Basic,Monthly,194,7,0
6252,47,Male,11,28,0,17,Premium,Quarterly,269,25,0
6253,31,Male,56,30,9,28,Standard,Monthly,530,14,1
6254,52,Male,28,14,7,11,Basic,Quarterly,342,22,0
6255,40,Female,20,17,7,27,Basic,Monthly,117,20,1
6256,37,Female,42,17,9,9,Standard,Annual,173,5,0
6257,20,Female,32,10,8,24,Standard,Annual,868,6,1
6258,44,Female,48,4,0,19,Standard,Annual,525,10,0
6259,62,Male,13,12,2,24,Premium,Annual,668,5,0
6260,39,Female,22,1,8,29,Basic,Monthly,900,9,1
6261,59,Male,20,13,0,14,Basic,Monthly,802,16,0
6262,42,Female,7,18,7,8,Basic,Quarterly,739,19,0
6263,37,Female,50,9,1,27,Premium,Monthly,161,26,1
6264,31,Male,14,4,0,13,Premium,Monthly,279,4,0
6265,49,Male,28,28,0,25,Basic,Annual,660,4,0
6266,20,Male,32,6,9,7,Standard,Monthly,464,16,0
6267,33,Female,34,14,3,27,Basic,Monthly,539,23,1
6268,64,Male,11,8,7,29,Standard,Quarterly,488,12,0
6269,64,Female,17,12,0,28,Basic,Monthly,579,4,1
6270,55,Male,17,19,6,12,Standard,Annual,200,26,0
6271,56,Female,2,9,0,20,Premium,Annual,551,12,0
6272,30,Male,55,26,7,20,Basic,Quarterly,693,23,1
6273,30,Male,28,12,3,6,Premium,Annual,600,18,0
6274,37,Female,40,30,10,7,Premium,Annual,176,1,0
6275,42,Female,41,4,9,4,Premium,Monthly,458,19,0
6276,38,Male,49,2,6,25,Premium,Annual,448,23,1
6277,53,Male,32,14,7,22,Standard,Quarterly,854,20,1
6278,56,Male,21,2,4,2,Standard,Monthly,431,23,1
6279,18,Male,35,15,0,2,Standard,Monthly,384,10,0
6280,38,Male,50,16,9,26,Premium,Annual,940,13,1
6281,52,Male,26,17,5,1,Standard,Annual,699,3,0
6282,63,Male,32,18,4,26,Premium,Quarterly,132,17,0
6283,41,Female,39,6,1,4,Standard,Monthly,263,16,0
6284,52,Female,20,6,0,9,Premium,Quarterly,994,1,0
6285,36,Male,18,16,7,15,Basic,Annual,245,12,0
6286,64,Female,19,4,10,4,Basic,Quarterly,142,7,1
6287,45,Female,56,19,0,15,Standard,Monthly,593,19,0
6288,27,Female,23,14,9,27,Basic,Quarterly,919,27,0
6289,21,Male,59,7,0,7,Basic,Annual,814,15,0
6290,28,Male,40,6,1,11,Standard,Quarterly,821,20,0
6291,54,Female,40,28,10,21,Standard,Annual,379,23,1
6292,23,Female,13,15,5,19,Premium,Annual,689,30,0
6293,39,Female,26,26,3,28,Basic,Annual,429,13,1
6294,47,Male,49,20,0,27,Premium,Monthly,786,20,0
6295,36,Female,43,2,1,28,Premium,Annual,792,24,0
6296,61,Female,15,23,0,4,Standard,Monthly,669,7,0
6297,20,Male,31,6,3,16,Premium,Monthly,200,20,0
6298,48,Male,10,18,4,11,Premium,Quarterly,269,18,0
6299,18,Male,43,5,7,17,Standard,Annual,618,6,1
6300,64,Male,56,3,7,1,Standard,Monthly,999,19,1
6301,62,Male,49,24,9,6,Premium,Monthly,996,24,0
6302,62,Male,6,28,8,19,Premium,Annual,684,18,0
6303,41,Female,6,20,6,19,Basic,Annual,301,4,0
6304,52,Female,34,9,1,6,Basic,Quarterly,457,14,0
6305,47,Female,20,11,6,14,Premium,Quarterly,777,13,0
6306,60,Male,39,14,4,12,Standard,Quarterly,669,6,0
6307,36,Female,59,11,8,26,Premium,Monthly,677,8,1
6308,40,Female,24,2,7,16,Standard,Quarterly,349,14,1
6309,30,Female,16,16,0,22,Basic,Annual,873,1,0
6310,19,Male,15,4,9,1,Standard,Quarterly,430,5,0
6311,23,Male,58,23,6,10,Standard,Annual,752,11,0
6312,33,Female,30,25,1,12,Standard,Annual,305,9,0
6313,46,Male,3,29,9,17,Standard,Monthly,842,15,0
6314,45,Male,28,19,5,7,Premium,Quarterly,450,26,0
6315,25,Female,36,21,4,14,Standard,Monthly,538,4,0
6316,61,Male,20,21,8,15,Premium,Monthly,171,16,0
6317,42,Female,28,24,2,14,Premium,Quarterly,209,20,0
6318,47,Male,8,20,9,29,Basic,Monthly,596,2,0
6319,39,Female,48,6,8,10,Basic,Quarterly,560,21,0
6320,19,Male,56,30,3,24,Basic,Annual,996,29,0
6321,24,Male,9,6,0,1,Basic,Monthly,160,13,0
6322,50,Female,13,30,6,4,Basic,Monthly,240,3,0
6323,23,Female,11,14,2,30,Standard,Monthly,937,5,1
6324,50,Female,43,19,10,18,Basic,Quarterly,466,11,1
6325,34,Male,14,6,7,0,Standard,Annual,783,9,0
6326,52,Male,59,22,5,16,Standard,Annual,427,2,1
6327,35,Male,10,13,2,2,Standard,Quarterly,896,19,0
6328,50,Female,45,27,6,24,Basic,Quarterly,136,27,1
6329,24,Female,6,18,10,25,Standard,Monthly,163,23,1
6330,44,Male,40,2,6,3,Basic,Quarterly,574,3,0
6331,19,Male,34,11,8,17,Premium,Annual,190,4,1
6332,28,Female,4,9,6,5,Premium,Monthly,934,11,0
6333,29,Male,60,15,7,13,Basic,Quarterly,678,11,0
6334,38,Female,24,9,9,30,Premium,Quarterly,487,5,1
6335,62,Female,54,15,3,10,Premium,Annual,528,8,0
6336,61,Male,44,11,10,30,Basic,Annual,862,10,1
6337,46,Female,49,12,10,7,Premium,Quarterly,139,1,0
6338,51,Male,34,14,5,13,Premium,Annual,634,23,0
6339,58,Male,48,7,3,30,Standard,Annual,803,10,0
6340,33,Female,5,23,8,5,Basic,Monthly,594,8,0
6341,20,Male,45,12,4,24,Premium,Annual,275,8,0
6342,38,Female,25,30,2,23,Standard,Quarterly,618,8,0
6343,42,Female,36,17,2,4,Premium,Quarterly,804,3,0
6344,25,Female,15,6,1,18,Premium,Annual,588,28,0
6345,46,Female,35,13,8,29,Premium,Quarterly,900,6,1
6346,42,Male,33,1,1,5,Standard,Annual,219,28,1
6347,51,Male,30,11,3,20,Basic,Monthly,150,25,0
6348,56,Female,13,22,9,2,Basic,Annual,223,17,0
6349,63,Male,34,18,9,18,Basic,Monthly,307,2,1
6350,20,Female,21,30,3,30,Premium,Annual,597,28,0
6351,40,Female,12,29,6,30,Standard,Quarterly,272,13,1
6352,42,Female,44,13,1,9,Premium,Monthly,384,30,0
6353,24,Male,14,5,5,22,Basic,Annual,310,23,0
6354,33,Male,13,28,6,19,Standard,Quarterly,368,22,0
6355,38,Female,42,23,4,29,Standard,Monthly,348,28,1
6356,39,Female,9,21,8,20,Premium,Monthly,267,12,0
6357,43,Female,52,7,0,19,Premium,Quarterly,563,21,0
6358,44,Male,4,14,10,30,Basic,Monthly,947,23,0
6359,27,Female,34,16,9,25,Basic,Quarterly,705,9,1
6360,40,Female,59,13,0,24,Standard,Annual,540,29,0
6361,44,Female,34,16,7,4,Premium,Monthly,901,4,0
6362,20,Female,52,17,7,17,Standard,Monthly,272,6,1
6363,20,Female,3,3,0,30,Basic,Annual,185,16,1
6364,34,Male,44,3,6,5,Basic,Quarterly,512,25,0
6365,64,Male,47,20,8,17,Basic,Quarterly,589,3,1
6366,21,Male,59,7,0,20,Premium,Annual,262,18,0
6367,65,Female,33,13,6,6,Standard,Monthly,599,21,0
6368,30,Female,11,5,8,11,Premium,Annual,527,3,0
6369,45,Male,53,11,7,20,Standard,Annual,437,26,1
6370,21,Male,56,3,10,16,Premium,Monthly,882,29,1
6371,51,Female,17,10,2,20,Basic,Quarterly,105,20,0
6372,40,Female,1,13,10,14,Basic,Monthly,306,19,0
6373,27,Male,52,18,8,4,Premium,Annual,785,13,0
6374,32,Male,27,20,1,22,Standard,Quarterly,520,12,0
6375,41,Male,31,9,8,10,Basic,Monthly,159,20,0
6376,26,Male,44,9,3,16,Basic,Monthly,246,15,0
6377,64,Female,10,20,2,15,Premium,Annual,169,6,0
6378,35,Female,15,11,7,24,Standard,Annual,289,22,1
6379,36,Male,31,21,7,30,Basic,Quarterly,677,28,1
6380,65,Female,40,7,2,3,Premium,Monthly,391,17,0
6381,39,Female,21,12,7,3,Standard,Annual,809,18,0
6382,34,Female,36,27,8,15,Premium,Monthly,617,24,0
6383,46,Female,18,14,7,1,Standard,Annual,347,21,0
6384,36,Male,3,13,0,1,Premium,Quarterly,518,14,0
6385,43,Female,2,3,0,26,Standard,Monthly,548,20,1
6386,25,Female,44,24,10,12,Premium,Quarterly,555,8,0
6387,49,Female,45,22,10,6,Standard,Quarterly,536,14,0
6388,41,Male,8,24,10,26,Standard,Annual,764,29,0
6389,46,Male,40,4,3,11,Premium,Monthly,188,18,0
6390,41,Male,54,11,1,18,Standard,Quarterly,969,25,0
6391,63,Male,15,26,7,21,Premium,Monthly,533,9,0
6392,47,Male,59,30,3,0,Basic,Annual,482,20,0
6393,27,Female,48,1,7,19,Premium,Annual,212,23,1
6394,38,Female,25,27,7,7,Standard,Annual,705,25,0
6395,55,Female,39,4,5,12,Standard,Monthly,120,28,1
6396,54,Male,48,6,5,22,Standard,Monthly,162,5,1
6397,30,Female,51,30,6,19,Standard,Annual,749,27,1
6398,54,Male,52,21,5,12,Basic,Monthly,611,11,0
6399,42,Male,2,30,10,30,Basic,Annual,594,23,0
6400,20,Female,25,14,10,20,Standard,Annual,393,15,1
6401,49,Female,53,15,1,22,Standard,Monthly,948,16,1
6402,61,Male,25,27,7,26,Premium,Annual,881,23,1
6403,42,Female,44,24,0,14,Premium,Quarterly,338,16,0
6404,51,Female,17,29,10,7,Standard,Annual,541,21,0
6405,24,Male,17,19,9,0,Basic,Monthly,678,20,0
6406,28,Female,14,23,8,0,Premium,Quarterly,289,9,0
6407,19,Male,18,26,3,28,Basic,Quarterly,603,5,0
6408,64,Male,11,15,9,26,Basic,Monthly,686,9,0
6409,18,Male,31,12,0,30,Standard,Annual,643,15,0
6410,51,Male,46,11,9,1,Premium,Annual,976,20,0
6411,20,Female,31,24,2,18,Basic,Monthly,754,23,0
6412,43,Female,5,14,10,21,Basic,Monthly,654,30,1
6413,24,Female,48,2,8,2,Basic,Annual,984,17,0
6414,36,Female,28,25,6,21,Basic,Quarterly,944,22,1
6415,30,Female,20,29,10,4,Basic,Quarterly,650,5,0
6416,49,Female,60,1,1,17,Standard,Annual,478,21,0
6417,65,Female,27,1,3,4,Basic,Annual,128,4,1
6418,45,Female,2,16,4,21,Premium,Annual,747,26,0
6419,21,Female,58,17,3,26,Basic,Monthly,386,10,1
6420,25,Female,20,27,7,6,Premium,Quarterly,334,5,0
6421,43,Female,8,20,1,27,Premium,Quarterly,111,16,1
6422,54,Female,57,2,8,11,Standard,Annual,119,12,1
6423,39,Male,31,19,7,21,Standard,Monthly,138,11,1
6424,46,Female,49,28,6,27,Standard,Quarterly,674,3,1
6425,64,Male,28,30,9,15,Standard,Annual,719,26,0
6426,52,Male,41,26,5,29,Premium,Quarterly,409,3,1
6427,65,Male,31,16,10,30,Premium,Annual,694,11,1
6428,53,Female,57,4,1,25,Basic,Monthly,349,12,1
6429,35,Male,42,30,8,17,Basic,Quarterly,565,21,1
6430,38,Male,46,9,6,18,Premium,Monthly,204,12,1
6431,33,Female,49,18,3,18,Premium,Quarterly,841,14,0
6432,41,Male,28,24,0,23,Standard,Quarterly,626,1,0
6433,60,Female,8,29,0,1,Premium,Monthly,157,7,0
6434,41,Male,16,28,1,4,Premium,Annual,506,16,0
6435,19,Male,14,10,6,20,Basic,Quarterly,371,26,0
6436,37,Female,50,9,9,8,Standard,Quarterly,608,3,0
6437,43,Female,58,28,6,30,Premium,Annual,232,15,1
6438,58,Male,33,25,6,9,Basic,Quarterly,132,29,0
6439,27,Male,1,20,9,29,Premium,Quarterly,254,11,0
6440,29,Female,45,16,6,14,Standard,Annual,544,15,0
6441,37,Female,39,27,10,28,Standard,Quarterly,815,21,1
6442,49,Female,48,26,4,10,Premium,Monthly,152,4,0
6443,56,Female,49,20,4,30,Standard,Monthly,258,1,1
6444,61,Male,44,7,7,29,Basic,Annual,214,5,1
6445,37,Male,60,24,0,20,Basic,Monthly,661,30,0
6446,34,Female,38,16,3,19,Standard,Annual,877,30,0
6447,35,Female,6,10,1,2,Standard,Monthly,396,22,0
6448,37,Female,31,11,10,28,Premium,Monthly,764,7,1
6449,46,Male,30,25,1,19,Premium,Quarterly,488,16,0
6450,33,Female,60,25,4,30,Standard,Annual,806,5,0
6451,28,Female,34,14,4,3,Premium,Monthly,177,3,0
6452,27,Female,60,4,3,27,Basic,Monthly,810,15,1
6453,26,Female,2,4,6,24,Standard,Monthly,873,24,1
6454,48,Male,29,27,0,9,Premium,Monthly,273,11,0
6455,38,Male,28,27,1,22,Standard,Monthly,157,28,0
6456,37,Female,26,28,4,4,Standard,Annual,154,13,0
6457,41,Male,22,6,6,30,Premium,Quarterly,747,18,0
6458,26,Female,1,14,8,16,Standard,Monthly,477,6,0
6459,62,Female,30,21,6,7,Standard,Quarterly,859,22,0
6460,53,Male,3,6,3,4,Standard,Monthly,612,16,0
6461,52,Male,4,10,8,10,Premium,Monthly,192,23,0
6462,42,Male,31,11,9,3,Basic,Quarterly,363,27,0
6463,40,Female,55,2,1,9,Basic,Annual,365,5,0
6464,20,Male,41,20,7,22,Standard,Monthly,731,6,1
6465,31,Female,39,16,10,7,Standard,Monthly,869,18,0
6466,26,Male,43,9,3,6,Basic,Quarterly,240,6,0
6467,47,Male,13,27,3,11,Premium,Annual,268,13,0
6468,31,Female,53,25,8,8,Premium,Quarterly,679,10,0
6469,61,Male,21,17,1,26,Standard,Quarterly,546,4,0
6470,36,Male,46,23,0,22,Standard,Quarterly,581,28,0
6471,28,Female,16,23,5,8,Premium,Monthly,880,18,0
6472,23,Male,50,13,3,28,Standard,Annual,755,2,0
6473,18,Female,60,21,7,25,Standard,Annual,412,16,1
6474,22,Female,24,13,0,25,Basic,Annual,892,29,0
6475,43,Female,10,19,7,29,Premium,Quarterly,508,27,0
6476,55,Male,32,28,3,6,Premium,Annual,924,25,0
6477,34,Male,56,8,0,30,Basic,Monthly,156,14,0
6478,48,Male,38,28,1,11,Standard,Monthly,126,5,0
6479,35,Female,41,17,0,19,Standard,Monthly,234,14,0
6480,47,Male,23,10,2,16,Standard,Annual,737,9,0
6481,39,Male,43,19,6,23,Standard,Quarterly,496,3,1
6482,55,Male,35,6,8,3,Premium,Monthly,809,9,0
6483,23,Female,45,4,3,3,Premium,Monthly,333,27,0
6484,64,Male,24,8,3,10,Standard,Annual,108,24,0
6485,27,Male,53,12,5,19,Standard,Annual,328,12,1
6486,51,Female,48,17,6,2,Standard,Quarterly,421,7,0
6487,60,Male,12,7,6,21,Standard,Quarterly,317,22,0
6488,56,Male,48,11,3,24,Basic,Annual,760,13,0
6489,45,Male,28,1,7,16,Basic,Annual,570,21,1
6490,48,Male,35,17,1,4,Standard,Quarterly,439,9,0
6491,65,Male,15,16,4,15,Standard,Quarterly,215,28,0
6492,61,Female,6,8,8,30,Basic,Quarterly,484,19,1
6493,19,Female,51,1,9,30,Premium,Monthly,723,11,1
6494,50,Female,55,3,6,24,Premium,Annual,969,21,1
6495,31,Female,12,3,8,30,Basic,Quarterly,559,22,0
6496,52,Male,31,22,4,28,Basic,Quarterly,910,7,0
6497,19,Female,49,27,2,7,Basic,Quarterly,585,28,0
6498,61,Female,17,17,1,15,Standard,Quarterly,983,30,0
6499,32,Male,52,26,9,18,Standard,Monthly,791,14,1
6500,37,Male,41,21,4,11,Premium,Annual,636,17,0
6501,33,Female,14,22,5,29,Basic,Quarterly,165,2,1
6502,62,Male,51,8,9,23,Premium,Annual,388,16,1
6503,41,Male,15,26,1,13,Standard,Quarterly,678,16,0
6504,57,Female,33,20,7,9,Standard,Quarterly,509,30,0
6505,60,Female,42,30,9,13,Basic,Monthly,117,28,0
6506,34,Female,46,29,5,14,Premium,Annual,611,5,0
6507,65,Male,24,19,10,13,Premium,Annual,967,24,0
6508,63,Male,36,1,1,27,Basic,Annual,988,16,0
6509,27,Male,51,7,6,20,Standard,Annual,670,13,1
6510,47,Male,21,23,9,11,Standard,Annual,714,11,0
6511,64,Male,20,14,1,22,Standard,Quarterly,240,24,0
6512,36,Male,29,4,0,10,Premium,Monthly,945,13,0
6513,45,Female,38,21,4,10,Premium,Monthly,312,14,0
6514,33,Male,52,23,1,25,Premium,Monthly,857,13,0
6515,62,Male,13,27,5,24,Basic,Quarterly,374,2,0
6516,44,Male,39,9,5,14,Basic,Monthly,636,21,0
6517,35,Male,22,27,0,15,Premium,Annual,601,15,0
6518,40,Male,28,22,8,2,Standard,Monthly,745,16,0
6519,36,Male,35,11,2,22,Standard,Monthly,469,12,0
6520,19,Female,40,28,6,10,Premium,Quarterly,612,26,0
6521,19,Male,4,17,7,21,Premium,Annual,839,17,0
6522,46,Female,47,5,7,23,Standard,Annual,569,5,1
6523,25,Male,24,24,3,3,Standard,Annual,161,11,0
6524,55,Female,38,19,0,7,Standard,Annual,735,8,0
6525,50,Female,42,30,6,13,Basic,Annual,244,17,0
6526,58,Male,35,17,10,26,Standard,Monthly,421,11,1
6527,21,Male,22,1,6,13,Premium,Quarterly,771,8,0
6528,37,Female,24,18,10,14,Basic,Annual,231,20,0
6529,43,Female,24,6,5,11,Standard,Monthly,287,18,0
6530,28,Female,33,29,10,29,Standard,Quarterly,521,10,1
6531,28,Female,41,1,0,3,Premium,Quarterly,483,9,0
6532,27,Female,29,9,5,24,Premium,Annual,752,18,1
6533,42,Male,37,1,1,16,Standard,Annual,705,12,0
6534,28,Female,51,12,3,30,Premium,Monthly,256,9,1
6535,45,Male,51,15,9,16,Basic,Annual,866,22,1
6536,61,Female,15,16,8,25,Basic,Quarterly,259,21,1
6537,59,Female,58,5,4,29,Standard,Annual,569,25,1
6538,41,Male,41,8,2,14,Premium,Monthly,688,22,0
6539,40,Female,45,8,10,21,Premium,Annual,728,4,1
6540,19,Male,1,27,2,3,Standard,Monthly,724,11,0
6541,44,Female,27,20,1,21,Basic,Quarterly,233,20,1
6542,62,Female,21,28,1,21,Basic,Annual,863,22,0
6543,43,Male,7,24,5,0,Standard,Monthly,572,1,0
6544,35,Female,13,8,4,20,Standard,Annual,337,3,0
6545,18,Female,14,26,8,22,Basic,Monthly,227,3,1
6546,57,Male,56,15,5,27,Premium,Annual,646,2,1
6547,53,Male,25,4,4,25,Standard,Quarterly,823,23,1
6548,23,Female,18,5,2,17,Premium,Quarterly,999,8,0
6549,61,Male,54,2,10,23,Premium,Monthly,411,17,1
6550,26,Male,43,7,2,27,Premium,Quarterly,141,5,0
6551,45,Male,5,1,6,1,Standard,Monthly,816,14,0
6552,61,Female,22,26,10,12,Premium,Monthly,664,28,0
6553,55,Male,37,12,10,13,Basic,Annual,244,8,0
6554,56,Female,9,28,6,5,Premium,Quarterly,256,29,0
6555,45,Male,28,11,5,28,Premium,Annual,991,9,1
6556,28,Male,33,23,4,25,Basic,Annual,874,15,0
6557,22,Female,49,1,4,21,Premium,Monthly,445,15,1
6558,41,Female,45,19,6,1,Basic,Quarterly,260,13,0
6559,62,Female,16,14,9,4,Premium,Quarterly,772,28,0
6560,27,Female,57,24,10,9,Basic,Monthly,592,26,0
6561,62,Female,60,3,6,23,Basic,Annual,269,24,1
6562,51,Female,5,22,6,28,Standard,Annual,266,2,1
6563,47,Male,15,13,0,22,Standard,Annual,519,29,0
6564,41,Female,29,11,1,22,Premium,Annual,506,15,0
6565,46,Female,16,21,2,17,Premium,Quarterly,412,15,0
6566,42,Female,41,6,5,27,Standard,Monthly,360,18,1
6567,40,Male,39,6,3,12,Premium,Quarterly,130,7,0
6568,48,Female,18,15,4,16,Premium,Annual,525,7,0
6569,21,Female,50,6,4,18,Basic,Monthly,663,18,0
6570,18,Female,20,8,0,0,Standard,Quarterly,549,13,0
6571,54,Female,11,3,3,24,Standard,Monthly,132,1,1
6572,59,Male,55,3,10,30,Basic,Monthly,209,12,1
6573,52,Male,19,26,8,11,Basic,Quarterly,311,14,0
6574,49,Male,4,19,1,6,Standard,Quarterly,782,12,0
6575,31,Female,42,19,6,25,Standard,Annual,918,22,1
6576,46,Male,16,3,1,5,Standard,Annual,724,5,0
6577,59,Male,60,13,1,17,Premium,Quarterly,170,13,0
6578,23,Male,41,28,9,28,Standard,Monthly,775,9,1
6579,58,Male,16,22,2,16,Basic,Monthly,641,21,0
6580,36,Male,7,18,7,29,Basic,Quarterly,401,17,0
6581,44,Female,27,27,4,0,Basic,Quarterly,167,11,0
6582,54,Female,53,9,1,29,Basic,Annual,499,23,1
6583,62,Male,54,20,0,22,Standard,Annual,778,19,0
6584,26,Female,27,1,8,19,Basic,Monthly,222,8,1
6585,21,Female,32,22,9,18,Basic,Monthly,765,13,1
6586,52,Male,46,11,5,6,Basic,Quarterly,133,3,0
6587,58,Female,15,21,4,15,Standard,Quarterly,767,15,0
6588,37,Male,9,4,6,10,Standard,Quarterly,501,17,0
6589,59,Female,2,27,10,0,Basic,Quarterly,273,13,0
6590,27,Male,60,20,1,2,Standard,Quarterly,361,3,0
6591,20,Female,9,16,2,7,Premium,Quarterly,294,3,0
6592,36,Female,32,22,6,23,Premium,Annual,752,12,1
6593,55,Female,24,22,2,2,Standard,Quarterly,463,20,0
6594,30,Female,57,15,2,23,Basic,Monthly,906,8,1
6595,49,Male,47,4,5,24,Basic,Quarterly,820,14,1
6596,21,Male,11,4,2,17,Standard,Annual,238,9,0
6597,54,Male,15,18,10,10,Premium,Annual,711,1,0
6598,64,Female,26,11,0,1,Premium,Annual,966,8,0
6599,59,Male,51,1,10,10,Premium,Monthly,216,23,1
6600,21,Female,56,13,7,29,Basic,Quarterly,324,28,1
6601,45,Male,32,13,9,12,Premium,Annual,866,7,0
6602,42,Male,58,25,1,24,Standard,Quarterly,133,30,0
6603,52,Male,37,20,7,16,Basic,Monthly,871,11,1
6604,26,Male,28,27,2,14,Standard,Quarterly,859,26,0
6605,25,Male,27,6,7,7,Premium,Annual,110,5,0
6606,57,Male,44,8,10,21,Basic,Annual,191,21,1
6607,35,Male,3,20,5,10,Standard,Monthly,243,29,0
6608,63,Male,54,22,10,28,Basic,Annual,878,4,1
6609,31,Female,3,11,10,17,Standard,Monthly,855,10,0
6610,43,Male,1,15,4,6,Premium,Monthly,974,14,0
6611,65,Male,22,17,1,15,Basic,Annual,916,19,0
6612,53,Female,15,30,4,28,Premium,Monthly,507,12,1
6613,53,Male,36,18,8,30,Basic,Monthly,983,2,1
6614,20,Male,39,9,9,3,Premium,Quarterly,627,30,0
6615,35,Male,33,9,8,19,Basic,Monthly,362,23,1
6616,24,Female,46,24,8,26,Basic,Quarterly,305,22,1
6617,33,Male,27,4,0,3,Standard,Annual,340,4,0
6618,59,Male,4,28,3,11,Basic,Annual,748,26,0
6619,19,Female,50,18,3,11,Premium,Quarterly,381,2,0
6620,29,Male,55,18,3,24,Basic,Quarterly,952,27,0
6621,41,Male,7,27,9,28,Standard,Annual,453,19,0
6622,44,Female,51,8,3,8,Standard,Monthly,772,22,0
6623,45,Male,24,10,2,29,Basic,Monthly,346,10,0
6624,26,Female,22,26,6,22,Basic,Quarterly,248,27,1
6625,31,Female,39,17,8,6,Premium,Annual,354,16,0
6626,35,Male,26,8,5,16,Premium,Quarterly,591,1,1
6627,18,Male,56,30,7,14,Premium,Annual,774,18,0
6628,55,Female,1,4,8,15,Premium,Monthly,557,16,1
6629,40,Male,35,26,7,28,Premium,Quarterly,136,9,1
6630,24,Female,32,8,7,0,Premium,Monthly,744,25,0
6631,47,Female,33,7,9,11,Standard,Monthly,977,22,0
6632,27,Female,14,27,7,20,Premium,Annual,140,28,0
6633,55,Female,60,3,10,10,Basic,Quarterly,376,6,1
6634,43,Female,3,12,10,27,Standard,Annual,447,9,1
6635,57,Male,38,20,4,29,Basic,Monthly,518,5,0
6636,55,Female,23,22,0,18,Standard,Monthly,466,14,0
6637,47,Male,34,24,0,14,Premium,Annual,671,11,0
6638,49,Female,37,8,9,1,Standard,Quarterly,977,18,0
6639,53,Male,10,30,6,6,Premium,Quarterly,255,10,0
6640,52,Male,58,17,2,23,Standard,Annual,276,21,0
6641,45,Female,30,26,0,20,Premium,Monthly,627,9,0
6642,19,Female,60,20,8,28,Premium,Monthly,347,1,1
6643,34,Female,19,26,6,6,Basic,Annual,662,10,0
6644,24,Male,59,14,9,1,Standard,Annual,201,24,0
6645,53,Male,59,4,5,24,Standard,Monthly,756,29,1
6646,42,Male,43,9,3,21,Basic,Annual,285,27,0
6647,33,Male,9,16,1,4,Premium,Monthly,896,30,0
6648,27,Female,25,15,7,0,Premium,Quarterly,237,19,0
6649,29,Female,56,30,5,13,Premium,Monthly,525,13,0
6650,51,Male,34,23,10,8,Basic,Quarterly,400,22,0
6651,54,Male,40,27,2,4,Standard,Annual,645,4,0
6652,48,Male,1,2,7,19,Basic,Monthly,325,13,1
6653,49,Female,22,10,8,23,Basic,Annual,734,25,0
6654,63,Female,55,6,8,6,Premium,Monthly,698,2,0
6655,19,Male,6,19,1,2,Basic,Monthly,600,19,0
6656,31,Male,22,2,0,12,Basic,Quarterly,248,7,0
6657,51,Male,12,1,2,23,Premium,Annual,443,22,0
6658,58,Male,52,6,6,8,Standard,Annual,980,13,0
6659,39,Female,53,14,10,16,Basic,Quarterly,634,27,1
6660,32,Male,11,16,1,1,Premium,Monthly,563,29,0
6661,23,Male,32,10,4,28,Standard,Monthly,380,22,0
6662,28,Male,20,10,4,25,Basic,Quarterly,853,17,0
6663,63,Male,48,16,9,6,Premium,Monthly,704,3,0
6664,32,Male,31,11,10,1,Standard,Monthly,696,15,0
6665,65,Female,12,12,8,4,Standard,Annual,520,28,0
6666,57,Male,60,6,7,18,Basic,Quarterly,136,24,1
6667,58,Male,21,24,10,29,Premium,Monthly,456,27,0
6668,62,Male,7,25,9,16,Basic,Annual,623,17,0
6669,32,Male,43,24,5,0,Premium,Monthly,639,2,0
6670,51,Female,2,7,4,23,Basic,Quarterly,122,3,1
6671,55,Male,45,29,0,24,Standard,Monthly,393,14,0
6672,40,Male,15,16,10,8,Basic,Quarterly,829,25,0
6673,59,Female,57,16,9,3,Standard,Annual,924,10,0
6674,61,Female,3,13,4,0,Basic,Monthly,360,15,0
6675,26,Female,7,10,2,5,Standard,Monthly,337,13,0
6676,31,Male,58,21,1,24,Standard,Annual,591,18,0
6677,47,Female,58,29,4,28,Standard,Quarterly,170,5,1
6678,40,Male,41,29,6,4,Standard,Quarterly,493,28,0
6679,51,Male,25,20,5,0,Standard,Annual,357,13,0
6680,31,Female,51,27,1,8,Premium,Monthly,525,6,0
6681,38,Female,31,5,0,29,Premium,Annual,147,30,1
6682,38,Female,21,19,3,29,Basic,Annual,347,6,1
6683,57,Male,23,16,1,22,Basic,Annual,600,30,0
6684,40,Female,13,22,6,21,Basic,Annual,967,12,0
6685,22,Male,23,23,9,15,Standard,Monthly,627,10,0
6686,19,Male,26,14,6,6,Standard,Quarterly,988,7,0
6687,61,Male,55,15,2,20,Basic,Quarterly,679,17,0
6688,46,Female,19,18,8,17,Standard,Monthly,906,18,0
6689,22,Female,25,28,3,16,Premium,Monthly,834,30,0
6690,27,Male,23,6,4,18,Premium,Quarterly,501,7,0
6691,48,Male,31,15,3,29,Basic,Monthly,468,6,0
6692,26,Male,49,29,9,18,Basic,Quarterly,291,1,1
6693,54,Male,42,19,9,26,Standard,Quarterly,710,19,1
6694,56,Female,17,3,10,10,Standard,Annual,565,30,1
6695,53,Female,26,1,9,2,Standard,Annual,343,3,1
6696,38,Female,48,3,7,14,Standard,Monthly,199,15,0
6697,31,Male,27,29,7,26,Basic,Quarterly,151,28,1
6698,32,Female,46,30,9,14,Premium,Annual,224,24,0
6699,58,Male,50,22,6,28,Premium,Annual,560,20,1
6700,40,Female,30,23,10,23,Standard,Monthly,369,21,1
6701,19,Male,47,17,6,3,Standard,Annual,530,27,0
6702,25,Male,6,20,1,11,Basic,Annual,809,21,0
6703,40,Male,12,13,9,10,Basic,Annual,255,5,0
6704,51,Female,23,10,10,6,Standard,Monthly,640,10,0
6705,57,Female,31,22,8,23,Premium,Quarterly,939,22,1
6706,48,Male,33,30,6,5,Basic,Annual,270,2,0
6707,47,Female,17,18,10,13,Standard,Monthly,197,14,0
6708,51,Female,53,23,2,0,Premium,Monthly,577,5,0
6709,45,Female,34,1,2,0,Premium,Annual,213,10,1
6710,27,Female,32,25,2,13,Premium,Annual,423,2,0
6711,35,Male,9,27,1,24,Premium,Annual,181,25,0
6712,58,Female,9,23,10,7,Standard,Monthly,145,28,0
6713,27,Male,50,17,10,0,Standard,Annual,445,4,0
6714,26,Female,40,22,6,16,Premium,Monthly,385,29,1
6715,54,Male,48,30,10,14,Basic,Monthly,586,11,0
6716,60,Female,14,29,3,12,Premium,Monthly,304,21,0
6717,34,Female,55,27,5,3,Premium,Annual,744,26,0
6718,22,Male,10,29,1,19,Standard,Quarterly,804,4,0
6719,61,Female,53,1,5,23,Premium,Monthly,840,20,1
6720,22,Male,50,16,10,20,Basic,Annual,176,18,1
6721,60,Male,16,1,7,10,Basic,Monthly,529,25,1
6722,24,Male,60,9,8,8,Basic,Quarterly,882,15,0
6723,47,Male,24,10,3,5,Basic,Quarterly,815,28,0
6724,32,Male,34,29,0,6,Basic,Monthly,679,20,0
6725,44,Male,44,24,1,5,Premium,Quarterly,122,6,0
6726,48,Male,11,7,2,30,Standard,Quarterly,259,28,0
6727,32,Female,47,3,9,0,Basic,Annual,473,8,0
6728,59,Female,60,8,8,4,Premium,Annual,243,25,0
6729,37,Female,31,20,7,7,Basic,Monthly,319,16,0
6730,33,Male,50,6,9,6,Standard,Monthly,779,27,0
6731,63,Male,35,28,1,18,Standard,Monthly,529,23,0
6732,45,Male,22,9,6,28,Basic,Annual,305,7,0
6733,37,Female,42,28,3,20,Standard,Annual,743,3,0
6734,26,Male,11,7,3,27,Basic,Quarterly,224,25,0
6735,39,Female,9,21,1,2,Premium,Quarterly,595,22,0
6736,42,Male,34,25,3,26,Standard,Quarterly,607,10,0
6737,47,Female,9,28,10,13,Standard,Annual,107,14,0
6738,58,Male,37,8,10,22,Premium,Monthly,117,23,1
6739,53,Female,38,1,3,26,Basic,Monthly,283,22,1
6740,21,Female,15,6,8,28,Basic,Monthly,134,5,1
6741,46,Male,28,3,10,22,Basic,Annual,833,22,1
6742,34,Female,52,12,9,6,Premium,Annual,566,2,0
6743,54,Female,56,26,2,22,Premium,Quarterly,985,15,0
6744,59,Female,43,30,1,30,Basic,Annual,585,30,0
6745,43,Male,34,3,0,8,Premium,Quarterly,616,26,0
6746,51,Male,57,4,1,21,Standard,Monthly,576,16,0
6747,61,Female,37,25,7,25,Premium,Quarterly,928,17,1
6748,20,Male,14,6,9,8,Premium,Monthly,670,17,0
6749,34,Female,58,25,6,15,Standard,Monthly,675,8,0
6750,50,Female,36,29,6,2,Basic,Annual,833,2,0
6751,30,Female,37,7,7,26,Basic,Monthly,929,21,1
6752,50,Male,15,21,8,11,Premium,Quarterly,263,24,0
6753,33,Male,5,23,4,18,Standard,Quarterly,769,11,0
6754,21,Male,30,30,0,3,Standard,Quarterly,828,30,0
6755,23,Female,22,8,8,6,Premium,Annual,330,7,0
6756,39,Male,44,24,3,19,Standard,Annual,285,6,0
6757,34,Female,57,27,3,12,Premium,Quarterly,557,11,0
6758,62,Male,3,15,4,3,Basic,Quarterly,760,13,0
6759,39,Male,7,9,2,17,Standard,Annual,718,19,0
6760,53,Male,58,30,6,13,Standard,Monthly,858,23,0
6761,58,Male,10,14,7,2,Basic,Monthly,496,15,0
6762,44,Male,54,1,6,30,Basic,Annual,557,17,1
6763,20,Female,50,25,10,16,Basic,Quarterly,754,15,1
6764,37,Male,40,11,5,6,Premium,Quarterly,372,19,0
6765,44,Female,48,29,2,7,Basic,Annual,428,9,0
6766,57,Male,8,1,5,5,Basic,Monthly,103,1,1
6767,29,Female,2,8,3,27,Basic,Monthly,678,20,1
6768,57,Female,33,15,7,25,Standard,Annual,251,30,1
6769,31,Female,51,2,0,14,Basic,Quarterly,817,11,0
6770,32,Male,37,29,0,23,Standard,Annual,146,1,0
6771,41,Female,40,26,6,24,Basic,Monthly,371,19,1
6772,53,Male,29,1,5,20,Standard,Annual,341,28,1
6773,51,Male,26,13,7,4,Standard,Annual,334,24,0
6774,53,Male,8,13,5,6,Standard,Monthly,783,19,0
6775,47,Male,32,5,7,8,Basic,Annual,486,30,0
6776,20,Female,31,21,5,6,Standard,Quarterly,518,8,0
6777,44,Female,41,17,6,3,Premium,Monthly,449,24,0
6778,46,Female,10,25,5,8,Standard,Monthly,175,3,0
6779,26,Male,43,24,1,22,Basic,Quarterly,940,1,0
6780,27,Male,10,26,7,30,Premium,Monthly,136,1,0
6781,19,Female,49,1,8,29,Premium,Quarterly,406,13,1
6782,20,Male,23,13,8,8,Standard,Quarterly,378,19,0
6783,50,Male,52,18,8,4,Basic,Monthly,283,17,0
6784,26,Male,54,1,10,22,Standard,Quarterly,251,23,1
6785,53,Female,5,8,1,23,Basic,Monthly,424,21,1
6786,55,Male,21,5,2,16,Basic,Annual,470,6,0
6787,27,Male,36,27,2,6,Standard,Monthly,467,1,0
6788,61,Female,56,8,4,25,Basic,Annual,681,18,0
6789,52,Male,10,7,0,12,Basic,Annual,514,8,0
6790,27,Male,33,2,8,3,Basic,Quarterly,105,4,0
6791,35,Female,6,10,2,12,Premium,Annual,473,18,0
6792,61,Male,35,14,4,27,Basic,Quarterly,663,30,0
6793,18,Male,42,23,3,8,Basic,Quarterly,119,1,0
6794,28,Female,10,18,1,27,Basic,Quarterly,891,11,0
6795,52,Female,3,13,2,18,Basic,Quarterly,130,10,0
6796,62,Female,4,29,10,19,Standard,Annual,105,9,0
6797,22,Male,16,18,3,15,Basic,Quarterly,642,1,0
6798,37,Female,23,12,1,3,Premium,Annual,189,13,0
6799,61,Male,45,4,9,15,Premium,Annual,704,3,1
6800,27,Female,51,20,10,7,Basic,Quarterly,286,18,0
6801,33,Male,54,15,10,8,Basic,Quarterly,681,17,0
6802,42,Female,23,2,6,28,Standard,Quarterly,581,25,0
6803,30,Female,25,18,0,2,Standard,Quarterly,954,14,0
6804,34,Female,19,1,5,9,Basic,Monthly,219,17,0
6805,50,Male,51,15,4,23,Basic,Monthly,182,3,0
6806,43,Female,4,22,3,27,Basic,Quarterly,398,21,1
6807,57,Female,43,30,5,27,Premium,Monthly,573,2,1
6808,64,Female,51,17,4,23,Premium,Quarterly,582,28,0
6809,19,Female,27,24,0,17,Premium,Monthly,750,16,0
6810,21,Male,40,7,1,16,Premium,Annual,835,6,0
6811,20,Female,9,23,4,22,Premium,Quarterly,235,16,1
6812,33,Female,28,21,9,21,Standard,Monthly,993,20,1
6813,23,Male,35,29,6,7,Basic,Quarterly,170,24,0
6814,29,Male,57,20,7,9,Standard,Annual,936,9,0
6815,54,Female,34,15,7,16,Premium,Monthly,617,15,1
6816,44,Male,13,18,0,17,Basic,Annual,537,20,0
6817,51,Female,23,21,10,8,Standard,Quarterly,508,1,0
6818,39,Male,11,1,8,25,Standard,Quarterly,573,6,0
6819,36,Female,16,5,7,6,Premium,Monthly,122,28,0
6820,37,Male,42,4,8,18,Basic,Monthly,914,14,1
6821,65,Male,49,5,2,10,Basic,Quarterly,438,4,0
6822,36,Male,30,10,5,14,Premium,Quarterly,707,3,0
6823,29,Male,55,17,3,27,Premium,Quarterly,306,16,0
6824,35,Male,53,27,7,0,Basic,Monthly,408,3,0
6825,43,Male,16,16,0,16,Standard,Monthly,450,24,0
6826,47,Male,39,4,0,28,Standard,Annual,141,26,0
6827,53,Male,35,6,0,20,Standard,Quarterly,164,27,0
6828,24,Female,7,28,2,28,Basic,Quarterly,711,21,0
6829,50,Male,11,2,8,11,Basic,Monthly,224,28,0
6830,31,Female,19,9,2,7,Standard,Quarterly,273,18,0
6831,53,Male,49,22,5,20,Premium,Monthly,473,29,1
6832,59,Female,37,13,6,22,Standard,Quarterly,727,6,1
6833,50,Male,6,27,3,25,Basic,Monthly,386,15,0
6834,33,Male,59,18,6,26,Premium,Quarterly,944,14,1
6835,25,Female,30,15,5,16,Basic,Quarterly,416,15,1
6836,42,Male,49,20,7,22,Premium,Quarterly,729,15,1
6837,47,Male,23,8,6,9,Basic,Monthly,576,8,0
6838,56,Female,44,24,1,20,Premium,Monthly,676,15,0
6839,28,Male,49,25,6,13,Standard,Annual,914,28,0
6840,36,Female,19,18,3,26,Premium,Quarterly,790,16,0
6841,43,Male,6,25,10,24,Basic,Monthly,782,29,0
6842,31,Female,40,15,8,10,Premium,Annual,984,20,0
6843,33,Female,54,29,7,29,Standard,Monthly,229,21,1
6844,31,Female,55,8,7,17,Basic,Monthly,837,29,1
6845,59,Male,47,26,2,7,Premium,Monthly,808,15,0
6846,62,Male,36,5,9,14,Premium,Monthly,638,14,1
6847,34,Female,22,20,10,12,Premium,Quarterly,299,2,0
6848,41,Female,9,21,3,10,Standard,Annual,277,23,0
6849,46,Male,23,14,0,13,Basic,Quarterly,494,24,0
6850,55,Female,11,16,10,20,Premium,Monthly,538,7,0
6851,41,Female,27,27,7,6,Standard,Monthly,124,20,0
6852,31,Male,52,15,2,6,Basic,Monthly,639,12,0
6853,21,Male,36,23,1,21,Basic,Annual,626,23,0
6854,28,Female,19,10,4,2,Premium,Quarterly,580,17,0
6855,33,Female,29,26,0,4,Basic,Annual,513,1,0
6856,43,Male,49,25,8,7,Standard,Annual,850,29,0
6857,32,Male,33,14,0,12,Standard,Quarterly,871,28,0
6858,20,Female,12,15,10,24,Basic,Annual,474,19,1
6859,19,Female,31,24,5,7,Premium,Annual,880,28,0
6860,26,Male,60,8,4,28,Standard,Monthly,911,14,0
6861,22,Female,13,11,2,7,Premium,Monthly,282,19,0
6862,53,Male,12,6,1,19,Standard,Annual,486,30,0
6863,35,Female,7,14,2,2,Premium,Monthly,549,29,0
6864,51,Male,31,2,9,10,Premium,Monthly,964,11,1
6865,59,Female,57,19,2,1,Standard,Annual,463,15,0
6866,47,Female,14,27,8,4,Basic,Monthly,705,24,0
6867,51,Male,14,10,0,26,Premium,Monthly,398,22,0
6868,61,Male,49,1,10,26,Standard,Annual,694,23,1
6869,29,Female,38,17,7,23,Standard,Quarterly,996,28,1
6870,61,Female,44,24,1,21,Standard,Monthly,487,1,1
6871,54,Male,28,27,2,1,Basic,Quarterly,773,24,0
6872,37,Female,24,18,6,5,Standard,Monthly,802,6,0
6873,25,Male,17,20,9,4,Standard,Monthly,897,16,0
6874,18,Male,3,14,3,8,Basic,Annual,766,11,0
6875,31,Female,13,27,4,7,Standard,Annual,225,18,0
6876,30,Male,4,28,4,19,Premium,Quarterly,381,4,0
6877,22,Male,39,27,10,3,Standard,Quarterly,225,13,0
6878,29,Male,53,15,0,20,Basic,Monthly,263,26,0
6879,39,Female,29,4,1,4,Basic,Quarterly,232,29,0
6880,64,Male,37,28,8,26,Premium,Quarterly,458,19,1
6881,30,Female,38,27,2,19,Premium,Monthly,370,9,0
6882,46,Female,12,27,10,10,Basic,Annual,367,12,0
6883,34,Female,25,12,3,7,Standard,Quarterly,241,2,0
6884,65,Male,16,10,0,10,Basic,Monthly,990,28,0
6885,34,Male,39,19,7,0,Standard,Monthly,201,27,0
6886,46,Male,19,4,8,5,Premium,Annual,320,21,0
6887,19,Male,6,16,10,14,Basic,Annual,897,24,0
6888,33,Female,45,26,5,20,Basic,Annual,367,29,1
6889,62,Female,13,3,4,22,Basic,Monthly,310,27,1
6890,40,Female,23,20,9,8,Premium,Quarterly,333,11,0
6891,61,Female,47,11,8,20,Premium,Annual,527,13,1
6892,40,Male,51,29,0,11,Standard,Annual,879,2,0
6893,42,Male,47,11,1,17,Basic,Annual,845,6,0
6894,59,Female,15,7,10,2,Premium,Monthly,827,10,0
6895,34,Female,21,24,4,16,Basic,Annual,285,1,0
6896,18,Male,46,24,4,29,Premium,Monthly,551,26,0
6897,38,Female,11,1,4,3,Premium,Monthly,401,7,0
6898,37,Female,47,28,7,4,Premium,Quarterly,753,29,0
6899,25,Male,57,2,8,20,Premium,Monthly,679,18,1
6900,28,Female,60,2,0,14,Standard,Quarterly,655,25,0
6901,19,Female,37,24,4,11,Basic,Monthly,244,13,0
6902,51,Male,14,13,6,11,Standard,Quarterly,376,13,0
6903,23,Female,59,9,5,26,Premium,Annual,370,26,1
6904,27,Male,13,22,8,22,Premium,Annual,960,19,0
6905,61,Female,5,13,5,4,Premium,Annual,159,19,0
6906,64,Male,16,13,2,9,Premium,Monthly,137,24,0
6907,62,Male,5,25,7,21,Premium,Monthly,767,20,0
6908,45,Female,8,16,6,11,Basic,Quarterly,461,21,0
6909,30,Male,33,17,3,7,Standard,Quarterly,665,22,0
6910,47,Female,36,18,10,22,Basic,Annual,317,18,1
6911,47,Female,16,12,0,5,Premium,Quarterly,720,27,0
6912,54,Male,4,29,5,30,Standard,Annual,688,5,0
6913,31,Male,10,26,5,1,Premium,Annual,556,10,0
6914,63,Male,16,11,9,20,Premium,Monthly,969,16,0
6915,37,Male,15,19,0,20,Standard,Monthly,433,3,0
6916,45,Female,2,26,1,19,Standard,Quarterly,356,4,0
6917,55,Male,43,22,5,4,Premium,Monthly,154,16,0
6918,20,Male,1,27,8,4,Premium,Quarterly,816,7,0
6919,49,Female,42,4,8,5,Basic,Monthly,126,8,0
6920,47,Female,10,30,7,23,Basic,Annual,770,21,0
6921,58,Male,19,29,4,23,Standard,Quarterly,343,10,0
6922,59,Female,8,22,0,19,Basic,Annual,468,21,0
6923,30,Female,50,30,5,25,Basic,Monthly,920,20,1
6924,37,Female,3,21,6,26,Standard,Quarterly,341,24,1
6925,55,Male,26,19,8,25,Premium,Monthly,806,10,1
6926,28,Female,14,29,8,2,Basic,Quarterly,702,2,0
6927,38,Male,59,20,8,18,Premium,Monthly,630,26,1
6928,32,Female,14,4,6,10,Basic,Quarterly,622,7,0
6929,48,Male,36,11,6,9,Basic,Annual,175,20,0
6930,28,Female,33,30,2,1,Premium,Quarterly,748,28,0
6931,36,Female,17,1,9,11,Premium,Monthly,819,13,0
6932,49,Male,19,13,5,7,Premium,Monthly,968,25,0
6933,41,Male,31,14,2,7,Basic,Quarterly,296,19,0
6934,41,Male,59,3,6,30,Basic,Monthly,453,8,1
6935,28,Male,16,30,10,7,Premium,Monthly,508,20,0
6936,42,Male,38,15,3,18,Basic,Monthly,734,18,0
6937,20,Female,34,7,10,30,Standard,Annual,471,23,1
6938,58,Female,6,17,3,26,Basic,Annual,161,23,1
6939,61,Male,60,23,6,22,Standard,Monthly,537,27,1
6940,51,Male,51,6,8,29,Premium,Quarterly,743,1,1
6941,51,Male,4,3,0,12,Premium,Monthly,708,10,0
6942,61,Male,23,30,3,9,Premium,Monthly,554,4,0
6943,63,Male,14,24,3,13,Standard,Annual,608,19,0
6944,60,Female,4,23,10,18,Standard,Annual,801,7,0
6945,30,Female,28,9,7,30,Premium,Annual,392,6,1
6946,35,Male,39,15,7,25,Premium,Monthly,539,11,1
6947,19,Female,43,7,7,29,Premium,Monthly,431,21,1
6948,18,Female,27,1,7,22,Basic,Quarterly,606,12,1
6949,58,Female,13,28,2,27,Standard,Annual,453,8,1
6950,33,Male,24,13,10,9,Standard,Monthly,193,5,0
6951,20,Male,44,11,0,11,Standard,Monthly,681,7,0
6952,34,Male,12,18,6,23,Standard,Annual,402,24,0
6953,60,Male,16,12,3,15,Standard,Annual,139,29,0
6954,44,Female,52,24,10,27,Basic,Quarterly,273,2,1
6955,41,Male,10,3,1,28,Standard,Annual,256,27,0
6956,65,Male,58,26,6,21,Premium,Annual,405,12,1
6957,48,Female,58,4,4,28,Standard,Annual,289,18,1
6958,42,Male,2,26,1,7,Premium,Quarterly,713,27,0
6959,44,Female,60,21,8,1,Standard,Annual,828,17,0
6960,56,Female,58,23,10,26,Standard,Annual,662,16,1
6961,51,Male,30,16,9,27,Premium,Annual,945,26,1
6962,57,Male,2,13,10,28,Basic,Annual,700,21,0
6963,50,Male,39,4,7,28,Standard,Monthly,241,14,1
6964,62,Female,23,29,0,0,Standard,Annual,115,7,0
6965,39,Male,59,25,7,14,Premium,Quarterly,365,22,0
6966,37,Male,5,6,10,3,Standard,Quarterly,282,16,0
6967,36,Female,14,11,10,1,Basic,Quarterly,661,23,0
6968,35,Male,35,22,8,13,Basic,Quarterly,473,17,0
6969,49,Female,60,15,3,4,Basic,Monthly,489,3,0
6970,44,Male,15,27,3,26,Basic,Monthly,800,28,0
6971,54,Female,42,27,2,1,Basic,Monthly,893,25,0
6972,26,Male,17,25,3,2,Standard,Annual,598,22,0
6973,40,Male,31,12,4,13,Standard,Annual,878,24,0
6974,53,Male,47,7,9,29,Basic,Monthly,482,2,1
6975,61,Male,25,10,8,16,Basic,Monthly,876,12,1
6976,40,Female,53,3,0,18,Premium,Monthly,788,19,0
6977,30,Female,32,11,4,6,Premium,Annual,892,24,0
6978,44,Female,43,6,2,2,Premium,Monthly,755,14,0
6979,43,Male,17,24,6,24,Basic,Annual,896,22,0
6980,52,Male,8,29,9,22,Premium,Quarterly,837,30,0
6981,26,Male,46,1,1,21,Basic,Quarterly,695,17,0
6982,21,Male,37,8,5,16,Premium,Quarterly,775,3,1
6983,25,Male,48,17,9,27,Basic,Monthly,490,4,1
6984,24,Male,6,14,4,18,Basic,Monthly,128,25,0
6985,56,Male,14,2,1,11,Premium,Monthly,536,22,0
6986,53,Male,32,18,8,23,Standard,Annual,391,18,1
6987,44,Female,35,20,7,26,Standard,Monthly,138,17,1
6988,36,Male,16,9,3,7,Standard,Monthly,488,27,0
6989,20,Male,44,23,6,8,Basic,Annual,853,22,0
6990,35,Female,21,24,5,28,Premium,Annual,433,30,1
6991,33,Female,10,3,5,12,Premium,Annual,847,29,0
6992,45,Male,19,6,10,13,Basic,Annual,202,16,0
6993,36,Female,45,4,7,24,Basic,Annual,470,28,1
6994,61,Male,56,22,6,6,Basic,Annual,120,26,0
6995,34,Male,42,21,3,9,Basic,Annual,672,13,0
6996,44,Female,24,9,5,18,Basic,Monthly,605,7,1
6997,58,Female,41,16,3,14,Premium,Monthly,491,16,0
6998,32,Female,13,1,4,17,Standard,Monthly,326,17,0
6999,32,Female,4,7,9,20,Standard,Monthly,193,1,0
7000,46,Female,26,28,0,5,Standard,Quarterly,338,24,0
7001,30,Male,2,22,10,24,Basic,Quarterly,918,13,0
7002,19,Male,1,20,2,29,Premium,Monthly,140,30,0
7003,62,Female,31,28,5,30,Standard,Monthly,667,23,1
7004,63,Male,35,12,8,29,Premium,Monthly,637,26,1
7005,50,Male,34,30,9,15,Premium,Quarterly,149,3,0
7006,53,Male,40,17,5,2,Basic,Quarterly,234,13,0
7007,58,Male,29,25,10,29,Standard,Annual,496,7,1
7008,61,Female,39,10,9,0,Standard,Quarterly,199,20,0
7009,20,Female,17,24,6,15,Basic,Monthly,494,24,0
7010,31,Male,46,23,8,10,Basic,Annual,990,8,0
7011,50,Male,26,1,6,30,Premium,Monthly,283,1,1
7012,19,Female,43,12,3,29,Premium,Annual,404,12,1
7013,19,Male,8,5,5,11,Standard,Monthly,770,5,0
7014,27,Female,33,26,1,20,Standard,Quarterly,518,4,0
7015,52,Male,24,3,10,20,Standard,Annual,485,30,1
7016,60,Male,15,27,1,14,Premium,Monthly,353,22,0
7017,43,Male,48,8,5,12,Standard,Monthly,393,15,0
7018,34,Female,7,2,6,25,Standard,Annual,206,8,1
7019,35,Male,9,25,7,6,Standard,Quarterly,903,8,0
7020,58,Female,50,26,8,19,Premium,Quarterly,576,15,1
7021,52,Male,50,2,9,27,Standard,Quarterly,200,29,1
7022,19,Female,42,14,7,24,Standard,Annual,781,14,1
7023,53,Female,58,6,8,21,Standard,Monthly,743,21,1
7024,36,Female,32,12,2,7,Standard,Annual,665,18,0
7025,42,Male,8,15,6,23,Premium,Annual,528,4,0
7026,30,Female,7,9,1,29,Premium,Quarterly,580,11,0
7027,37,Female,14,12,6,2,Standard,Monthly,536,22,0
7028,52,Female,11,11,5,14,Basic,Annual,751,23,0
7029,38,Female,38,27,7,21,Basic,Annual,994,27,1
7030,44,Female,9,7,7,3,Standard,Annual,821,22,0
7031,28,Female,21,19,9,1,Premium,Monthly,599,8,0
7032,60,Male,42,19,5,4,Standard,Quarterly,845,22,0
7033,46,Male,56,18,4,21,Basic,Annual,587,19,0
7034,48,Female,48,22,5,21,Premium,Monthly,366,28,1
7035,20,Male,27,29,8,28,Premium,Annual,290,5,1
7036,64,Male,6,13,2,6,Basic,Annual,728,2,0
7037,60,Female,4,6,0,0,Premium,Annual,353,21,0
7038,46,Female,50,11,9,18,Standard,Annual,780,24,1
7039,34,Female,41,15,4,13,Premium,Annual,400,1,0
7040,18,Male,49,2,5,27,Basic,Quarterly,518,9,1
7041,37,Female,39,4,6,7,Basic,Annual,202,11,0
7042,46,Male,56,10,3,24,Basic,Annual,110,10,0
7043,29,Male,50,27,2,6,Premium,Quarterly,822,19,0
7044,65,Female,16,28,10,29,Basic,Annual,156,28,1
7045,57,Male,26,19,2,21,Basic,Annual,658,17,0
7046,28,Female,57,10,7,10,Basic,Quarterly,746,8,0
7047,26,Female,35,29,3,22,Standard,Monthly,504,27,1
7048,27,Male,2,13,7,21,Standard,Annual,644,11,0
7049,56,Male,48,14,5,17,Premium,Quarterly,500,21,1
7050,52,Male,25,12,4,8,Premium,Quarterly,860,13,0
7051,27,Male,15,13,6,5,Premium,Annual,777,12,0
7052,55,Male,13,5,0,2,Basic,Annual,725,4,0
7053,20,Male,23,14,9,20,Standard,Monthly,546,12,0
7054,58,Female,5,6,4,28,Basic,Quarterly,554,29,0
7055,57,Male,59,29,0,16,Basic,Monthly,939,16,0
7056,19,Female,35,27,4,7,Standard,Annual,347,6,0
7057,59,Female,53,28,4,13,Basic,Monthly,362,19,0
7058,49,Male,33,23,10,0,Basic,Annual,858,11,0
7059,25,Female,31,4,0,1,Premium,Monthly,785,14,0
7060,42,Female,17,15,5,14,Standard,Quarterly,128,10,0
7061,54,Female,57,27,8,24,Basic,Quarterly,332,23,1
7062,59,Female,21,30,9,5,Basic,Monthly,962,18,0
7063,38,Female,34,8,5,29,Basic,Annual,556,16,1
7064,29,Male,47,9,6,1,Basic,Quarterly,272,10,0
7065,61,Male,40,18,5,20,Basic,Annual,560,2,1
7066,58,Female,14,25,6,20,Standard,Monthly,253,23,0
7067,33,Female,50,11,9,20,Premium,Quarterly,465,22,1
7068,46,Female,45,18,8,28,Basic,Monthly,453,28,1
7069,21,Male,39,27,8,17,Premium,Monthly,670,20,1
7070,22,Male,43,6,8,19,Basic,Monthly,691,29,1
7071,26,Female,5,8,10,22,Premium,Quarterly,327,26,1
7072,65,Male,23,27,1,12,Premium,Annual,115,3,0
7073,43,Male,57,29,4,1,Standard,Annual,702,18,0
7074,57,Female,30,27,3,6,Premium,Monthly,191,8,0
7075,62,Male,40,27,6,6,Premium,Annual,430,28,0
7076,18,Male,41,13,7,19,Standard,Quarterly,856,25,1
7077,44,Male,18,4,5,12,Basic,Quarterly,963,16,0
7078,30,Male,24,30,4,27,Standard,Quarterly,850,11,0
7079,42,Male,50,2,8,30,Premium,Quarterly,117,17,1
7080,55,Male,1,13,0,22,Standard,Annual,240,14,0
7081,44,Male,3,13,1,8,Basic,Monthly,471,20,0
7082,49,Female,21,18,7,17,Standard,Monthly,311,17,0
7083,53,Male,49,9,8,22,Standard,Annual,354,24,1
7084,43,Female,7,16,5,8,Basic,Quarterly,401,21,0
7085,22,Female,35,15,0,25,Standard,Monthly,636,11,1
7086,30,Female,11,27,8,4,Basic,Quarterly,341,28,0
7087,30,Male,59,9,6,0,Premium,Quarterly,305,15,0
7088,45,Male,12,12,1,0,Standard,Quarterly,882,1,0
7089,51,Male,40,25,4,10,Premium,Quarterly,243,25,0
7090,27,Female,59,23,2,11,Premium,Monthly,590,15,0
7091,39,Male,28,28,9,22,Premium,Monthly,522,28,1
7092,28,Male,42,27,0,12,Basic,Quarterly,107,30,0
7093,44,Male,39,12,4,27,Basic,Quarterly,147,18,0
7094,47,Female,1,28,4,0,Basic,Annual,573,22,0
7095,24,Male,40,21,10,21,Basic,Quarterly,572,1,1
7096,29,Female,36,8,6,11,Premium,Quarterly,331,13,0
7097,53,Male,40,27,9,29,Basic,Monthly,450,15,1
7098,22,Female,48,18,0,14,Basic,Annual,484,10,0
7099,33,Male,50,8,8,17,Premium,Monthly,205,9,1
7100,32,Male,25,7,5,22,Premium,Quarterly,908,13,1
7101,19,Male,58,22,9,22,Standard,Quarterly,948,26,1
7102,31,Female,21,19,5,9,Standard,Annual,655,26,0
7103,42,Male,27,27,6,13,Standard,Monthly,349,7,0
7104,57,Female,37,25,5,24,Basic,Quarterly,695,13,1
7105,65,Male,33,18,3,20,Premium,Annual,102,24,0
7106,25,Male,29,2,6,24,Basic,Monthly,620,19,1
7107,27,Male,16,29,1,0,Basic,Annual,495,1,0
7108,32,Female,10,8,4,20,Basic,Quarterly,449,13,0
7109,35,Female,11,11,3,3,Premium,Annual,729,6,0
7110,25,Female,60,30,7,26,Basic,Quarterly,180,2,1
7111,23,Female,27,22,8,11,Premium,Monthly,710,3,0
7112,36,Male,9,10,7,2,Standard,Annual,674,6,0
7113,44,Female,55,3,4,10,Basic,Monthly,114,6,0
7114,39,Male,52,6,1,1,Basic,Quarterly,928,7,0
7115,54,Male,27,3,0,20,Basic,Annual,250,7,0
7116,65,Male,57,8,1,7,Premium,Quarterly,640,2,0
7117,60,Male,43,21,7,10,Premium,Quarterly,459,24,0
7118,42,Female,36,3,7,13,Basic,Monthly,193,13,0
7119,65,Female,46,9,5,14,Basic,Quarterly,118,11,0
7120,57,Male,5,25,9,1,Premium,Annual,550,11,0
7121,64,Male,21,17,7,29,Standard,Annual,548,27,0
7122,53,Female,9,27,4,16,Basic,Annual,823,8,0
7123,51,Male,29,16,6,29,Premium,Monthly,709,27,1
7124,39,Female,57,20,10,19,Premium,Monthly,484,24,1
7125,27,Male,59,3,10,17,Premium,Annual,561,2,1
7126,57,Female,14,24,1,25,Basic,Annual,995,21,0
7127,34,Female,53,9,5,13,Premium,Annual,669,24,0
7128,39,Male,8,21,4,23,Standard,Monthly,792,23,0
7129,59,Female,6,9,4,7,Premium,Monthly,331,5,0
7130,49,Female,5,21,1,26,Basic,Annual,369,15,1
7131,51,Female,30,16,5,22,Standard,Monthly,277,4,1
7132,27,Male,48,15,1,7,Basic,Monthly,405,12,0
7133,32,Female,36,20,8,24,Premium,Annual,607,10,1
7134,41,Female,52,25,7,5,Premium,Annual,466,9,0
7135,62,Male,31,23,0,17,Premium,Monthly,249,28,0
7136,40,Female,8,15,4,25,Basic,Monthly,901,26,1
7137,34,Female,33,26,5,23,Basic,Annual,694,27,1
7138,19,Male,42,17,7,22,Standard,Annual,299,8,1
7139,35,Female,22,24,8,26,Premium,Monthly,526,14,1
7140,50,Male,54,29,9,16,Premium,Monthly,839,21,1
7141,20,Female,11,10,5,16,Premium,Quarterly,432,14,0
7142,46,Female,35,17,8,18,Basic,Quarterly,902,22,1
7143,64,Male,52,13,1,25,Standard,Monthly,631,4,0
7144,21,Female,18,6,10,10,Premium,Annual,683,27,0
7145,22,Female,35,20,5,16,Basic,Annual,585,12,1
7146,46,Female,14,21,8,2,Basic,Annual,985,19,0
7147,31,Male,58,23,2,3,Basic,Quarterly,968,16,0
7148,60,Male,60,16,8,20,Standard,Annual,104,3,1
7149,57,Male,46,1,2,26,Basic,Annual,478,30,0
7150,25,Male,53,11,9,9,Basic,Annual,383,14,0
7151,23,Female,1,7,4,29,Basic,Monthly,923,4,1
7152,45,Female,24,23,6,17,Basic,Annual,201,7,1
7153,31,Female,16,14,3,6,Standard,Monthly,825,2,0
7154,31,Female,2,30,9,28,Standard,Annual,750,26,0
7155,29,Female,41,19,9,21,Premium,Annual,764,3,1
7156,44,Male,31,2,0,28,Basic,Annual,409,7,0
7157,29,Female,4,9,7,7,Basic,Monthly,959,25,0
7158,57,Female,14,24,5,0,Premium,Monthly,985,11,0
7159,43,Female,17,29,7,24,Standard,Monthly,787,4,1
7160,38,Female,52,5,1,22,Standard,Quarterly,501,20,0
7161,39,Female,42,8,0,5,Standard,Annual,418,3,0
7162,51,Female,58,3,2,5,Basic,Quarterly,196,3,0
7163,44,Male,52,13,4,30,Premium,Quarterly,780,22,0
7164,32,Female,57,13,1,26,Standard,Monthly,594,23,1
7165,59,Female,57,15,4,25,Basic,Monthly,412,5,1
7166,40,Female,54,30,1,18,Premium,Quarterly,142,2,0
7167,33,Female,4,18,2,0,Standard,Monthly,190,16,0
7168,38,Female,49,24,8,0,Standard,Monthly,480,26,0
7169,56,Female,34,16,2,0,Standard,Annual,451,27,0
7170,54,Female,58,30,5,21,Basic,Monthly,244,23,1
7171,57,Female,43,26,4,27,Standard,Annual,557,27,0
7172,64,Male,9,27,5,9,Premium,Annual,260,9,0
7173,62,Male,23,23,0,0,Standard,Quarterly,983,27,0
7174,40,Male,28,13,2,22,Premium,Monthly,726,28,0
7175,50,Male,17,26,1,18,Premium,Quarterly,781,16,0
7176,36,Female,33,10,9,4,Standard,Quarterly,340,28,0
7177,37,Female,39,12,9,16,Standard,Quarterly,144,17,1
7178,24,Male,15,25,4,16,Premium,Annual,293,11,0
7179,45,Male,20,5,8,23,Standard,Quarterly,249,3,0
7180,64,Female,16,19,9,11,Standard,Annual,929,19,0
7181,61,Female,50,26,4,3,Standard,Annual,683,12,0
7182,48,Female,30,20,10,17,Standard,Monthly,644,26,1
7183,20,Male,39,30,3,2,Premium,Annual,779,15,0
7184,19,Male,46,17,7,23,Premium,Annual,464,26,1
7185,45,Male,52,7,4,0,Standard,Annual,752,16,0
7186,53,Female,28,30,6,25,Basic,Annual,430,19,1
7187,53,Male,25,18,4,18,Standard,Monthly,965,13,0
7188,63,Female,29,23,6,20,Basic,Quarterly,231,6,1
7189,54,Female,55,27,3,19,Standard,Quarterly,852,28,0
7190,61,Male,59,26,5,17,Basic,Monthly,734,26,1
7191,44,Male,26,27,10,11,Standard,Monthly,292,3,0
7192,30,Female,47,24,3,28,Standard,Annual,523,28,0
7193,31,Male,55,15,0,1,Standard,Annual,328,12,0
7194,25,Female,52,22,3,21,Standard,Annual,978,3,0
7195,34,Female,11,5,9,6,Basic,Quarterly,608,15,0
7196,50,Male,55,24,1,7,Standard,Annual,889,29,0
7197,44,Male,12,18,7,29,Basic,Monthly,979,7,0
7198,26,Female,14,30,3,27,Standard,Monthly,470,30,1
7199,25,Female,45,30,0,24,Standard,Monthly,926,6,1
7200,51,Male,4,6,8,26,Premium,Annual,828,21,0
7201,64,Male,56,14,10,8,Basic,Monthly,581,23,0
7202,42,Male,6,11,4,3,Standard,Monthly,322,29,0
7203,52,Female,19,26,5,30,Standard,Annual,619,3,0
7204,57,Male,27,25,5,3,Premium,Quarterly,698,7,0
7205,35,Male,41,4,0,26,Standard,Annual,322,8,0
7206,34,Female,9,24,8,1,Standard,Quarterly,716,14,0
7207,19,Male,44,23,9,8,Basic,Quarterly,872,7,0
7208,36,Male,21,3,0,22,Premium,Annual,851,30,0
7209,40,Male,6,24,2,9,Basic,Quarterly,903,16,0
7210,45,Female,55,22,5,22,Premium,Annual,683,8,1
7211,44,Female,16,23,7,8,Standard,Annual,685,23,0
7212,37,Female,6,16,8,20,Standard,Annual,504,4,0
7213,49,Female,31,18,7,2,Premium,Quarterly,136,12,0
7214,23,Male,13,16,9,21,Premium,Annual,332,25,0
7215,37,Female,11,23,4,29,Premium,Monthly,129,14,1
7216,27,Male,46,14,8,25,Basic,Monthly,368,20,1
7217,58,Male,47,5,8,13,Premium,Monthly,410,3,1
7218,59,Female,6,8,9,27,Basic,Quarterly,817,14,0
7219,51,Male,4,5,8,21,Premium,Monthly,299,28,1
7220,47,Female,56,29,6,21,Premium,Annual,858,30,1
7221,46,Female,60,8,4,23,Premium,Monthly,499,29,1
7222,22,Female,39,15,0,5,Standard,Annual,833,9,0
7223,64,Female,24,4,4,14,Basic,Annual,144,3,1
7224,58,Male,3,9,7,4,Premium,Monthly,666,18,0
7225,33,Male,1,6,10,5,Standard,Monthly,581,3,0
7226,40,Male,35,17,0,11,Premium,Quarterly,180,7,0
7227,27,Male,44,19,1,22,Premium,Quarterly,773,3,0
7228,56,Female,8,6,7,4,Basic,Quarterly,247,7,0
7229,21,Male,39,2,5,10,Premium,Monthly,381,27,0
7230,52,Male,43,25,10,11,Premium,Monthly,742,25,0
7231,46,Female,38,6,10,2,Standard,Annual,551,25,0
7232,55,Female,13,4,1,1,Standard,Monthly,272,28,0
7233,62,Male,8,9,5,25,Premium,Monthly,381,13,0
7234,44,Female,42,14,3,10,Premium,Monthly,679,3,0
7235,18,Male,34,20,1,22,Basic,Quarterly,265,30,0
7236,35,Male,46,23,6,4,Basic,Annual,765,7,0
7237,37,Male,57,24,1,0,Basic,Monthly,261,8,0
7238,23,Male,43,13,2,22,Basic,Monthly,217,4,0
7239,39,Male,42,28,9,0,Standard,Monthly,159,24,0
7240,45,Male,22,27,7,10,Basic,Monthly,677,1,0
7241,56,Female,7,19,6,13,Basic,Quarterly,584,8,0
7242,18,Female,13,23,6,1,Standard,Quarterly,841,4,0
7243,56,Male,57,7,4,8,Premium,Annual,500,16,0
7244,40,Male,55,17,8,0,Standard,Annual,571,7,0
7245,59,Female,22,5,6,16,Premium,Quarterly,327,14,1
7246,40,Male,52,26,7,0,Premium,Quarterly,967,20,0
7247,40,Male,29,10,3,27,Premium,Quarterly,204,11,0
7248,40,Female,15,30,6,2,Premium,Quarterly,210,13,0
7249,54,Male,15,1,7,5,Premium,Quarterly,157,1,1
7250,61,Female,58,25,9,1,Standard,Annual,102,5,0
7251,63,Female,6,7,1,25,Premium,Quarterly,282,21,1
7252,55,Male,54,14,3,23,Standard,Monthly,348,10,0
7253,61,Female,19,8,2,27,Basic,Monthly,253,28,1
7254,56,Male,53,4,1,23,Basic,Annual,280,12,0
7255,21,Male,5,8,1,6,Premium,Annual,733,8,0
7256,44,Male,54,6,6,19,Basic,Annual,541,9,1
7257,31,Male,46,6,8,8,Basic,Monthly,954,29,0
7258,33,Male,35,7,1,25,Premium,Monthly,928,15,0
7259,61,Male,22,15,10,14,Premium,Quarterly,524,15,0
7260,63,Male,8,1,4,21,Basic,Monthly,637,23,1
7261,63,Female,50,2,0,11,Standard,Annual,305,4,0
7262,43,Female,60,11,7,5,Premium,Annual,337,12,0
7263,46,Female,28,5,7,1,Standard,Annual,915,12,0
7264,57,Male,51,25,4,18,Premium,Quarterly,936,14,0
7265,25,Male,37,22,3,25,Standard,Quarterly,395,20,0
7266,61,Female,32,22,2,4,Standard,Monthly,520,29,0
7267,38,Male,60,12,7,27,Standard,Quarterly,807,26,1
7268,62,Female,52,15,6,14,Basic,Annual,627,7,0
7269,32,Female,50,23,0,29,Standard,Annual,229,10,1
7270,38,Female,11,12,3,29,Basic,Quarterly,110,6,1
7271,21,Male,51,25,7,12,Basic,Monthly,449,27,0
7272,65,Male,14,4,1,16,Basic,Annual,799,22,0
7273,60,Female,26,9,9,0,Basic,Monthly,202,23,0
7274,31,Female,59,1,8,4,Premium,Monthly,431,26,0
7275,44,Female,4,17,9,7,Basic,Quarterly,435,27,0
7276,31,Female,21,7,0,14,Premium,Monthly,865,29,0
7277,43,Male,58,7,8,18,Premium,Quarterly,969,20,1
7278,38,Female,45,30,10,25,Standard,Quarterly,218,12,1
7279,32,Male,42,29,2,4,Standard,Quarterly,263,28,0
7280,52,Female,2,17,4,23,Premium,Monthly,791,9,1
7281,65,Male,13,3,5,0,Premium,Monthly,543,8,1
7282,55,Female,42,23,3,14,Standard,Monthly,140,7,0
7283,28,Female,33,13,0,21,Basic,Monthly,377,18,1
7284,31,Male,57,16,8,6,Basic,Annual,463,8,0
7285,35,Male,3,22,2,17,Standard,Annual,295,19,0
7286,36,Male,50,3,1,15,Standard,Monthly,667,23,0
7287,36,Female,35,15,4,5,Standard,Monthly,665,6,0
7288,47,Female,16,6,8,17,Standard,Monthly,468,24,0
7289,45,Male,39,26,4,12,Standard,Quarterly,370,27,0
7290,40,Male,57,29,4,18,Premium,Quarterly,953,17,0
7291,30,Female,47,13,2,26,Premium,Monthly,502,11,1
7292,49,Female,54,28,7,20,Basic,Quarterly,543,27,1
7293,56,Male,30,13,6,27,Basic,Monthly,294,2,1
7294,26,Male,34,5,3,9,Premium,Quarterly,564,21,0
7295,35,Female,40,3,5,5,Premium,Monthly,887,6,0
7296,45,Male,48,8,5,10,Premium,Monthly,304,10,0
7297,44,Male,53,3,8,2,Standard,Annual,101,28,0
7298,32,Male,40,2,6,16,Basic,Annual,239,28,1
7299,19,Female,14,14,6,3,Basic,Quarterly,627,4,0
7300,27,Male,47,9,9,5,Standard,Quarterly,949,27,0
7301,57,Female,53,29,3,18,Standard,Monthly,419,18,0
7302,62,Male,8,13,10,30,Premium,Monthly,895,21,0
7303,45,Female,16,1,4,21,Standard,Quarterly,177,14,1
7304,53,Female,60,25,6,8,Basic,Annual,150,2,0
7305,55,Female,23,12,6,12,Premium,Annual,996,29,0
7306,53,Female,26,23,4,5,Premium,Quarterly,648,5,0
7307,38,Female,6,8,3,16,Premium,Monthly,123,12,0
7308,29,Female,43,24,5,1,Basic,Monthly,152,1,0
7309,21,Male,58,27,4,22,Standard,Monthly,980,2,0
7310,57,Male,20,7,4,6,Standard,Annual,647,27,0
7311,27,Female,2,10,5,29,Standard,Quarterly,504,20,0
7312,21,Male,28,13,8,16,Premium,Quarterly,885,4,1
7313,28,Female,42,16,7,11,Basic,Monthly,791,4,0
7314,46,Male,55,27,5,12,Basic,Quarterly,759,30,0
7315,40,Female,2,4,5,3,Standard,Annual,938,18,0
7316,65,Male,25,21,5,17,Standard,Annual,446,5,1
7317,30,Male,38,10,4,18,Standard,Quarterly,254,2,0
7318,32,Female,38,7,8,30,Premium,Quarterly,463,23,1
7319,26,Female,2,24,8,18,Basic,Quarterly,978,17,0
7320,48,Female,59,7,6,22,Standard,Annual,682,22,1
7321,22,Female,57,15,0,10,Premium,Quarterly,656,27,0
7322,38,Male,27,17,0,30,Standard,Quarterly,505,23,0
7323,55,Female,7,22,10,2,Premium,Quarterly,117,1,0
7324,28,Male,46,26,6,11,Premium,Monthly,209,27,0
7325,18,Female,40,11,4,18,Basic,Quarterly,882,11,0
7326,27,Male,43,21,1,10,Standard,Annual,258,13,0
7327,25,Male,44,15,1,24,Basic,Annual,955,20,0
7328,24,Female,54,8,4,18,Basic,Quarterly,167,19,0
7329,42,Male,4,14,9,3,Premium,Quarterly,214,24,0
7330,65,Male,50,5,7,9,Basic,Monthly,177,14,1
7331,56,Female,42,17,9,11,Standard,Quarterly,299,15,0
7332,37,Female,8,5,10,17,Basic,Quarterly,893,20,0
7333,48,Male,40,26,9,7,Premium,Annual,471,7,0
7334,18,Male,27,27,0,26,Standard,Annual,269,24,0
7335,57,Female,19,11,9,29,Basic,Annual,708,26,0
7336,65,Male,43,4,5,13,Standard,Annual,459,11,1
7337,39,Male,7,8,9,2,Standard,Monthly,628,12,0
7338,24,Female,56,20,8,19,Basic,Annual,492,28,1
7339,65,Female,43,3,2,6,Basic,Monthly,888,1,0
7340,52,Female,29,30,10,30,Standard,Annual,126,1,1
7341,50,Female,31,6,1,12,Standard,Quarterly,560,16,0
7342,42,Female,19,28,7,26,Basic,Quarterly,275,28,1
7343,36,Male,25,18,0,0,Basic,Monthly,433,28,0
7344,62,Male,47,7,2,17,Premium,Monthly,613,4,0
7345,37,Female,54,12,8,0,Standard,Quarterly,563,25,0
7346,47,Female,44,23,10,14,Basic,Quarterly,114,23,0
7347,58,Female,27,18,7,6,Standard,Monthly,829,14,0
7348,29,Male,13,18,1,22,Standard,Quarterly,197,20,0
7349,46,Male,55,16,2,27,Standard,Quarterly,268,20,0
7350,48,Female,57,16,5,21,Basic,Annual,256,9,1
7351,53,Male,19,12,0,19,Standard,Quarterly,169,15,0
7352,59,Female,30,26,10,17,Basic,Quarterly,191,4,1
7353,19,Male,39,30,5,6,Premium,Quarterly,771,9,0
7354,33,Male,59,23,3,3,Basic,Annual,164,5,0
7355,54,Male,2,25,5,18,Premium,Quarterly,755,30,0
7356,48,Female,40,5,10,2,Standard,Monthly,206,16,0
7357,61,Male,15,22,6,19,Basic,Annual,118,3,0
7358,43,Male,9,9,2,15,Standard,Quarterly,910,30,0
7359,45,Male,18,30,1,14,Basic,Monthly,600,21,0
7360,44,Male,31,13,3,2,Basic,Monthly,253,27,0
7361,46,Female,9,4,2,30,Basic,Quarterly,660,7,0
7362,45,Male,30,8,4,27,Basic,Quarterly,640,3,0
7363,60,Female,32,3,0,21,Basic,Quarterly,772,25,0
7364,42,Male,38,18,0,8,Standard,Monthly,668,8,0
7365,31,Male,40,22,5,14,Standard,Quarterly,326,1,0
7366,48,Female,30,2,3,25,Premium,Quarterly,440,17,1
7367,59,Male,43,17,7,8,Premium,Quarterly,674,30,0
7368,40,Male,11,2,5,18,Standard,Monthly,513,10,0
7369,39,Male,4,21,6,30,Premium,Annual,607,17,0
7370,56,Female,40,9,8,10,Standard,Quarterly,100,13,0
7371,46,Female,20,25,2,17,Premium,Monthly,166,15,0
7372,27,Female,40,20,3,7,Basic,Quarterly,101,5,0
7373,49,Female,23,3,3,26,Basic,Annual,976,8,0
7374,44,Male,58,14,7,19,Basic,Quarterly,320,27,1
7375,50,Female,16,12,7,10,Basic,Monthly,228,1,0
7376,53,Male,47,26,5,9,Premium,Annual,313,13,0
7377,24,Male,50,26,10,25,Premium,Monthly,946,4,1
7378,27,Male,8,9,6,18,Standard,Quarterly,712,5,0
7379,25,Male,44,27,2,3,Basic,Annual,175,5,0
7380,38,Male,41,1,4,23,Premium,Monthly,830,6,0
7381,45,Male,36,19,9,23,Basic,Quarterly,429,27,1
7382,43,Female,10,27,6,17,Basic,Monthly,921,18,0
7383,58,Female,14,13,0,7,Premium,Monthly,753,21,0
7384,25,Male,22,2,0,12,Standard,Monthly,218,12,0
7385,19,Female,32,8,5,2,Premium,Quarterly,823,26,0
7386,56,Male,9,21,3,1,Standard,Monthly,921,6,0
7387,62,Male,30,26,9,2,Standard,Monthly,241,14,0
7388,59,Female,3,2,9,5,Basic,Monthly,838,13,1
7389,43,Male,36,6,0,10,Standard,Annual,301,27,0
7390,55,Female,55,24,9,9,Basic,Quarterly,823,2,0
7391,30,Female,55,23,1,29,Basic,Annual,183,29,1
7392,44,Male,53,18,3,5,Standard,Monthly,908,24,0
7393,59,Female,55,27,0,19,Standard,Quarterly,176,3,0
7394,42,Male,32,3,7,5,Basic,Annual,961,15,0
7395,36,Female,7,18,8,29,Premium,Annual,220,5,1
7396,20,Male,45,28,4,7,Basic,Quarterly,871,14,0
7397,59,Female,51,17,2,9,Standard,Annual,894,8,0
7398,43,Female,12,22,5,11,Premium,Monthly,178,29,0
7399,43,Female,11,28,5,23,Standard,Monthly,596,21,1
7400,48,Male,40,10,0,25,Premium,Monthly,585,17,0
7401,32,Female,43,2,9,26,Premium,Quarterly,400,16,1
7402,38,Female,54,23,5,20,Premium,Quarterly,951,25,1
7403,25,Female,5,1,3,21,Basic,Monthly,991,4,1
7404,62,Female,48,11,10,21,Standard,Annual,775,10,1
7405,53,Male,35,10,0,9,Basic,Annual,873,20,0
7406,25,Female,54,26,3,2,Basic,Annual,205,12,0
7407,32,Male,40,4,5,26,Basic,Annual,164,17,1
7408,18,Male,41,8,5,13,Basic,Monthly,649,16,0
7409,48,Female,47,15,0,27,Standard,Annual,618,29,0
7410,64,Male,33,14,9,21,Basic,Quarterly,864,23,1
7411,45,Female,25,13,2,5,Basic,Annual,432,4,0
7412,27,Female,24,22,7,26,Basic,Monthly,823,16,1
7413,32,Male,33,27,7,0,Standard,Annual,139,5,0
7414,43,Male,27,24,1,28,Standard,Annual,680,25,0
7415,18,Male,56,11,7,21,Basic,Quarterly,603,24,1
7416,42,Male,43,8,1,6,Premium,Monthly,368,10,0
7417,26,Female,27,20,9,0,Basic,Quarterly,599,3,0
7418,41,Female,6,4,0,17,Premium,Monthly,309,8,0
7419,31,Male,23,5,0,15,Premium,Annual,890,4,0
7420,47,Female,53,9,2,17,Basic,Quarterly,633,17,0
7421,48,Male,2,17,4,6,Basic,Quarterly,297,11,0
7422,41,Female,7,20,5,5,Basic,Annual,901,11,0
7423,50,Female,20,14,1,12,Standard,Monthly,611,15,0
7424,23,Female,29,7,0,21,Standard,Quarterly,231,10,1
7425,55,Female,25,2,1,16,Basic,Monthly,688,1,0
7426,41,Female,7,21,3,27,Basic,Monthly,538,24,1
7427,19,Male,11,26,6,14,Premium,Quarterly,823,17,0
7428,40,Female,31,17,8,18,Basic,Quarterly,827,15,1
7429,26,Female,40,7,3,21,Basic,Quarterly,434,1,1
7430,60,Female,6,13,1,4,Basic,Monthly,584,2,0
7431,22,Male,46,19,10,3,Standard,Quarterly,257,20,0
7432,52,Female,31,12,0,29,Standard,Quarterly,659,6,0
7433,21,Male,47,5,5,27,Standard,Annual,424,1,1
7434,64,Female,39,1,9,28,Standard,Quarterly,962,5,1
7435,28,Male,13,16,1,13,Standard,Annual,398,2,0
7436,38,Male,38,2,5,19,Premium,Annual,539,3,1
7437,21,Female,56,1,7,17,Standard,Monthly,562,3,1
7438,26,Male,51,19,6,3,Premium,Quarterly,761,21,0
7439,59,Female,22,19,9,28,Premium,Monthly,510,29,1
7440,35,Male,29,27,10,23,Standard,Monthly,771,22,1
7441,54,Male,14,11,2,3,Basic,Quarterly,431,16,0
7442,30,Male,29,5,9,7,Premium,Annual,998,17,0
7443,21,Female,7,16,4,24,Standard,Annual,794,28,0
7444,18,Male,33,24,5,22,Basic,Annual,586,15,1
7445,33,Male,60,15,1,8,Premium,Quarterly,411,10,0
7446,41,Male,30,7,9,2,Premium,Monthly,571,22,0
7447,35,Female,38,29,3,21,Standard,Quarterly,650,19,0
7448,56,Male,27,5,10,4,Standard,Annual,567,30,1
7449,19,Female,4,6,6,13,Basic,Quarterly,201,10,0
7450,53,Male,40,27,2,7,Standard,Quarterly,118,1,0
7451,57,Female,35,6,5,19,Premium,Quarterly,833,1,1
7452,27,Male,51,3,1,19,Standard,Quarterly,885,18,0
7453,34,Female,1,23,6,23,Standard,Monthly,403,9,1
7454,55,Female,19,30,5,1,Premium,Quarterly,609,3,0
7455,20,Female,59,16,10,25,Premium,Monthly,620,10,1
7456,26,Female,11,10,8,28,Standard,Monthly,639,27,1
7457,18,Male,36,30,0,18,Standard,Quarterly,394,20,0
7458,20,Female,55,14,10,8,Standard,Annual,881,23,0
7459,48,Male,16,19,10,3,Premium,Quarterly,297,10,0
7460,27,Male,41,1,6,15,Premium,Monthly,107,30,0
7461,42,Male,28,25,3,9,Basic,Quarterly,367,4,0
7462,65,Male,39,3,10,26,Basic,Monthly,253,2,1
7463,30,Male,34,14,1,26,Standard,Annual,256,13,0
7464,29,Male,20,18,5,18,Premium,Monthly,348,30,0
7465,28,Female,45,29,10,10,Basic,Monthly,680,11,0
7466,20,Male,6,13,0,2,Premium,Monthly,283,5,0
7467,28,Male,32,25,1,29,Basic,Monthly,345,19,0
7468,45,Female,52,19,7,0,Basic,Monthly,333,16,0
7469,48,Male,50,24,9,19,Basic,Annual,724,7,1
7470,65,Female,34,15,10,20,Standard,Annual,232,11,1
7471,26,Male,36,13,6,16,Basic,Monthly,123,8,1
7472,44,Male,25,23,2,20,Basic,Monthly,726,17,0
7473,19,Male,30,23,7,13,Premium,Monthly,344,15,0
7474,59,Male,33,11,8,23,Basic,Quarterly,435,3,1
7475,55,Female,1,7,7,27,Basic,Monthly,577,27,1
7476,18,Female,21,20,5,28,Standard,Monthly,282,27,1
7477,49,Female,57,18,7,13,Standard,Annual,117,15,0
7478,40,Male,7,8,8,18,Standard,Monthly,822,16,0
7479,64,Male,32,30,7,27,Premium,Monthly,680,30,1
7480,61,Male,30,5,5,29,Basic,Monthly,696,15,1
7481,49,Male,7,4,8,28,Basic,Monthly,843,13,0
7482,41,Female,5,29,7,23,Basic,Quarterly,412,15,1
7483,26,Male,47,12,10,12,Basic,Annual,902,14,0
7484,33,Male,11,8,1,3,Standard,Annual,773,3,0
7485,32,Female,52,9,10,3,Basic,Quarterly,429,20,0
7486,48,Female,35,10,9,8,Standard,Annual,350,13,0
7487,56,Female,50,18,4,24,Standard,Annual,897,25,0
7488,33,Male,29,28,6,29,Standard,Annual,555,6,1
7489,41,Male,43,23,3,4,Basic,Annual,652,7,0
7490,27,Female,7,23,4,3,Premium,Monthly,819,9,0
7491,25,Male,21,9,2,3,Premium,Monthly,340,19,0
7492,31,Female,4,6,4,30,Premium,Quarterly,264,2,1
7493,44,Female,22,26,7,16,Basic,Monthly,742,10,0
7494,60,Male,46,21,7,6,Premium,Annual,226,8,0
7495,46,Female,60,30,6,10,Basic,Monthly,931,2,0
7496,28,Female,16,9,2,17,Basic,Annual,289,2,0
7497,35,Male,23,28,10,21,Premium,Quarterly,926,11,0
7498,41,Female,40,8,10,22,Basic,Annual,288,12,1
7499,26,Male,22,14,3,6,Standard,Quarterly,952,5,0
7500,52,Female,21,10,1,29,Standard,Annual,104,15,1
7501,61,Female,2,30,8,19,Basic,Quarterly,862,12,0
7502,55,Female,58,7,1,4,Standard,Monthly,365,28,0
7503,34,Female,7,14,7,27,Standard,Annual,366,18,1
7504,26,Female,34,27,1,9,Basic,Annual,990,12,0
7505,39,Male,30,4,7,18,Basic,Annual,487,16,1
7506,42,Male,30,22,4,2,Basic,Quarterly,839,7,0
7507,22,Female,8,29,10,14,Basic,Monthly,298,1,0
7508,29,Female,49,2,9,30,Premium,Quarterly,853,25,1
7509,27,Female,10,23,10,19,Basic,Annual,702,9,0
7510,38,Female,23,21,0,21,Premium,Monthly,393,22,1
7511,49,Male,42,6,5,21,Basic,Annual,306,28,1
7512,58,Female,37,25,1,25,Premium,Quarterly,227,14,1
7513,48,Female,51,3,7,13,Basic,Quarterly,589,6,0
7514,65,Female,9,11,2,26,Premium,Annual,819,29,0
7515,26,Male,7,13,8,21,Premium,Annual,640,11,0
7516,38,Male,34,25,2,17,Basic,Quarterly,726,2,0
7517,27,Female,32,12,1,23,Basic,Annual,582,14,0
7518,55,Female,30,24,2,27,Premium,Annual,987,7,0
7519,37,Male,2,4,9,19,Premium,Quarterly,469,15,0
7520,59,Female,16,6,1,3,Basic,Quarterly,791,24,0
7521,54,Female,30,18,9,17,Premium,Monthly,648,3,1
7522,52,Male,45,20,6,11,Premium,Monthly,971,19,0
7523,51,Male,32,17,9,5,Premium,Monthly,288,22,0
7524,19,Male,30,9,6,20,Basic,Quarterly,823,24,1
7525,65,Female,32,12,7,24,Standard,Monthly,322,29,1
7526,24,Female,36,4,0,29,Basic,Quarterly,614,12,0
7527,49,Female,2,12,8,17,Standard,Quarterly,239,11,0
7528,22,Female,37,14,0,25,Premium,Monthly,926,15,1
7529,44,Male,27,12,2,6,Premium,Monthly,380,6,0
7530,22,Female,27,16,6,27,Premium,Monthly,825,24,1
7531,52,Female,57,16,3,20,Standard,Annual,858,26,0
7532,30,Female,32,13,0,19,Premium,Monthly,653,15,0
7533,49,Female,24,8,9,3,Basic,Annual,377,24,0
7534,27,Female,33,20,0,14,Premium,Monthly,380,9,0
7535,59,Female,34,13,2,7,Premium,Quarterly,104,30,0
7536,32,Female,3,9,6,11,Basic,Monthly,897,16,0
7537,26,Female,15,20,9,30,Basic,Quarterly,402,8,1
7538,41,Female,30,4,4,21,Standard,Quarterly,279,28,1
7539,46,Female,16,13,1,0,Premium,Monthly,897,19,0
7540,19,Male,6,15,9,14,Premium,Monthly,257,17,0
7541,44,Male,12,8,6,8,Premium,Annual,757,9,0
7542,47,Female,44,24,3,9,Basic,Quarterly,841,30,0
7543,29,Male,45,18,9,7,Standard,Quarterly,398,4,0
7544,38,Male,53,24,5,12,Premium,Monthly,647,7,0
7545,49,Male,45,5,0,11,Basic,Quarterly,967,13,0
7546,24,Female,11,26,8,1,Standard,Quarterly,127,29,0
7547,24,Male,35,28,9,27,Premium,Annual,910,10,1
7548,43,Female,47,23,1,28,Standard,Annual,872,10,0
7549,50,Female,33,13,5,2,Premium,Monthly,245,12,0
7550,50,Male,37,24,8,22,Premium,Annual,583,26,1
7551,52,Female,40,2,7,7,Standard,Monthly,313,3,1
7552,29,Female,3,19,1,20,Premium,Monthly,690,28,0
7553,62,Female,20,24,2,18,Premium,Annual,389,15,0
7554,64,Male,31,5,9,26,Standard,Quarterly,315,11,1
7555,34,Male,55,30,9,30,Premium,Annual,919,30,1
7556,28,Male,20,11,2,21,Standard,Monthly,999,19,0
7557,25,Male,20,6,7,18,Basic,Annual,826,25,0
7558,20,Male,43,23,8,2,Basic,Quarterly,432,20,0
7559,28,Male,60,2,3,19,Premium,Quarterly,392,22,0
7560,36,Female,12,28,8,4,Premium,Monthly,298,15,0
7561,54,Female,4,3,1,5,Basic,Quarterly,954,3,1
7562,31,Male,10,11,9,7,Standard,Annual,409,21,0
7563,20,Female,26,1,9,13,Premium,Annual,226,25,1
7564,21,Female,16,20,1,1,Basic,Monthly,418,28,0
7565,36,Female,27,5,7,10,Premium,Monthly,508,1,0
7566,62,Male,52,12,0,19,Premium,Annual,762,4,0
7567,22,Female,35,9,6,15,Premium,Quarterly,795,14,0
7568,52,Male,42,11,4,19,Premium,Quarterly,862,30,0
7569,19,Female,41,12,0,27,Basic,Quarterly,555,8,0
7570,24,Male,23,6,6,29,Premium,Monthly,268,20,0
7571,25,Male,32,12,4,3,Basic,Quarterly,193,20,0
7572,49,Female,31,23,2,30,Standard,Monthly,793,26,1
7573,65,Female,21,18,7,29,Premium,Quarterly,741,29,0
7574,32,Female,2,2,4,18,Basic,Annual,384,11,1
7575,30,Female,51,30,5,18,Premium,Quarterly,904,23,1
7576,25,Female,28,25,0,12,Premium,Quarterly,345,20,0
7577,25,Male,13,25,7,28,Premium,Quarterly,945,15,0
7578,19,Female,50,17,7,18,Standard,Annual,880,30,1
7579,63,Male,48,21,8,6,Standard,Quarterly,792,8,0
7580,59,Male,13,11,9,22,Standard,Annual,213,6,0
7581,26,Male,11,24,7,19,Premium,Monthly,622,11,0
7582,53,Female,52,30,1,11,Premium,Monthly,848,11,0
7583,36,Male,48,20,9,29,Basic,Quarterly,120,16,1
7584,49,Male,40,16,3,30,Premium,Monthly,332,9,0
7585,57,Male,40,14,0,27,Standard,Annual,106,23,0
7586,65,Female,52,1,3,17,Premium,Annual,113,1,1
7587,20,Female,52,5,3,13,Standard,Annual,495,17,0
7588,31,Female,43,23,0,26,Standard,Quarterly,491,15,1
7589,65,Female,27,20,10,29,Standard,Monthly,270,27,1
7590,53,Female,11,29,3,0,Premium,Annual,262,29,0
7591,48,Male,40,27,8,21,Standard,Annual,238,23,1
7592,56,Female,3,17,5,19,Basic,Quarterly,918,17,0
7593,32,Female,8,14,9,16,Premium,Quarterly,424,16,0
7594,27,Female,44,2,5,5,Standard,Quarterly,171,8,0
7595,42,Female,9,7,6,5,Premium,Annual,848,22,0
7596,32,Male,33,21,10,24,Standard,Annual,894,16,1
7597,48,Male,16,3,9,25,Premium,Monthly,974,18,0
7598,60,Female,43,24,2,9,Premium,Quarterly,790,18,0
7599,44,Male,51,29,3,29,Standard,Monthly,848,24,0
7600,38,Female,4,21,0,26,Basic,Monthly,526,5,1
7601,57,Male,60,9,4,7,Basic,Monthly,170,27,0
7602,58,Male,37,1,1,9,Basic,Quarterly,461,12,0
7603,60,Male,7,16,4,10,Premium,Monthly,914,10,0
7604,63,Male,7,9,6,16,Basic,Quarterly,851,13,0
7605,25,Male,34,11,10,12,Premium,Annual,706,4,0
7606,25,Female,30,25,7,4,Standard,Quarterly,222,30,0
7607,42,Female,1,22,4,15,Basic,Quarterly,438,12,0
7608,42,Female,57,20,7,9,Standard,Monthly,544,30,0
7609,18,Female,30,29,0,5,Standard,Annual,170,5,0
7610,55,Female,55,30,2,6,Basic,Annual,286,15,0
7611,20,Male,8,2,9,3,Premium,Quarterly,176,16,0
7612,26,Female,41,6,5,28,Basic,Annual,803,24,1
7613,61,Male,14,15,2,25,Premium,Quarterly,936,2,0
7614,32,Male,45,20,7,4,Standard,Annual,868,17,0
7615,54,Male,16,28,8,5,Standard,Annual,613,29,0
7616,44,Male,60,18,5,30,Premium,Annual,543,29,1
7617,58,Female,8,12,3,8,Premium,Annual,598,17,0
7618,41,Female,7,20,10,14,Premium,Annual,719,14,0
7619,45,Female,52,12,3,29,Standard,Quarterly,175,7,1
7620,18,Female,16,25,4,7,Premium,Annual,843,25,0
7621,64,Male,4,9,9,25,Standard,Monthly,693,21,0
7622,51,Male,38,25,6,18,Premium,Annual,768,5,1
7623,36,Female,8,25,0,13,Standard,Quarterly,119,7,0
7624,24,Female,50,24,6,8,Basic,Monthly,754,27,0
7625,63,Female,41,15,1,11,Standard,Monthly,302,9,0
7626,36,Female,52,22,7,15,Premium,Monthly,197,22,0
7627,34,Female,23,10,3,26,Premium,Monthly,217,15,1
7628,31,Male,2,22,8,15,Standard,Quarterly,514,13,0
7629,36,Male,51,13,3,26,Basic,Quarterly,164,22,0
7630,59,Male,58,11,1,19,Basic,Quarterly,593,20,0
7631,27,Female,19,12,2,24,Premium,Monthly,981,14,1
7632,34,Female,16,2,1,9,Basic,Monthly,234,6,0
7633,32,Male,6,21,5,15,Premium,Monthly,461,10,0
7634,45,Male,11,9,10,12,Basic,Monthly,840,8,0
7635,44,Male,34,4,3,18,Premium,Annual,861,13,0
7636,56,Male,38,14,3,5,Premium,Quarterly,218,30,0
7637,55,Female,20,15,2,29,Basic,Monthly,102,9,1
7638,47,Female,43,20,5,30,Basic,Quarterly,352,6,1
7639,42,Female,31,28,2,4,Premium,Annual,880,9,0
7640,31,Female,18,22,5,11,Premium,Quarterly,910,12,0
7641,64,Female,5,24,0,29,Standard,Quarterly,477,1,1
7642,42,Male,30,6,6,12,Standard,Annual,154,28,0
7643,56,Male,54,13,5,22,Standard,Quarterly,706,24,1
7644,61,Female,37,16,1,10,Premium,Monthly,765,13,0
7645,41,Female,16,19,0,30,Basic,Quarterly,162,17,1
7646,36,Female,38,25,3,1,Basic,Monthly,769,11,0
7647,54,Male,23,20,6,21,Premium,Monthly,786,13,0
7648,42,Female,47,7,0,1,Premium,Annual,935,19,0
7649,48,Male,42,28,1,13,Standard,Annual,444,3,0
7650,24,Male,13,20,4,23,Standard,Quarterly,535,8,0
7651,43,Male,25,28,10,9,Standard,Annual,365,22,0
7652,45,Female,39,27,6,8,Standard,Monthly,388,25,0
7653,34,Male,15,14,3,6,Premium,Monthly,153,27,0
7654,61,Female,52,25,0,9,Standard,Quarterly,461,29,0
7655,35,Male,42,2,3,28,Basic,Monthly,910,28,0
7656,35,Male,50,27,4,10,Premium,Quarterly,122,29,0
7657,65,Female,47,23,6,24,Premium,Monthly,745,14,1
7658,50,Male,30,13,9,30,Basic,Annual,351,18,1
7659,50,Male,4,21,2,5,Basic,Annual,971,18,0
7660,30,Female,6,28,9,12,Basic,Monthly,638,2,0
7661,20,Male,25,2,1,22,Basic,Annual,286,9,1
7662,39,Male,12,28,7,17,Basic,Monthly,450,1,0
7663,22,Male,60,25,8,9,Premium,Monthly,175,11,0
7664,35,Female,12,24,9,12,Standard,Quarterly,998,11,0
7665,39,Male,51,7,7,11,Basic,Quarterly,652,23,0
7666,23,Female,37,3,6,22,Basic,Quarterly,822,20,1
7667,37,Male,32,27,8,7,Basic,Monthly,932,20,0
7668,64,Male,39,2,9,3,Basic,Quarterly,275,28,1
7669,29,Male,2,24,10,3,Standard,Annual,382,16,0
7670,50,Female,9,11,1,27,Standard,Monthly,191,11,1
7671,29,Male,58,13,10,14,Premium,Monthly,355,12,0
7672,23,Male,28,9,3,16,Premium,Quarterly,495,14,0
7673,45,Female,22,25,2,16,Basic,Monthly,559,18,0
7674,57,Male,40,20,2,14,Premium,Annual,908,9,0
7675,32,Female,6,10,1,10,Basic,Quarterly,170,8,0
7676,47,Female,31,16,2,12,Basic,Quarterly,313,16,0
7677,20,Female,29,25,4,26,Premium,Annual,712,4,0
7678,27,Male,7,30,4,2,Standard,Annual,498,6,0
7679,53,Female,17,12,5,20,Standard,Monthly,601,14,0
7680,31,Female,52,30,0,14,Basic,Monthly,323,26,0
7681,65,Male,60,19,10,8,Premium,Monthly,552,9,0
7682,62,Female,1,18,4,13,Standard,Annual,637,5,0
7683,34,Male,8,27,9,17,Standard,Annual,198,1,0
7684,35,Male,19,6,9,7,Standard,Monthly,399,16,0
7685,55,Female,18,30,6,5,Premium,Annual,133,23,0
7686,45,Male,7,20,9,30,Basic,Quarterly,803,23,0
7687,45,Male,6,3,3,13,Basic,Monthly,418,12,0
7688,32,Female,9,23,4,27,Premium,Annual,717,12,0
7689,27,Male,1,17,7,18,Basic,Quarterly,629,12,0
7690,21,Female,47,16,1,24,Standard,Annual,696,19,0
7691,36,Male,35,20,8,26,Basic,Annual,581,12,1
7692,53,Male,17,17,10,16,Premium,Annual,584,12,0
7693,61,Female,4,19,8,3,Premium,Annual,346,17,0
7694,59,Male,36,7,4,0,Basic,Quarterly,986,5,0
7695,51,Male,15,8,10,15,Standard,Quarterly,486,18,0
7696,42,Female,19,5,8,16,Premium,Annual,121,11,0
7697,63,Male,5,22,5,9,Basic,Annual,671,20,0
7698,63,Female,11,10,2,30,Standard,Monthly,176,29,1
7699,41,Male,38,22,6,9,Basic,Annual,223,16,0
7700,39,Male,35,26,9,15,Standard,Monthly,494,23,0
7701,40,Male,55,24,4,3,Basic,Quarterly,126,6,0
7702,20,Male,57,9,10,0,Standard,Quarterly,168,6,0
7703,20,Female,14,12,4,13,Basic,Annual,346,21,0
7704,22,Female,58,15,0,6,Standard,Monthly,202,1,0
7705,41,Female,21,25,8,18,Premium,Quarterly,368,27,0
7706,56,Female,13,14,5,27,Standard,Quarterly,452,17,1
7707,51,Male,51,19,0,24,Standard,Annual,466,9,0
7708,49,Male,43,10,0,20,Standard,Monthly,650,15,0
7709,32,Female,10,18,0,5,Premium,Monthly,806,9,0
7710,53,Female,5,9,2,21,Premium,Annual,282,16,1
7711,36,Male,10,2,1,19,Standard,Monthly,266,27,0
7712,65,Male,54,15,0,25,Standard,Monthly,326,3,0
7713,18,Female,40,22,5,3,Basic,Annual,271,8,0
7714,47,Female,13,3,5,19,Premium,Quarterly,635,5,0
7715,53,Female,53,5,2,6,Standard,Quarterly,112,5,0
7716,55,Male,5,24,8,19,Standard,Annual,990,5,0
7717,21,Male,49,17,4,17,Standard,Annual,307,13,0
7718,25,Female,5,30,2,10,Basic,Monthly,344,6,0
7719,62,Male,48,1,4,30,Premium,Monthly,229,22,1
7720,40,Male,44,24,5,2,Premium,Monthly,817,8,0
7721,42,Female,24,28,6,20,Premium,Annual,517,17,1
7722,20,Female,25,14,6,4,Standard,Annual,340,4,0
7723,32,Female,23,13,4,18,Basic,Annual,473,6,0
7724,60,Female,54,2,2,28,Standard,Monthly,709,12,1
7725,48,Male,51,18,7,3,Basic,Annual,766,14,0
7726,24,Male,35,2,1,15,Standard,Quarterly,647,25,0
7727,47,Male,5,14,1,17,Premium,Annual,896,7,0
7728,46,Female,5,14,1,17,Standard,Monthly,704,26,0
7729,44,Female,5,2,2,9,Premium,Monthly,257,3,0
7730,33,Male,17,24,7,26,Premium,Annual,661,30,0
7731,60,Male,31,12,1,5,Standard,Monthly,431,7,0
7732,39,Female,48,11,6,5,Standard,Monthly,707,5,0
7733,54,Female,34,16,1,17,Standard,Annual,544,15,0
7734,34,Male,9,20,0,23,Standard,Monthly,401,10,0
7735,34,Male,32,2,2,20,Basic,Annual,881,25,0
7736,33,Male,11,1,5,4,Basic,Annual,425,28,1
7737,20,Female,46,26,6,17,Basic,Quarterly,478,6,1
7738,32,Male,5,1,8,29,Basic,Annual,287,12,1
7739,18,Male,15,2,3,18,Premium,Quarterly,788,15,0
7740,65,Female,9,27,5,28,Standard,Annual,307,9,1
7741,65,Female,2,30,5,15,Premium,Quarterly,532,2,0
7742,20,Male,12,13,9,23,Standard,Quarterly,679,16,0
7743,56,Female,7,11,5,21,Standard,Annual,407,25,1
7744,22,Male,47,28,7,22,Premium,Quarterly,871,25,1
7745,57,Male,9,21,1,22,Basic,Monthly,367,17,0
7746,46,Male,41,19,3,8,Premium,Annual,864,3,0
7747,64,Male,48,22,5,21,Basic,Annual,842,14,1
7748,29,Female,48,21,5,7,Standard,Annual,707,10,0
7749,55,Male,36,3,4,10,Premium,Annual,216,26,1
7750,38,Male,48,6,6,20,Basic,Annual,225,26,1
7751,57,Female,56,27,10,14,Basic,Monthly,898,4,0
7752,19,Female,56,23,8,26,Premium,Monthly,823,14,1
7753,21,Male,27,9,1,3,Standard,Annual,292,7,0
7754,29,Male,7,13,9,9,Premium,Annual,402,17,0
7755,43,Male,39,17,7,13,Premium,Quarterly,729,11,0
7756,50,Female,12,8,0,11,Premium,Quarterly,165,11,0
7757,57,Male,46,14,6,24,Premium,Quarterly,114,20,1
7758,38,Male,21,16,1,15,Basic,Quarterly,760,10,0
7759,27,Female,53,12,3,26,Basic,Monthly,370,5,1
7760,56,Male,31,5,3,3,Premium,Annual,678,24,0
7761,32,Female,22,17,9,15,Premium,Monthly,186,4,0
7762,65,Male,12,9,1,12,Basic,Quarterly,820,2,0
7763,21,Female,25,22,9,16,Basic,Monthly,996,21,1
7764,23,Male,19,11,6,9,Basic,Quarterly,711,11,0
7765,38,Male,55,26,5,30,Premium,Annual,962,19,1
7766,59,Female,21,12,6,13,Premium,Quarterly,557,18,0
7767,49,Female,13,28,10,11,Standard,Annual,897,13,0
7768,49,Male,1,4,4,17,Standard,Monthly,776,19,0
7769,62,Male,28,17,3,11,Premium,Monthly,694,16,0
7770,58,Female,25,11,0,28,Premium,Monthly,854,2,1
7771,44,Male,24,1,7,2,Standard,Monthly,608,1,0
7772,50,Female,33,5,6,26,Premium,Monthly,988,5,1
7773,64,Female,11,27,5,8,Premium,Annual,779,15,0
7774,36,Male,6,28,3,18,Premium,Monthly,970,25,0
7775,44,Male,50,28,1,27,Basic,Monthly,655,28,0
7776,41,Male,42,30,1,6,Basic,Annual,469,9,0
7777,23,Female,46,18,7,10,Premium,Monthly,395,21,0
7778,32,Female,42,7,7,6,Basic,Annual,304,20,0
7779,45,Male,32,23,7,9,Premium,Quarterly,451,15,0
7780,61,Female,41,16,1,18,Basic,Annual,548,20,0
7781,62,Female,38,21,3,25,Basic,Quarterly,158,30,1
7782,51,Male,30,24,5,0,Standard,Quarterly,258,30,0
7783,29,Male,2,22,7,26,Premium,Annual,329,16,0
7784,46,Female,39,30,3,9,Basic,Quarterly,908,17,0
7785,64,Male,11,20,2,15,Basic,Annual,262,27,0
7786,64,Male,44,29,0,21,Basic,Annual,744,18,0
7787,61,Male,6,14,6,5,Basic,Annual,816,20,0
7788,33,Male,47,8,0,27,Premium,Quarterly,495,20,0
7789,53,Female,11,10,3,13,Standard,Monthly,636,3,0
7790,61,Female,4,4,8,0,Basic,Annual,386,28,1
7791,53,Female,56,10,4,15,Premium,Quarterly,320,11,0
7792,33,Female,41,6,6,28,Premium,Annual,229,22,1
7793,43,Female,33,13,4,21,Premium,Annual,675,5,0
7794,26,Female,22,7,8,17,Premium,Monthly,146,7,0
7795,56,Male,55,16,0,8,Basic,Quarterly,987,30,0
7796,60,Male,29,22,7,22,Basic,Monthly,756,4,1
7797,57,Male,11,13,8,4,Standard,Annual,256,29,0
7798,42,Female,40,2,8,12,Standard,Quarterly,950,18,0
7799,33,Male,36,26,2,23,Basic,Quarterly,894,30,0
7800,29,Female,22,5,8,29,Basic,Quarterly,132,16,1
7801,44,Female,53,19,5,30,Basic,Monthly,300,1,1
7802,65,Female,38,2,9,1,Standard,Quarterly,500,16,1
7803,51,Female,53,25,3,22,Standard,Quarterly,908,16,0
7804,40,Male,29,20,6,13,Premium,Annual,401,6,0
7805,31,Female,17,26,10,15,Premium,Monthly,502,14,0
7806,52,Male,44,3,10,30,Premium,Monthly,375,7,1
7807,33,Male,8,5,8,30,Standard,Annual,476,12,0
7808,43,Female,58,11,9,22,Basic,Quarterly,960,20,1
7809,50,Female,15,23,1,17,Premium,Quarterly,765,13,0
7810,32,Male,37,17,4,27,Premium,Monthly,355,18,0
7811,27,Female,4,29,8,11,Basic,Annual,184,4,0
7812,47,Female,2,8,8,30,Premium,Annual,581,22,0
7813,32,Female,49,18,2,19,Standard,Monthly,310,11,0
7814,33,Female,25,19,3,3,Standard,Quarterly,969,11,0
7815,26,Female,44,24,2,27,Basic,Monthly,166,30,1
7816,55,Male,53,30,7,18,Basic,Quarterly,355,14,1
7817,48,Male,8,17,4,26,Standard,Monthly,171,15,0
7818,55,Male,8,20,7,6,Basic,Quarterly,316,11,0
7819,53,Female,33,25,0,28,Basic,Annual,747,8,0
7820,32,Female,25,23,1,28,Basic,Quarterly,490,2,1
7821,30,Male,30,6,7,13,Premium,Annual,289,2,0
7822,18,Male,5,24,6,30,Premium,Quarterly,752,5,0
7823,61,Male,49,6,10,16,Standard,Monthly,471,24,1
7824,20,Male,38,27,0,24,Standard,Annual,387,15,0
7825,35,Female,4,26,6,18,Premium,Quarterly,997,3,0
7826,53,Female,39,26,8,7,Basic,Annual,488,28,0
7827,56,Female,39,6,8,1,Standard,Monthly,740,1,0
7828,49,Male,3,13,5,3,Standard,Annual,733,19,0
7829,43,Male,22,23,4,22,Premium,Monthly,433,7,0
7830,25,Female,49,14,8,1,Premium,Quarterly,835,22,0
7831,61,Female,50,27,3,21,Premium,Quarterly,642,22,0
7832,44,Female,3,12,9,30,Basic,Quarterly,924,19,0
7833,46,Male,16,3,8,19,Premium,Annual,740,1,0
7834,63,Male,29,24,7,6,Basic,Monthly,721,14,0
7835,41,Female,29,22,8,11,Basic,Monthly,287,18,0
7836,45,Female,45,26,3,5,Standard,Annual,138,14,0
7837,52,Male,34,28,5,9,Basic,Quarterly,434,16,0
7838,56,Female,17,25,0,17,Premium,Quarterly,500,9,0
7839,61,Female,16,10,1,25,Premium,Annual,194,20,1
7840,40,Female,41,10,5,15,Basic,Monthly,596,9,0
7841,56,Female,14,23,6,1,Premium,Annual,727,16,0
7842,52,Female,36,30,5,10,Basic,Monthly,833,8,0
7843,34,Female,42,22,10,27,Standard,Monthly,820,16,1
7844,45,Male,9,18,10,14,Standard,Monthly,280,9,0
7845,50,Female,17,13,5,26,Basic,Annual,854,16,0
7846,62,Female,53,25,7,7,Standard,Quarterly,726,6,0
7847,48,Male,22,28,8,3,Basic,Monthly,408,26,0
7848,52,Female,16,1,4,24,Premium,Annual,707,22,1
7849,65,Male,20,27,0,27,Basic,Quarterly,163,16,0
7850,44,Female,23,12,6,27,Standard,Quarterly,961,4,0
7851,27,Female,50,8,1,10,Premium,Annual,191,28,0
7852,65,Female,24,1,7,18,Standard,Monthly,816,7,1
7853,62,Female,43,24,2,17,Premium,Annual,394,5,0
7854,60,Female,60,2,9,3,Standard,Annual,151,20,1
7855,34,Male,41,18,8,6,Standard,Monthly,560,11,0
7856,58,Male,47,1,5,3,Premium,Annual,198,19,1
7857,65,Male,43,11,7,16,Standard,Monthly,471,18,1
7858,34,Female,15,17,7,13,Basic,Quarterly,882,24,0
7859,60,Male,51,25,1,23,Basic,Annual,752,17,0
7860,64,Female,43,19,9,12,Premium,Quarterly,744,21,0
7861,36,Male,36,12,0,23,Standard,Annual,856,10,0
7862,53,Male,52,11,0,10,Basic,Quarterly,951,18,0
7863,24,Female,46,8,0,14,Premium,Annual,933,5,0
7864,41,Female,46,1,1,5,Premium,Quarterly,123,7,0
7865,18,Female,53,24,6,30,Standard,Quarterly,153,17,1
7866,60,Male,47,15,7,23,Standard,Monthly,604,1,1
7867,21,Male,23,4,4,12,Standard,Monthly,103,26,0
7868,26,Female,8,3,4,17,Standard,Monthly,944,1,0
7869,49,Female,27,29,10,2,Premium,Quarterly,108,19,0
7870,35,Male,25,29,7,3,Premium,Monthly,362,19,0
7871,57,Female,12,11,10,21,Basic,Monthly,818,7,1
7872,44,Male,27,22,2,13,Premium,Monthly,346,21,0
7873,39,Female,22,16,5,29,Basic,Quarterly,261,22,1
7874,53,Male,5,28,7,17,Premium,Monthly,279,9,0
7875,20,Male,17,1,0,4,Basic,Annual,394,20,0
7876,32,Male,26,23,4,11,Premium,Monthly,883,1,0
7877,28,Female,20,9,3,28,Standard,Quarterly,914,25,0
7878,23,Female,2,29,4,30,Basic,Quarterly,247,29,1
7879,29,Female,24,12,5,28,Premium,Quarterly,139,20,1
7880,33,Female,2,24,2,8,Standard,Annual,343,18,0
7881,51,Female,23,2,5,20,Basic,Monthly,429,29,1
7882,47,Male,34,24,9,8,Basic,Annual,900,1,0
7883,26,Male,13,28,3,28,Basic,Quarterly,190,7,0
7884,58,Female,25,22,8,19,Standard,Annual,358,6,1
7885,30,Male,23,4,7,25,Standard,Monthly,958,18,0
7886,44,Female,29,18,6,17,Standard,Quarterly,952,3,1
7887,19,Male,30,16,6,3,Standard,Annual,202,12,0
7888,43,Female,25,27,4,29,Standard,Monthly,618,7,1
7889,34,Male,21,28,0,3,Premium,Quarterly,254,25,0
7890,61,Female,11,15,0,19,Basic,Annual,229,20,0
7891,64,Female,49,11,4,29,Standard,Monthly,664,21,1
7892,26,Female,48,25,5,17,Premium,Monthly,979,7,1
7893,40,Female,5,6,2,9,Standard,Annual,247,18,0
7894,25,Male,54,25,5,0,Premium,Quarterly,403,12,0
7895,58,Male,1,4,9,20,Standard,Annual,448,6,1
7896,53,Male,20,11,10,1,Premium,Quarterly,827,10,0
7897,23,Male,45,5,2,15,Standard,Annual,211,3,0
7898,43,Female,22,14,9,4,Premium,Monthly,630,6,0
7899,32,Male,54,29,8,20,Premium,Monthly,258,5,1
7900,61,Female,60,24,6,28,Standard,Annual,549,6,1
7901,43,Female,36,14,2,15,Standard,Monthly,473,28,0
7902,25,Female,14,15,4,12,Premium,Quarterly,450,9,0
7903,46,Male,1,6,10,23,Premium,Quarterly,551,8,0
7904,26,Female,51,14,10,30,Basic,Quarterly,230,4,1
7905,29,Male,44,5,1,2,Basic,Monthly,486,4,0
7906,35,Female,16,28,4,3,Basic,Monthly,650,18,0
7907,30,Female,27,22,10,14,Premium,Quarterly,538,29,0
7908,25,Male,31,10,2,20,Standard,Quarterly,947,17,0
7909,43,Male,43,27,8,16,Basic,Annual,267,24,1
7910,18,Female,7,1,9,24,Premium,Monthly,303,3,1
7911,35,Female,45,24,6,19,Standard,Monthly,323,21,1
7912,65,Female,57,5,1,20,Standard,Quarterly,560,12,0
7913,63,Female,52,3,10,2,Basic,Annual,721,13,1
7914,44,Female,57,16,4,19,Standard,Monthly,956,24,0
7915,22,Female,39,27,9,20,Basic,Annual,690,16,1
7916,38,Female,30,17,8,30,Premium,Quarterly,741,7,1
7917,39,Male,33,1,0,12,Basic,Quarterly,810,9,0
7918,46,Male,9,27,8,10,Premium,Monthly,241,9,0
7919,20,Male,41,8,10,29,Premium,Monthly,216,5,1
7920,22,Female,30,15,1,29,Premium,Annual,830,24,0
7921,41,Male,8,5,2,14,Standard,Annual,732,16,0
7922,53,Male,3,19,7,3,Premium,Monthly,729,8,0
7923,46,Female,9,16,5,4,Standard,Quarterly,489,20,0
7924,62,Male,14,25,4,8,Premium,Quarterly,202,22,0
7925,42,Female,38,14,4,0,Standard,Quarterly,932,8,0
7926,64,Male,47,26,7,26,Premium,Monthly,610,18,1
7927,43,Male,50,9,9,26,Basic,Annual,902,6,1
7928,56,Female,39,13,8,15,Standard,Annual,615,29,0
7929,63,Female,31,12,8,26,Premium,Quarterly,574,18,1
7930,51,Male,38,15,7,22,Premium,Monthly,165,8,1
7931,44,Female,48,22,2,14,Basic,Annual,853,11,0
7932,42,Male,49,7,6,16,Standard,Annual,233,11,1
7933,53,Female,49,15,5,22,Basic,Annual,801,30,1
7934,61,Female,7,21,0,4,Basic,Monthly,865,16,0
7935,35,Male,5,21,3,12,Basic,Annual,284,6,0
7936,58,Male,50,7,1,28,Premium,Annual,325,14,0
7937,54,Male,27,18,9,15,Standard,Monthly,406,20,0
7938,29,Female,5,2,7,17,Basic,Monthly,375,13,1
7939,36,Male,27,8,8,1,Basic,Annual,831,14,0
7940,44,Male,2,29,4,5,Premium,Monthly,832,3,0
7941,50,Female,19,6,7,24,Standard,Monthly,758,16,1
7942,57,Male,38,21,1,5,Basic,Annual,794,14,0
7943,50,Female,30,28,3,7,Premium,Monthly,685,28,0
7944,21,Male,54,5,4,17,Standard,Annual,210,24,0
7945,50,Female,48,12,2,3,Basic,Monthly,162,1,0
7946,48,Male,17,26,4,28,Standard,Annual,944,7,0
7947,29,Female,26,8,1,28,Standard,Annual,441,7,1
7948,48,Female,16,30,5,15,Basic,Monthly,956,25,0
7949,60,Male,44,13,3,13,Premium,Annual,899,16,0
7950,18,Female,32,13,8,13,Basic,Quarterly,427,9,0
7951,39,Female,35,12,7,12,Basic,Monthly,701,25,0
7952,54,Female,50,4,4,26,Standard,Monthly,547,4,1
7953,18,Male,56,23,0,5,Premium,Monthly,483,12,0
7954,37,Female,39,1,10,24,Premium,Annual,370,15,1
7955,48,Female,24,21,0,18,Standard,Annual,164,9,0
7956,59,Male,59,18,4,4,Standard,Monthly,630,11,0
7957,63,Male,1,16,0,22,Standard,Monthly,590,13,0
7958,39,Male,17,23,4,17,Premium,Quarterly,492,8,0
7959,51,Female,33,26,7,15,Premium,Monthly,708,30,0
7960,50,Male,2,19,3,12,Premium,Annual,535,19,0
7961,44,Male,5,14,2,9,Basic,Annual,509,2,0
7962,20,Male,15,30,0,18,Basic,Quarterly,482,29,0
7963,22,Female,34,25,4,25,Basic,Annual,121,29,1
7964,49,Female,46,7,5,18,Standard,Quarterly,101,1,1
7965,47,Male,50,14,7,28,Basic,Quarterly,615,5,1
7966,30,Male,29,12,8,18,Basic,Annual,127,11,1
7967,40,Male,53,27,10,18,Standard,Quarterly,444,14,1
7968,25,Male,48,13,3,23,Premium,Quarterly,687,11,0
7969,48,Female,44,1,5,9,Premium,Monthly,666,30,0
7970,52,Male,1,6,2,10,Premium,Quarterly,623,11,0
7971,35,Female,54,20,1,30,Premium,Monthly,118,10,1
7972,64,Female,29,1,8,7,Standard,Monthly,377,4,1
7973,55,Male,54,17,4,3,Premium,Annual,546,15,0
7974,49,Male,42,22,10,6,Standard,Annual,780,6,0
7975,19,Female,42,23,3,30,Standard,Annual,230,20,1
7976,59,Male,41,24,2,24,Basic,Monthly,425,1,0
7977,53,Female,35,2,1,1,Standard,Monthly,820,4,0
7978,22,Male,51,13,8,22,Standard,Monthly,902,5,1
7979,50,Female,9,19,10,22,Standard,Quarterly,880,2,0
7980,55,Female,16,24,0,5,Basic,Monthly,951,29,0
7981,33,Male,48,24,3,10,Premium,Monthly,461,12,0
7982,48,Female,28,11,9,30,Basic,Quarterly,246,21,1
7983,32,Female,44,7,8,7,Standard,Quarterly,260,22,0
7984,37,Female,34,13,5,30,Standard,Monthly,382,19,1
7985,53,Male,47,16,8,7,Premium,Annual,527,13,0
7986,19,Female,50,9,6,4,Premium,Annual,600,14,0
7987,31,Female,58,15,0,1,Premium,Monthly,344,28,0
7988,36,Male,38,28,5,17,Basic,Monthly,486,21,1
7989,27,Female,39,7,3,19,Basic,Annual,377,16,0
7990,34,Male,53,29,1,7,Basic,Quarterly,529,17,0
7991,37,Male,35,16,6,3,Standard,Quarterly,462,25,0
7992,25,Female,51,20,8,0,Basic,Quarterly,693,20,0
7993,48,Male,32,29,4,25,Standard,Annual,855,20,0
7994,42,Male,29,5,3,9,Standard,Monthly,268,26,0
7995,37,Male,4,7,1,27,Standard,Annual,905,22,0
7996,39,Female,2,27,8,11,Premium,Monthly,966,6,0
7997,28,Female,27,17,8,20,Standard,Monthly,378,28,1
7998,52,Female,47,15,0,8,Basic,Quarterly,884,30,0
7999,62,Male,14,21,4,5,Premium,Quarterly,615,29,0
8000,37,Male,4,11,2,5,Standard,Quarterly,256,6,0
8001,43,Female,23,9,7,23,Standard,Monthly,787,13,1
8002,30,Male,16,15,1,17,Standard,Annual,370,8,0
8003,27,Female,7,20,9,14,Premium,Quarterly,408,26,0
8004,52,Male,46,7,8,0,Standard,Annual,487,24,0
8005,64,Male,5,26,0,14,Basic,Monthly,694,1,0
8006,21,Male,45,28,3,17,Premium,Annual,426,1,0
8007,61,Male,5,21,9,10,Standard,Monthly,683,5,0
8008,25,Female,20,1,1,25,Standard,Quarterly,572,13,0
8009,39,Male,11,19,8,5,Premium,Quarterly,840,16,0
8010,32,Female,19,6,7,17,Standard,Monthly,515,17,0
8011,33,Female,34,26,3,22,Basic,Annual,511,18,0
8012,18,Male,56,9,4,0,Basic,Quarterly,938,18,0
8013,51,Male,31,23,9,26,Standard,Quarterly,153,11,1
8014,18,Male,48,16,7,5,Standard,Annual,946,19,0
8015,40,Female,18,10,9,13,Premium,Annual,814,8,0
8016,20,Female,43,22,1,7,Standard,Annual,268,20,0
8017,59,Female,34,11,8,28,Standard,Quarterly,557,9,1
8018,30,Male,2,20,3,17,Basic,Quarterly,922,25,0
8019,52,Male,3,26,3,10,Premium,Annual,139,8,0
8020,23,Female,29,20,10,19,Standard,Quarterly,911,21,1
8021,28,Female,56,13,0,24,Premium,Annual,214,23,1
8022,54,Male,8,18,3,16,Basic,Quarterly,160,28,0
8023,35,Female,60,4,2,7,Standard,Annual,919,23,0
8024,55,Male,10,10,4,29,Premium,Monthly,120,19,0
8025,30,Male,5,3,1,15,Basic,Quarterly,222,9,1
8026,37,Male,37,25,9,23,Standard,Quarterly,167,14,1
8027,34,Female,31,5,10,4,Premium,Annual,532,12,0
8028,65,Male,10,13,8,13,Standard,Annual,745,21,0
8029,53,Female,55,4,7,26,Basic,Quarterly,459,1,1
8030,56,Female,55,11,9,25,Standard,Annual,216,17,1
8031,52,Male,23,22,6,21,Premium,Monthly,599,7,0
8032,53,Male,29,29,1,18,Basic,Quarterly,424,15,0
8033,19,Female,25,28,3,8,Standard,Monthly,798,10,0
8034,28,Male,37,19,0,2,Standard,Annual,151,11,0
8035,33,Male,38,9,0,25,Standard,Quarterly,584,24,0
8036,30,Male,40,7,9,0,Standard,Monthly,401,21,0
8037,56,Male,59,3,10,14,Standard,Quarterly,265,4,1
8038,61,Female,44,23,8,25,Basic,Annual,832,29,1
8039,18,Female,39,13,6,25,Basic,Quarterly,463,18,1
8040,57,Male,12,5,6,19,Standard,Monthly,535,26,1
8041,22,Male,30,4,10,30,Basic,Annual,307,25,1
8042,39,Female,3,24,3,20,Standard,Monthly,824,13,0
8043,60,Female,20,26,8,9,Basic,Quarterly,230,19,0
8044,45,Female,10,12,9,2,Premium,Annual,595,6,0
8045,30,Male,52,5,3,4,Basic,Monthly,933,12,0
8046,62,Female,52,7,8,20,Standard,Annual,657,2,1
8047,37,Male,33,14,5,20,Premium,Monthly,861,5,1
8048,43,Male,18,17,6,23,Basic,Monthly,730,15,0
8049,45,Male,32,24,10,13,Premium,Monthly,398,18,0
8050,61,Male,44,19,5,21,Standard,Annual,303,28,1
8051,27,Male,30,18,0,4,Basic,Monthly,738,29,0
8052,51,Female,41,15,7,19,Standard,Quarterly,724,20,1
8053,28,Female,47,29,7,7,Standard,Annual,177,14,0
8054,65,Female,4,5,0,11,Standard,Quarterly,697,18,0
8055,55,Female,51,11,4,2,Basic,Monthly,927,28,0
8056,55,Male,58,9,10,17,Premium,Monthly,264,10,1
8057,49,Male,50,8,5,7,Standard,Monthly,835,11,0
8058,45,Male,21,28,6,4,Basic,Monthly,928,6,0
8059,55,Female,13,18,5,25,Standard,Annual,370,9,1
8060,57,Female,59,14,8,26,Premium,Annual,945,16,1
8061,52,Female,41,29,5,28,Basic,Annual,253,16,1
8062,54,Female,7,18,4,25,Basic,Monthly,838,15,1
8063,36,Male,11,20,8,28,Premium,Quarterly,477,12,0
8064,63,Male,59,10,10,27,Premium,Quarterly,567,7,1
8065,58,Male,55,20,0,23,Standard,Quarterly,926,13,0
8066,54,Male,26,28,10,13,Basic,Annual,610,16,0
8067,65,Female,57,21,7,6,Premium,Monthly,576,30,0
8068,63,Male,39,18,3,3,Standard,Monthly,267,20,0
8069,19,Male,55,8,8,20,Basic,Annual,494,12,1
8070,49,Male,5,23,9,10,Basic,Annual,597,22,0
8071,43,Female,21,6,3,20,Standard,Monthly,668,29,0
8072,58,Male,24,3,9,20,Premium,Annual,547,17,1
8073,59,Male,55,1,9,2,Premium,Annual,599,20,1
8074,28,Female,21,5,3,24,Basic,Quarterly,699,26,0
8075,48,Male,10,29,9,19,Standard,Quarterly,599,4,0
8076,33,Female,18,1,5,12,Premium,Monthly,103,22,0
8077,29,Female,35,30,1,22,Basic,Monthly,491,10,1
8078,43,Male,7,4,9,14,Basic,Monthly,639,9,0
8079,43,Male,52,16,4,0,Basic,Monthly,530,22,0
8080,37,Female,7,7,8,30,Premium,Monthly,810,24,1
8081,24,Male,1,14,10,17,Standard,Annual,377,30,0
8082,51,Female,59,16,3,3,Premium,Annual,753,30,0
8083,18,Male,12,18,0,25,Basic,Monthly,313,28,0
8084,50,Female,20,23,2,28,Premium,Annual,525,30,0
8085,41,Female,39,21,10,2,Standard,Quarterly,606,2,0
8086,48,Male,10,1,1,15,Standard,Quarterly,271,2,0
8087,57,Female,50,28,2,15,Premium,Annual,443,22,0
8088,46,Male,7,18,10,9,Standard,Quarterly,534,2,0
8089,52,Male,13,30,4,5,Basic,Annual,148,26,0
8090,35,Female,41,1,3,13,Premium,Monthly,409,14,0
8091,51,Male,19,18,2,23,Standard,Quarterly,142,9,0
8092,35,Male,52,24,5,29,Premium,Annual,947,24,1
8093,35,Female,4,25,8,21,Standard,Annual,662,29,0
8094,19,Male,17,30,9,12,Basic,Annual,990,27,0
8095,37,Male,29,12,6,0,Standard,Monthly,384,25,0
8096,34,Male,8,8,3,4,Basic,Annual,558,15,0
8097,27,Male,2,5,10,16,Standard,Annual,666,2,0
8098,49,Female,50,16,0,27,Standard,Annual,384,8,1
8099,43,Female,18,24,10,23,Premium,Quarterly,481,4,1
8100,24,Female,49,2,2,0,Premium,Monthly,605,19,0
8101,40,Female,26,11,2,26,Premium,Monthly,884,25,1
8102,59,Male,30,22,2,29,Basic,Monthly,905,27,0
8103,50,Female,24,3,1,15,Standard,Monthly,296,1,0
8104,51,Female,48,24,9,7,Standard,Quarterly,125,19,0
8105,23,Female,59,14,6,19,Premium,Monthly,443,30,1
8106,33,Male,60,19,6,26,Standard,Monthly,565,12,1
8107,50,Female,11,24,9,21,Basic,Annual,750,8,0
8108,35,Male,42,27,0,9,Basic,Quarterly,662,28,0
8109,26,Female,47,29,9,10,Standard,Annual,446,2,0
8110,36,Female,4,9,10,28,Standard,Monthly,646,11,1
8111,52,Male,8,26,9,13,Standard,Annual,975,16,0
8112,34,Male,39,12,0,9,Premium,Monthly,559,24,0
8113,51,Female,59,12,7,13,Premium,Quarterly,606,30,0
8114,41,Male,3,8,9,25,Basic,Annual,869,17,0
8115,58,Male,55,29,1,9,Basic,Quarterly,361,22,0
8116,52,Male,28,18,3,9,Basic,Monthly,863,24,0
8117,31,Female,12,30,5,27,Standard,Annual,562,6,0
8118,62,Male,35,3,5,14,Standard,Monthly,121,26,1
8119,47,Female,49,1,4,16,Basic,Monthly,849,1,0
8120,40,Female,32,3,6,15,Standard,Annual,955,14,0
8121,52,Male,25,12,10,28,Basic,Annual,905,16,1
8122,21,Male,37,8,0,20,Standard,Annual,780,22,0
8123,21,Female,58,10,5,25,Standard,Annual,512,10,1
8124,37,Male,6,4,7,21,Premium,Monthly,182,28,0
8125,56,Male,43,8,2,23,Premium,Annual,316,11,0
8126,22,Female,32,25,4,8,Premium,Annual,789,6,0
8127,18,Male,27,28,5,5,Standard,Annual,468,28,0
8128,31,Male,27,8,7,7,Standard,Quarterly,605,27,0
8129,52,Female,15,16,8,3,Standard,Annual,770,8,0
8130,47,Male,37,9,2,22,Standard,Annual,678,12,0
8131,29,Male,34,16,7,2,Basic,Quarterly,192,29,0
8132,18,Female,18,19,3,22,Premium,Quarterly,391,30,1
8133,32,Female,17,21,7,19,Basic,Quarterly,615,17,0
8134,58,Female,33,18,9,10,Standard,Annual,508,26,0
8135,41,Male,45,27,1,4,Basic,Annual,132,26,0
8136,33,Male,6,23,1,23,Premium,Monthly,502,16,0
8137,57,Male,15,1,5,5,Premium,Annual,851,3,1
8138,28,Female,15,11,6,12,Basic,Monthly,273,29,0
8139,33,Male,58,27,1,14,Standard,Quarterly,467,26,0
8140,34,Female,39,4,2,24,Basic,Annual,318,12,1
8141,64,Female,23,11,7,16,Standard,Monthly,930,20,0
8142,37,Male,27,26,3,15,Premium,Annual,788,22,0
8143,51,Male,27,11,4,15,Premium,Monthly,368,17,0
8144,26,Female,13,29,10,27,Standard,Monthly,655,26,1
8145,59,Female,4,29,10,21,Basic,Monthly,378,21,1
8146,51,Female,29,16,9,16,Premium,Annual,593,17,1
8147,33,Male,8,27,2,1,Standard,Monthly,755,21,0
8148,20,Female,46,22,10,10,Basic,Quarterly,586,27,0
8149,52,Male,58,4,10,27,Premium,Annual,533,3,1
8150,40,Female,28,23,6,8,Basic,Quarterly,275,23,0
8151,23,Male,15,9,0,2,Basic,Annual,618,27,0
8152,29,Female,39,14,3,17,Basic,Monthly,578,25,0
8153,23,Female,12,16,7,21,Basic,Monthly,752,3,1
8154,52,Female,2,14,2,14,Premium,Quarterly,770,20,0
8155,20,Male,7,9,4,14,Standard,Annual,601,27,0
8156,54,Male,32,3,4,3,Standard,Quarterly,750,8,1
8157,35,Male,56,11,0,17,Premium,Monthly,418,21,0
8158,32,Male,14,2,5,25,Standard,Annual,483,6,0
8159,52,Male,38,7,2,13,Basic,Monthly,437,19,0
8160,50,Male,40,3,9,4,Basic,Quarterly,226,21,0
8161,36,Male,44,17,8,7,Standard,Quarterly,923,25,0
8162,63,Male,8,16,9,20,Premium,Quarterly,342,15,0
8163,63,Female,31,22,2,19,Premium,Annual,297,5,0
8164,65,Female,20,6,3,29,Premium,Quarterly,151,20,1
8165,42,Male,34,8,8,7,Standard,Monthly,892,1,0
8166,58,Male,6,19,6,14,Basic,Annual,391,27,0
8167,56,Female,9,20,0,29,Basic,Annual,900,11,0
8168,20,Female,50,21,1,4,Premium,Quarterly,589,20,0
8169,37,Male,13,25,3,16,Premium,Monthly,318,6,0
8170,58,Male,45,14,0,5,Basic,Annual,528,8,0
8171,26,Female,15,26,0,20,Basic,Monthly,395,11,0
8172,46,Male,5,16,3,8,Standard,Monthly,520,3,0
8173,22,Female,33,7,10,11,Premium,Annual,723,6,0
8174,44,Female,21,23,7,17,Premium,Annual,275,3,0
8175,48,Female,54,10,4,29,Standard,Annual,428,28,1
8176,45,Female,41,6,0,1,Standard,Annual,963,24,0
8177,18,Male,15,30,9,10,Premium,Monthly,823,6,0
8178,28,Female,33,25,8,6,Premium,Annual,118,22,0
8179,50,Female,13,18,6,14,Standard,Annual,139,7,0
8180,60,Female,24,10,0,5,Basic,Quarterly,322,26,0
8181,35,Male,48,4,8,11,Basic,Annual,103,25,0
8182,30,Female,2,2,4,4,Standard,Monthly,646,20,0
8183,24,Female,57,9,10,26,Basic,Annual,134,2,1
8184,56,Female,5,15,9,18,Premium,Monthly,946,13,0
8185,46,Female,12,9,4,10,Standard,Quarterly,489,26,0
8186,64,Female,21,30,4,28,Premium,Monthly,858,20,1
8187,27,Male,17,2,1,25,Premium,Annual,216,17,1
8188,57,Male,31,27,4,9,Basic,Monthly,431,17,0
8189,48,Female,35,24,3,6,Standard,Monthly,131,27,0
8190,40,Male,11,4,2,9,Standard,Monthly,635,27,0
8191,46,Male,51,21,8,19,Premium,Annual,495,4,1
8192,38,Male,47,21,9,6,Basic,Quarterly,621,21,0
8193,48,Male,14,13,4,16,Basic,Monthly,518,6,0
8194,25,Female,40,16,0,2,Basic,Annual,637,30,0
8195,60,Male,11,9,4,19,Basic,Annual,705,6,0
8196,43,Female,26,25,1,17,Premium,Monthly,510,27,0
8197,58,Female,33,9,3,24,Basic,Annual,544,6,0
8198,30,Male,56,12,3,6,Premium,Annual,282,5,0
8199,21,Male,31,27,5,22,Premium,Monthly,386,23,1
8200,43,Female,9,6,0,22,Basic,Annual,386,19,1
8201,25,Male,8,7,2,26,Premium,Monthly,644,19,0
8202,22,Female,32,12,8,14,Basic,Monthly,205,28,0
8203,47,Female,4,7,2,27,Standard,Monthly,524,3,1
8204,25,Female,50,18,4,17,Basic,Annual,435,11,0
8205,61,Female,59,6,4,30,Standard,Annual,697,8,0
8206,60,Male,47,17,0,8,Standard,Monthly,762,3,0
8207,45,Male,47,8,7,9,Basic,Quarterly,409,18,0
8208,59,Female,12,15,6,3,Standard,Monthly,401,18,0
8209,35,Male,56,12,4,9,Basic,Quarterly,159,28,0
8210,30,Female,41,3,6,14,Premium,Monthly,544,1,0
8211,58,Female,23,18,1,14,Basic,Quarterly,300,29,0
8212,46,Female,49,13,8,16,Standard,Annual,592,14,1
8213,21,Male,58,23,10,1,Premium,Monthly,741,28,0
8214,61,Female,30,17,0,21,Standard,Monthly,113,10,1
8215,60,Male,51,11,1,5,Premium,Quarterly,268,1,0
8216,20,Male,9,27,7,27,Standard,Quarterly,520,26,0
8217,49,Male,27,23,10,8,Basic,Monthly,180,24,0
8218,29,Female,36,23,9,16,Basic,Monthly,766,4,1
8219,43,Male,25,17,10,6,Standard,Quarterly,101,15,0
8220,49,Male,45,9,7,2,Standard,Monthly,986,15,0
8221,48,Male,27,7,4,18,Standard,Annual,442,11,0
8222,55,Female,18,27,10,24,Standard,Annual,553,1,0
8223,35,Female,53,10,2,4,Basic,Quarterly,478,12,0
8224,30,Female,52,4,9,9,Standard,Annual,522,22,0
8225,53,Male,20,19,10,27,Standard,Quarterly,609,27,0
8226,63,Female,49,16,2,13,Basic,Quarterly,341,25,0
8227,45,Female,38,9,5,23,Standard,Monthly,782,21,1
8228,35,Female,43,4,5,14,Standard,Quarterly,942,3,0
8229,49,Male,1,24,4,21,Basic,Quarterly,335,16,0
8230,48,Female,31,29,0,12,Standard,Monthly,109,20,0
8231,27,Male,37,4,9,20,Basic,Quarterly,972,16,1
8232,65,Female,6,10,8,9,Premium,Quarterly,959,14,0
8233,20,Female,2,5,6,12,Premium,Monthly,815,20,0
8234,58,Male,22,23,3,11,Basic,Annual,820,21,0
8235,20,Female,6,22,0,27,Standard,Monthly,946,28,1
8236,43,Male,56,3,6,18,Premium,Quarterly,674,14,1
8237,23,Male,48,27,2,2,Standard,Quarterly,471,11,0
8238,36,Female,14,22,2,15,Premium,Quarterly,325,22,0
8239,35,Male,16,21,5,26,Standard,Annual,831,15,0
8240,46,Female,31,14,8,9,Standard,Quarterly,801,5,0
8241,60,Male,7,16,2,14,Standard,Annual,537,12,0
8242,41,Male,28,16,5,10,Basic,Monthly,507,11,0
8243,46,Male,26,10,2,13,Basic,Monthly,888,22,0
8244,35,Female,16,21,5,6,Standard,Quarterly,721,14,0
8245,44,Male,44,18,7,26,Standard,Annual,697,6,1
8246,34,Female,57,27,3,6,Basic,Annual,271,17,0
8247,36,Male,53,11,7,14,Premium,Monthly,649,21,0
8248,20,Male,49,30,8,20,Standard,Monthly,837,13,1
8249,36,Male,13,21,9,11,Basic,Monthly,950,30,0
8250,24,Female,5,27,6,17,Standard,Quarterly,450,24,0
8251,61,Female,22,22,8,16,Premium,Monthly,525,1,0
8252,24,Female,58,25,5,7,Basic,Monthly,380,10,0
8253,57,Male,31,23,7,24,Standard,Monthly,254,14,1
8254,41,Female,4,10,6,1,Standard,Monthly,242,3,0
8255,42,Female,10,11,4,21,Premium,Annual,190,2,1
8256,27,Male,47,22,10,11,Premium,Annual,308,19,0
8257,19,Female,10,29,0,25,Basic,Annual,959,9,0
8258,22,Male,51,14,7,16,Premium,Quarterly,350,17,1
8259,30,Male,7,21,1,27,Premium,Monthly,130,17,0
8260,56,Male,10,17,9,5,Standard,Monthly,323,8,0
8261,24,Male,59,30,7,2,Standard,Monthly,401,21,0
8262,62,Female,57,25,4,12,Basic,Annual,703,29,0
8263,43,Female,13,5,6,19,Basic,Monthly,223,4,0
8264,33,Male,36,13,1,19,Standard,Quarterly,863,2,0
8265,19,Male,49,25,10,7,Premium,Annual,319,22,0
8266,34,Female,45,28,9,9,Premium,Monthly,301,17,0
8267,49,Male,4,6,1,26,Basic,Monthly,517,20,0
8268,36,Male,19,18,6,15,Basic,Quarterly,224,3,0
8269,39,Female,54,26,10,27,Basic,Monthly,780,20,1
8270,56,Male,19,19,5,24,Standard,Annual,158,15,0
8271,26,Male,44,24,5,16,Standard,Quarterly,507,7,1
8272,27,Male,57,17,4,3,Premium,Annual,386,6,0
8273,37,Male,7,18,2,23,Standard,Monthly,345,12,0
8274,50,Male,20,19,1,3,Premium,Monthly,324,30,0
8275,24,Male,19,22,6,12,Standard,Quarterly,929,26,0
8276,44,Female,29,23,0,12,Premium,Quarterly,969,1,0
8277,20,Female,28,17,1,4,Premium,Annual,343,11,0
8278,65,Female,27,14,8,14,Standard,Monthly,198,1,0
8279,44,Male,35,11,0,18,Premium,Annual,352,27,0
8280,38,Female,42,1,2,17,Basic,Quarterly,919,29,0
8281,49,Male,46,12,0,0,Premium,Annual,757,18,0
8282,35,Male,54,24,0,1,Premium,Annual,278,8,0
8283,26,Female,4,14,9,17,Standard,Quarterly,986,24,0
8284,18,Male,31,11,0,30,Standard,Quarterly,668,11,0
8285,34,Female,54,22,6,9,Standard,Annual,890,18,0
8286,57,Female,23,20,5,25,Basic,Monthly,613,30,1
8287,31,Female,12,8,7,11,Premium,Quarterly,455,15,0
8288,61,Male,33,28,10,18,Basic,Annual,446,23,1
8289,26,Female,12,15,8,13,Basic,Quarterly,144,25,0
8290,59,Female,11,3,3,1,Standard,Quarterly,419,5,0
8291,38,Male,40,20,7,17,Standard,Monthly,204,6,1
8292,53,Female,28,19,6,1,Premium,Monthly,852,27,0
8293,20,Female,20,6,9,12,Standard,Annual,602,18,0
8294,59,Female,41,24,5,2,Standard,Quarterly,791,24,0
8295,44,Male,11,19,3,24,Basic,Quarterly,306,11,0
8296,32,Female,26,19,7,12,Premium,Annual,156,2,0
8297,55,Male,32,27,2,2,Basic,Monthly,873,6,0
8298,46,Female,53,12,0,1,Premium,Annual,536,19,0
8299,65,Female,38,5,4,28,Basic,Quarterly,201,29,1
8300,28,Male,11,26,5,3,Standard,Monthly,942,3,0
8301,20,Male,45,3,10,29,Premium,Quarterly,785,26,1
8302,24,Female,44,1,4,27,Premium,Annual,823,12,0
8303,29,Male,56,13,1,29,Premium,Annual,715,12,0
8304,58,Female,60,24,8,13,Premium,Monthly,768,13,0
8305,51,Male,54,15,0,8,Premium,Annual,510,19,0
8306,23,Male,38,23,4,3,Standard,Quarterly,451,10,0
8307,48,Female,23,13,8,15,Premium,Annual,427,23,0
8308,23,Female,22,28,6,4,Standard,Quarterly,854,5,0
8309,38,Male,8,30,0,3,Premium,Monthly,606,8,0
8310,27,Female,3,4,7,14,Premium,Monthly,830,5,0
8311,22,Male,5,22,5,27,Standard,Annual,489,14,0
8312,52,Male,12,19,5,22,Premium,Monthly,867,21,0
8313,25,Male,22,30,6,21,Basic,Quarterly,182,7,0
8314,58,Female,56,24,6,28,Basic,Annual,875,21,1
8315,44,Female,59,1,3,29,Basic,Quarterly,881,4,0
8316,55,Male,4,26,9,30,Basic,Quarterly,347,28,0
8317,23,Female,55,7,7,23,Standard,Annual,888,8,1
8318,47,Male,33,14,3,20,Basic,Monthly,297,9,0
8319,44,Male,40,5,8,8,Basic,Monthly,454,30,0
8320,53,Male,38,21,3,9,Premium,Annual,554,18,0
8321,28,Female,9,17,0,0,Basic,Monthly,332,18,0
8322,29,Male,25,6,9,15,Premium,Quarterly,939,22,0
8323,34,Female,56,8,2,0,Premium,Monthly,945,15,0
8324,21,Male,52,10,2,0,Premium,Quarterly,392,24,0
8325,31,Female,59,26,7,19,Premium,Annual,148,8,1
8326,30,Male,44,4,10,23,Basic,Quarterly,563,25,1
8327,35,Male,42,19,10,21,Basic,Quarterly,674,7,1
8328,47,Female,23,16,2,7,Standard,Monthly,551,17,0
8329,29,Female,28,14,3,2,Standard,Monthly,277,14,0
8330,46,Male,7,26,0,4,Premium,Monthly,965,3,0
8331,49,Female,7,11,8,7,Basic,Quarterly,806,17,0
8332,33,Female,40,11,6,15,Standard,Monthly,971,7,0
8333,24,Male,13,7,2,18,Basic,Quarterly,719,16,0
8334,31,Female,29,17,6,13,Standard,Quarterly,753,6,0
8335,38,Male,59,20,4,21,Standard,Annual,421,27,0
8336,53,Male,52,1,6,21,Basic,Monthly,906,30,1
8337,42,Female,36,8,5,8,Standard,Monthly,584,1,0
8338,37,Female,42,30,4,19,Premium,Annual,315,21,0
8339,56,Male,13,1,0,23,Basic,Quarterly,976,20,0
8340,22,Male,15,20,8,23,Standard,Monthly,133,23,0
8341,43,Female,48,9,8,6,Basic,Quarterly,872,2,0
8342,48,Female,4,2,5,17,Basic,Monthly,851,27,1
8343,31,Female,7,2,4,29,Standard,Annual,293,14,1
8344,22,Female,6,23,6,5,Premium,Annual,402,26,0
8345,65,Female,26,26,3,0,Premium,Monthly,267,30,0
8346,65,Female,2,3,8,30,Premium,Annual,782,8,1
8347,28,Female,5,28,5,12,Basic,Annual,451,22,0
8348,36,Female,26,6,4,2,Basic,Annual,841,2,0
8349,29,Female,40,5,2,20,Premium,Quarterly,749,29,0
8350,43,Male,19,2,1,25,Basic,Monthly,263,5,0
8351,53,Female,59,1,5,8,Standard,Monthly,761,18,1
8352,32,Female,40,10,1,7,Premium,Monthly,508,14,0
8353,24,Female,38,19,7,1,Basic,Annual,533,18,0
8354,57,Female,20,23,1,26,Basic,Monthly,356,6,1
8355,57,Female,9,7,1,27,Standard,Annual,980,6,0
8356,56,Male,51,11,8,11,Premium,Quarterly,658,25,0
8357,27,Male,30,5,5,0,Standard,Quarterly,813,8,0
8358,21,Male,53,1,3,5,Standard,Annual,760,23,0
8359,28,Male,36,27,3,24,Premium,Quarterly,761,4,0
8360,47,Male,56,17,6,10,Premium,Monthly,925,6,0
8361,42,Female,25,4,9,7,Standard,Monthly,664,10,0
8362,34,Female,7,21,2,2,Standard,Annual,722,25,0
8363,47,Male,30,13,8,22,Standard,Annual,801,13,1
8364,24,Female,21,11,2,19,Basic,Monthly,978,15,0
8365,51,Male,24,20,2,8,Basic,Annual,338,7,0
8366,47,Male,25,3,8,1,Basic,Annual,154,3,0
8367,60,Female,51,15,2,12,Premium,Annual,881,24,0
8368,53,Male,36,28,5,3,Standard,Monthly,109,13,0
8369,57,Male,38,15,5,21,Premium,Quarterly,785,2,1
8370,44,Male,8,26,8,28,Standard,Quarterly,416,1,0
8371,58,Female,42,29,9,28,Standard,Monthly,257,11,1
8372,32,Male,34,30,10,25,Premium,Annual,489,29,1
8373,35,Female,53,16,4,13,Basic,Annual,959,19,0
8374,28,Male,58,11,10,0,Basic,Monthly,959,16,0
8375,60,Female,60,1,1,24,Basic,Quarterly,627,26,0
8376,51,Male,29,8,7,26,Standard,Quarterly,512,30,1
8377,47,Male,31,29,3,8,Basic,Monthly,566,15,0
8378,25,Male,23,28,1,9,Premium,Annual,586,11,0
8379,52,Female,51,25,1,0,Basic,Monthly,583,1,0
8380,54,Female,20,19,7,3,Premium,Annual,591,16,0
8381,50,Male,40,11,9,7,Basic,Monthly,603,6,0
8382,19,Male,16,15,1,26,Standard,Quarterly,968,5,0
8383,39,Female,35,10,6,26,Premium,Quarterly,130,7,1
8384,28,Male,41,17,6,29,Premium,Monthly,203,24,1
8385,36,Male,21,21,0,17,Standard,Quarterly,950,11,0
8386,30,Female,17,17,4,11,Basic,Annual,543,7,0
8387,39,Male,15,4,7,10,Basic,Annual,921,4,0
8388,38,Male,31,1,7,20,Basic,Annual,608,22,1
8389,60,Female,27,24,0,3,Premium,Monthly,826,19,0
8390,53,Male,48,8,4,28,Standard,Monthly,808,6,0
8391,35,Female,53,10,6,13,Premium,Monthly,217,17,0
8392,44,Female,11,29,10,1,Basic,Annual,971,25,0
8393,26,Female,17,27,1,20,Premium,Quarterly,167,5,0
8394,53,Male,41,1,4,9,Premium,Quarterly,577,28,1
8395,50,Male,45,27,6,25,Standard,Quarterly,789,16,1
8396,31,Male,48,21,4,6,Standard,Annual,112,9,0
8397,19,Female,36,21,10,22,Basic,Quarterly,374,4,1
8398,18,Female,8,23,1,3,Basic,Quarterly,445,13,0
8399,20,Male,11,10,7,25,Basic,Annual,983,11,0
8400,39,Female,38,19,2,10,Standard,Annual,735,21,0
8401,25,Male,16,16,0,26,Standard,Quarterly,979,10,0
8402,57,Male,37,15,0,29,Premium,Monthly,377,3,0
8403,54,Female,44,18,9,18,Premium,Monthly,857,27,1
8404,64,Male,36,4,8,29,Premium,Annual,288,15,1
8405,41,Female,41,12,1,14,Basic,Monthly,801,7,0
8406,34,Male,30,7,5,28,Standard,Monthly,158,13,1
8407,51,Male,60,9,9,25,Premium,Monthly,947,9,1
8408,56,Male,9,17,10,14,Basic,Quarterly,768,19,0
8409,45,Male,55,4,0,25,Basic,Quarterly,167,25,0
8410,38,Male,59,2,3,1,Basic,Quarterly,974,22,0
8411,18,Male,18,1,5,28,Standard,Annual,973,7,0
8412,33,Male,50,5,6,1,Basic,Annual,893,21,0
8413,40,Male,17,30,6,10,Standard,Monthly,526,1,0
8414,25,Female,30,23,8,2,Basic,Monthly,795,24,0
8415,21,Female,40,4,1,4,Standard,Quarterly,112,23,0
8416,52,Female,41,6,10,5,Standard,Annual,609,2,0
8417,35,Female,19,2,2,5,Basic,Monthly,411,13,0
8418,34,Male,54,10,6,13,Premium,Quarterly,809,26,0
8419,27,Male,45,5,8,7,Premium,Quarterly,602,16,0
8420,37,Male,16,24,9,12,Basic,Quarterly,962,16,0
8421,57,Male,28,22,10,17,Basic,Annual,624,15,1
8422,20,Male,41,9,7,8,Basic,Annual,839,1,0
8423,51,Female,4,4,5,14,Standard,Annual,199,1,1
8424,27,Male,51,19,5,21,Basic,Annual,713,11,1
8425,56,Male,46,30,4,10,Premium,Monthly,904,11,0
8426,36,Female,25,30,10,14,Standard,Annual,995,11,0
8427,43,Female,33,22,8,0,Basic,Annual,681,5,0
8428,18,Male,4,17,3,27,Premium,Annual,271,27,0
8429,52,Female,42,1,7,7,Premium,Monthly,943,29,1
8430,59,Female,46,10,2,26,Basic,Monthly,979,21,1
8431,63,Male,35,5,10,16,Standard,Monthly,830,6,1
8432,25,Female,14,14,10,6,Premium,Monthly,860,22,0
8433,48,Female,42,18,3,13,Standard,Monthly,156,1,0
8434,62,Female,59,19,2,2,Premium,Quarterly,804,16,0
8435,32,Female,7,23,4,5,Premium,Annual,770,25,0
8436,28,Male,7,30,7,3,Standard,Monthly,593,1,0
8437,63,Male,16,10,8,18,Premium,Annual,699,10,0
8438,38,Male,50,12,4,18,Standard,Annual,552,15,0
8439,37,Female,15,8,10,29,Premium,Annual,603,1,0
8440,33,Male,20,16,5,1,Premium,Annual,978,24,0
8441,32,Female,20,23,7,11,Basic,Monthly,334,6,0
8442,44,Female,23,10,5,17,Premium,Monthly,496,5,0
8443,48,Male,17,12,3,19,Basic,Annual,521,24,0
8444,55,Female,35,8,7,10,Premium,Quarterly,368,18,0
8445,26,Female,41,27,2,12,Premium,Annual,742,12,0
8446,56,Female,36,9,2,29,Premium,Quarterly,184,29,1
8447,48,Female,59,7,1,28,Standard,Quarterly,179,24,1
8448,19,Male,19,24,5,29,Premium,Quarterly,558,18,0
8449,29,Female,15,9,7,9,Standard,Monthly,622,11,0
8450,37,Female,2,3,3,24,Premium,Quarterly,628,19,0
8451,52,Female,37,28,0,25,Premium,Annual,394,20,1
8452,25,Male,54,2,1,16,Premium,Quarterly,511,27,0
8453,48,Male,59,4,7,28,Premium,Annual,118,13,1
8454,61,Male,13,29,0,8,Basic,Quarterly,788,18,0
8455,29,Female,23,1,5,3,Standard,Quarterly,759,11,0
8456,39,Male,52,21,2,12,Premium,Quarterly,992,13,0
8457,33,Male,19,5,9,15,Premium,Monthly,931,4,0
8458,22,Male,28,5,8,13,Premium,Quarterly,855,11,0
8459,28,Male,29,30,9,20,Standard,Annual,437,3,1
8460,41,Female,34,3,8,19,Basic,Monthly,119,17,1
8461,29,Female,6,17,3,10,Basic,Annual,162,23,0
8462,55,Male,58,17,8,16,Basic,Monthly,591,29,1
8463,49,Male,29,23,8,29,Basic,Quarterly,931,6,1
8464,64,Female,14,30,6,15,Standard,Monthly,477,27,0
8465,29,Male,54,28,7,15,Standard,Monthly,285,1,0
8466,52,Female,43,23,6,27,Standard,Annual,295,5,1
8467,34,Female,18,13,9,11,Basic,Quarterly,709,18,0
8468,42,Female,22,20,3,14,Basic,Quarterly,804,2,0
8469,53,Female,8,26,3,1,Premium,Quarterly,590,10,0
8470,31,Male,38,17,5,15,Basic,Annual,344,15,0
8471,45,Female,47,28,4,4,Standard,Quarterly,573,2,0
8472,38,Male,45,16,3,14,Standard,Annual,944,12,0
8473,38,Male,56,19,0,24,Basic,Annual,446,11,0
8474,65,Male,20,26,5,27,Basic,Monthly,499,22,0
8475,54,Female,3,12,8,24,Premium,Monthly,439,14,1
8476,64,Male,45,1,5,28,Basic,Annual,293,23,1
8477,20,Male,30,24,1,4,Basic,Monthly,895,13,0
8478,51,Male,22,13,1,11,Standard,Monthly,546,16,0
8479,51,Male,23,29,6,19,Premium,Quarterly,827,14,0
8480,50,Female,21,26,10,27,Basic,Annual,960,7,0
8481,18,Female,16,11,10,5,Standard,Annual,749,18,0
8482,30,Female,48,22,5,21,Standard,Annual,698,20,1
8483,18,Male,15,27,0,25,Standard,Monthly,398,15,0
8484,50,Male,18,20,3,26,Premium,Annual,599,26,0
8485,45,Female,5,1,4,17,Basic,Quarterly,144,25,1
8486,62,Female,22,4,6,29,Standard,Monthly,340,1,1
8487,44,Male,20,20,4,11,Premium,Annual,689,20,0
8488,30,Male,24,11,0,2,Premium,Monthly,398,18,0
8489,22,Male,10,7,10,30,Premium,Quarterly,343,10,0
8490,35,Male,57,21,6,7,Standard,Monthly,443,19,0
8491,62,Female,58,30,10,28,Standard,Annual,145,24,1
8492,57,Male,41,30,7,30,Premium,Annual,959,9,1
8493,44,Male,30,10,10,27,Standard,Annual,653,29,1
8494,35,Female,27,27,0,12,Standard,Monthly,419,15,0
8495,22,Female,44,15,0,30,Premium,Monthly,398,20,1
8496,23,Male,41,7,6,9,Premium,Quarterly,580,21,0
8497,60,Female,31,16,4,24,Standard,Quarterly,686,8,0
8498,47,Male,19,19,4,0,Premium,Annual,991,22,0
8499,52,Male,32,11,0,16,Premium,Quarterly,196,22,0
8500,21,Male,15,1,10,20,Standard,Monthly,150,5,0
8501,55,Male,14,7,9,13,Basic,Monthly,490,18,0
8502,55,Female,49,9,3,5,Basic,Annual,934,24,0
8503,63,Female,47,27,7,16,Standard,Annual,633,14,1
8504,24,Male,25,16,3,5,Standard,Monthly,431,26,0
8505,63,Female,44,28,5,30,Basic,Quarterly,458,19,1
8506,57,Male,39,26,7,23,Premium,Monthly,160,20,1
8507,34,Female,45,16,9,15,Premium,Quarterly,582,11,0
8508,38,Female,16,24,5,30,Premium,Quarterly,704,7,0
8509,24,Female,57,22,10,22,Basic,Annual,258,22,1
8510,54,Female,39,22,2,29,Basic,Annual,155,13,1
8511,32,Female,52,23,7,27,Premium,Annual,394,7,1
8512,38,Female,28,26,0,24,Standard,Quarterly,757,10,0
8513,26,Female,20,10,8,14,Basic,Annual,607,23,0
8514,21,Female,25,18,4,23,Premium,Annual,584,23,0
8515,63,Female,14,15,10,2,Premium,Quarterly,333,12,0
8516,54,Male,16,29,0,30,Basic,Quarterly,832,21,0
8517,36,Male,47,2,1,1,Premium,Monthly,420,26,0
8518,37,Female,55,11,2,14,Basic,Monthly,165,7,0
8519,30,Female,35,23,9,26,Basic,Annual,913,30,1
8520,36,Female,17,9,3,29,Standard,Quarterly,771,30,0
8521,65,Male,60,16,6,1,Standard,Monthly,117,9,0
8522,55,Female,26,12,4,5,Basic,Annual,115,27,0
8523,61,Female,7,22,7,21,Premium,Annual,456,28,1
8524,40,Male,45,23,0,23,Premium,Monthly,760,4,0
8525,25,Male,13,29,1,29,Standard,Monthly,889,19,0
8526,33,Male,36,28,8,28,Premium,Annual,910,6,1
8527,34,Female,30,1,1,16,Premium,Monthly,322,2,0
8528,24,Female,25,8,0,24,Standard,Monthly,751,22,1
8529,53,Male,36,10,3,19,Premium,Quarterly,588,10,0
8530,35,Female,30,21,4,30,Standard,Quarterly,884,26,0
8531,33,Female,56,19,4,6,Premium,Annual,302,19,0
8532,41,Female,15,8,7,19,Basic,Quarterly,390,2,0
8533,49,Male,13,28,5,5,Standard,Annual,867,9,0
8534,23,Female,47,24,3,10,Basic,Quarterly,419,20,0
8535,65,Female,45,4,5,18,Standard,Monthly,261,27,1
8536,56,Female,21,14,8,24,Basic,Quarterly,380,9,1
8537,41,Male,6,13,0,19,Standard,Annual,261,16,0
8538,38,Female,4,24,3,15,Standard,Monthly,673,6,0
8539,31,Female,22,14,7,0,Standard,Monthly,221,27,0
8540,27,Male,21,24,10,3,Basic,Quarterly,116,24,0
8541,65,Male,21,24,6,17,Premium,Annual,608,19,0
8542,52,Female,39,30,7,14,Basic,Quarterly,841,12,0
8543,38,Male,59,17,6,27,Standard,Monthly,215,3,1
8544,19,Female,4,6,8,4,Premium,Annual,541,25,0
8545,53,Female,55,28,0,27,Standard,Monthly,879,22,1
8546,18,Male,31,25,7,29,Basic,Quarterly,503,9,1
8547,21,Male,58,2,7,27,Premium,Quarterly,492,20,1
8548,32,Male,26,9,2,15,Basic,Quarterly,441,25,0
8549,62,Female,21,23,0,21,Standard,Monthly,300,22,1
8550,40,Female,22,12,4,6,Standard,Monthly,796,20,0
8551,27,Male,6,11,5,30,Basic,Quarterly,330,30,0
8552,44,Female,24,25,5,6,Basic,Annual,217,8,0
8553,34,Male,26,17,5,5,Basic,Quarterly,815,11,0
8554,54,Female,20,3,2,1,Standard,Quarterly,635,17,0
8555,29,Female,10,6,0,10,Standard,Monthly,544,9,0
8556,22,Female,23,18,2,12,Basic,Quarterly,973,20,0
8557,18,Female,4,22,0,3,Basic,Quarterly,563,12,0
8558,65,Male,59,30,3,15,Basic,Annual,589,7,0
8559,49,Male,24,26,3,18,Standard,Annual,296,20,0
8560,37,Male,6,26,10,3,Basic,Monthly,801,1,0
8561,24,Male,39,5,10,3,Standard,Monthly,422,5,0
8562,33,Female,16,16,7,1,Standard,Quarterly,320,26,0
8563,28,Male,1,21,3,8,Standard,Quarterly,872,7,0
8564,19,Male,55,10,10,4,Basic,Annual,587,27,0
8565,36,Male,42,7,5,8,Standard,Annual,285,10,0
8566,36,Female,44,26,6,2,Basic,Quarterly,508,2,0
8567,32,Male,13,24,10,12,Premium,Annual,116,22,0
8568,25,Female,52,8,10,8,Premium,Monthly,778,24,0
8569,19,Female,30,28,10,19,Basic,Monthly,359,17,1
8570,57,Male,32,28,7,0,Standard,Annual,523,19,0
8571,58,Female,41,18,7,3,Premium,Quarterly,982,6,0
8572,64,Female,6,16,5,18,Basic,Annual,902,20,0
8573,44,Female,7,14,0,21,Standard,Monthly,494,16,1
8574,48,Female,26,29,7,16,Standard,Monthly,113,7,1
8575,57,Male,56,27,3,16,Premium,Annual,310,8,0
8576,57,Male,50,11,1,20,Basic,Annual,131,25,0
8577,28,Female,26,6,5,1,Basic,Annual,759,28,0
8578,42,Male,3,19,7,22,Standard,Annual,118,13,0
8579,30,Male,30,7,6,25,Standard,Quarterly,556,6,1
8580,45,Male,19,8,3,2,Premium,Monthly,334,26,0
8581,52,Male,18,20,9,23,Standard,Monthly,299,25,0
8582,58,Female,16,13,3,15,Standard,Annual,616,10,0
8583,36,Male,2,11,10,18,Basic,Quarterly,604,21,0
8584,26,Female,52,6,7,5,Basic,Quarterly,957,21,0
8585,37,Male,5,14,4,30,Standard,Monthly,951,29,0
8586,23,Male,4,9,1,27,Standard,Monthly,357,3,0
8587,54,Female,7,7,3,17,Basic,Quarterly,336,14,0
8588,47,Male,42,30,1,3,Basic,Annual,941,16,0
8589,36,Female,49,25,8,20,Basic,Monthly,117,30,1
8590,38,Male,17,27,5,28,Premium,Monthly,619,14,0
8591,65,Male,38,8,1,11,Standard,Monthly,603,20,0
8592,41,Male,10,22,0,12,Premium,Annual,472,14,0
8593,26,Female,47,22,5,23,Premium,Quarterly,233,24,1
8594,55,Male,34,17,4,21,Basic,Annual,700,2,0
8595,38,Female,7,15,10,10,Basic,Quarterly,286,12,0
8596,21,Female,33,3,9,4,Basic,Monthly,427,22,0
8597,29,Male,33,19,2,11,Standard,Quarterly,531,22,0
8598,63,Female,34,30,7,0,Basic,Annual,645,24,0
8599,22,Male,20,26,7,9,Standard,Monthly,117,26,0
8600,57,Female,10,16,0,6,Basic,Annual,500,25,0
8601,58,Male,26,20,0,23,Basic,Quarterly,795,8,0
8602,30,Female,1,23,2,29,Basic,Annual,691,2,0
8603,26,Female,23,27,3,27,Basic,Quarterly,554,19,0
8604,57,Male,46,8,6,30,Premium,Quarterly,264,11,1
8605,33,Male,16,2,1,9,Standard,Annual,662,28,0
8606,37,Male,24,28,4,29,Basic,Quarterly,747,5,0
8607,35,Male,58,17,7,0,Premium,Annual,736,27,0
8608,27,Female,10,9,0,29,Standard,Annual,352,6,1
8609,34,Male,58,6,3,28,Standard,Quarterly,701,7,0
8610,64,Female,29,3,8,12,Basic,Annual,916,4,1
8611,65,Male,3,13,4,6,Basic,Annual,871,11,0
8612,38,Female,56,20,5,7,Standard,Quarterly,970,25,0
8613,35,Male,21,16,4,29,Premium,Quarterly,820,23,0
8614,38,Male,34,18,4,9,Standard,Quarterly,787,3,0
8615,43,Male,43,8,3,30,Standard,Quarterly,266,5,0
8616,38,Male,52,2,10,15,Premium,Annual,424,26,0
8617,22,Male,60,20,5,29,Premium,Quarterly,617,9,1
8618,65,Male,35,12,3,0,Premium,Monthly,476,11,0
8619,38,Female,16,3,9,21,Premium,Annual,740,12,0
8620,63,Female,4,29,2,27,Standard,Annual,420,2,1
8621,55,Female,60,21,5,1,Premium,Monthly,931,16,0
8622,21,Female,17,24,6,0,Standard,Quarterly,307,3,0
8623,47,Male,22,1,8,17,Premium,Quarterly,634,12,0
8624,47,Male,56,17,9,30,Basic,Monthly,909,22,1
8625,65,Male,9,1,3,21,Basic,Monthly,124,16,0
8626,18,Female,15,21,3,15,Premium,Monthly,999,14,0
8627,31,Female,20,24,2,19,Premium,Quarterly,188,25,0
8628,19,Female,14,24,10,22,Basic,Annual,474,3,1
8629,59,Male,3,1,0,22,Premium,Annual,583,1,1
8630,63,Male,27,25,0,9,Basic,Quarterly,252,13,0
8631,45,Female,3,28,8,7,Basic,Annual,167,29,0
8632,35,Male,16,30,8,24,Standard,Annual,373,3,0
8633,24,Female,13,12,5,16,Standard,Quarterly,460,15,0
8634,53,Female,17,28,4,11,Standard,Monthly,711,25,0
8635,41,Male,48,22,9,2,Premium,Quarterly,193,2,0
8636,26,Female,33,28,7,8,Premium,Quarterly,338,12,0
8637,52,Female,46,5,8,8,Premium,Monthly,761,1,1
8638,64,Male,31,29,6,5,Premium,Monthly,283,21,0
8639,39,Female,34,3,5,6,Standard,Annual,831,29,0
8640,44,Male,43,18,6,21,Standard,Monthly,343,25,1
8641,36,Female,25,17,0,9,Premium,Monthly,143,11,0
8642,41,Female,46,19,9,16,Standard,Monthly,108,23,1
8643,50,Female,13,9,8,3,Standard,Monthly,887,1,0
8644,34,Female,56,30,5,5,Premium,Annual,799,20,0
8645,28,Female,57,20,2,20,Standard,Annual,114,7,0
8646,51,Male,43,23,1,17,Standard,Quarterly,531,11,0
8647,24,Male,43,17,1,30,Basic,Quarterly,874,7,0
8648,47,Male,15,19,9,24,Basic,Monthly,191,1,0
8649,42,Male,3,5,4,17,Standard,Quarterly,367,28,0
8650,20,Female,43,10,5,21,Standard,Monthly,743,24,1
8651,29,Male,17,24,7,14,Basic,Annual,115,22,0
8652,43,Female,31,30,10,23,Basic,Monthly,253,27,1
8653,26,Female,26,2,7,4,Basic,Annual,482,6,0
8654,29,Male,13,16,0,27,Premium,Annual,699,25,0
8655,56,Female,39,3,7,2,Standard,Annual,333,4,1
8656,47,Female,43,10,2,24,Basic,Monthly,416,19,1
8657,38,Female,40,27,9,17,Premium,Annual,560,18,1
8658,40,Female,21,18,4,9,Basic,Monthly,409,2,0
8659,58,Male,1,3,0,27,Standard,Quarterly,923,1,0
8660,64,Male,23,30,10,28,Basic,Quarterly,529,15,0
8661,32,Male,29,20,0,13,Basic,Monthly,581,9,0
8662,44,Female,18,26,7,13,Standard,Annual,792,3,0
8663,49,Male,40,21,6,25,Standard,Quarterly,597,27,1
8664,62,Female,12,8,8,28,Standard,Monthly,913,16,1
8665,32,Female,16,4,2,25,Standard,Quarterly,297,27,1
8666,50,Female,42,26,3,1,Premium,Annual,599,12,0
8667,58,Female,33,30,0,13,Premium,Annual,395,23,0
8668,45,Male,6,16,6,23,Basic,Quarterly,680,1,0
8669,58,Female,36,5,3,27,Basic,Monthly,683,6,1
8670,28,Female,9,12,8,17,Standard,Annual,426,24,0
8671,24,Male,32,28,5,10,Basic,Quarterly,919,26,0
8672,37,Male,37,24,10,7,Standard,Monthly,655,7,0
8673,20,Female,45,25,0,25,Standard,Annual,860,11,0
8674,28,Male,51,1,1,10,Premium,Quarterly,714,1,0
8675,51,Female,20,28,4,3,Basic,Monthly,628,23,0
8676,49,Male,25,24,3,25,Premium,Monthly,695,17,0
8677,48,Female,3,23,1,12,Standard,Quarterly,969,16,0
8678,36,Male,23,10,8,29,Basic,Monthly,594,23,0
8679,65,Male,38,30,10,23,Premium,Monthly,613,4,1
8680,27,Female,43,18,5,24,Premium,Monthly,256,26,1
8681,18,Female,10,24,5,10,Premium,Quarterly,578,21,0
8682,43,Male,44,21,2,13,Premium,Annual,777,11,0
8683,36,Female,9,26,3,16,Standard,Quarterly,890,1,0
8684,46,Male,3,3,2,9,Standard,Quarterly,521,24,0
8685,65,Female,50,29,6,13,Premium,Quarterly,211,7,0
8686,28,Male,53,12,2,22,Basic,Quarterly,865,24,0
8687,31,Male,36,8,4,14,Basic,Annual,294,8,0
8688,65,Female,17,16,3,10,Premium,Monthly,665,20,0
8689,57,Female,16,22,2,4,Standard,Annual,159,4,0
8690,57,Female,5,6,4,13,Standard,Quarterly,211,6,0
8691,46,Female,25,13,0,13,Premium,Monthly,443,14,0
8692,55,Male,34,14,8,29,Premium,Monthly,610,25,1
8693,55,Male,36,18,6,0,Basic,Monthly,415,30,0
8694,40,Male,23,18,3,26,Basic,Annual,527,25,0
8695,56,Male,27,18,1,18,Premium,Annual,595,16,0
8696,42,Female,56,23,2,12,Standard,Annual,129,27,0
8697,60,Female,16,8,9,14,Basic,Annual,922,2,0
8698,20,Male,49,27,7,7,Basic,Annual,547,20,0
8699,35,Male,12,24,3,5,Premium,Monthly,665,14,0
8700,18,Female,41,12,0,6,Premium,Quarterly,822,4,0
8701,59,Male,49,9,9,10,Basic,Monthly,113,14,0
8702,23,Male,4,12,10,6,Standard,Annual,665,25,0
8703,39,Female,46,19,8,28,Standard,Annual,230,25,1
8704,38,Male,57,6,9,19,Standard,Annual,352,2,1
8705,47,Male,56,9,1,25,Basic,Annual,917,23,0
8706,46,Female,57,26,4,12,Premium,Annual,148,8,0
8707,55,Male,2,24,1,23,Standard,Monthly,312,6,0
8708,60,Female,29,24,4,7,Basic,Monthly,480,6,0
8709,36,Male,6,22,6,10,Standard,Annual,191,2,0
8710,39,Male,38,25,3,13,Standard,Monthly,209,27,0
8711,32,Male,6,10,8,13,Basic,Quarterly,535,17,0
8712,33,Female,42,26,10,3,Premium,Annual,549,20,0
8713,59,Female,5,10,3,14,Premium,Monthly,874,13,0
8714,50,Male,13,19,6,17,Premium,Monthly,857,19,0
8715,30,Male,9,30,0,17,Premium,Annual,757,7,0
8716,45,Male,18,22,2,25,Premium,Annual,363,25,0
8717,45,Female,53,20,8,9,Standard,Quarterly,251,28,0
8718,19,Male,10,1,1,9,Basic,Annual,304,11,1
8719,55,Female,39,2,0,1,Premium,Quarterly,869,17,0
8720,18,Male,9,11,10,5,Basic,Monthly,969,19,0
8721,43,Female,24,29,7,8,Premium,Annual,799,1,0
8722,23,Female,41,19,7,11,Basic,Quarterly,448,30,0
8723,61,Female,12,4,3,21,Standard,Annual,557,26,0
8724,58,Male,60,18,1,11,Standard,Quarterly,718,11,0
8725,18,Female,36,19,2,25,Standard,Annual,275,22,1
8726,65,Male,35,18,7,6,Standard,Annual,845,15,0
8727,24,Female,5,13,8,12,Basic,Quarterly,176,30,0
8728,26,Female,59,24,8,26,Standard,Annual,875,23,1
8729,48,Male,38,12,1,29,Premium,Annual,256,18,0
8730,32,Male,48,28,8,6,Standard,Quarterly,483,7,0
8731,40,Female,45,16,6,8,Premium,Monthly,170,21,0
8732,41,Female,40,29,9,23,Standard,Annual,184,15,1
8733,61,Male,50,10,3,13,Standard,Monthly,604,16,0
8734,40,Female,39,18,2,17,Standard,Monthly,290,19,0
8735,24,Female,44,16,10,19,Basic,Monthly,175,11,1
8736,32,Female,45,19,2,2,Basic,Quarterly,315,30,0
8737,51,Female,36,13,6,30,Premium,Quarterly,163,29,1
8738,50,Female,15,28,4,20,Standard,Monthly,585,22,0
8739,28,Male,9,11,6,27,Basic,Annual,106,13,0
8740,42,Female,9,18,7,22,Standard,Monthly,126,24,1
8741,45,Female,16,21,7,23,Premium,Annual,890,23,0
8742,64,Male,49,15,9,2,Standard,Monthly,660,20,0
8743,50,Female,60,19,10,1,Premium,Annual,800,6,0
8744,30,Male,30,20,8,18,Standard,Monthly,831,4,1
8745,26,Male,17,29,9,14,Basic,Annual,626,30,0
8746,26,Female,23,15,2,25,Standard,Annual,559,7,0
8747,28,Female,16,29,0,15,Standard,Annual,803,24,0
8748,39,Male,56,4,4,19,Basic,Quarterly,663,8,0
8749,40,Male,2,8,9,21,Basic,Quarterly,725,2,0
8750,57,Male,14,7,6,30,Standard,Annual,839,7,0
8751,29,Male,20,27,2,10,Basic,Quarterly,936,11,0
8752,39,Female,53,25,8,30,Premium,Quarterly,180,7,1
8753,29,Female,28,17,0,23,Standard,Monthly,892,29,1
8754,30,Female,2,24,1,21,Premium,Monthly,749,19,1
8755,37,Male,43,1,3,13,Premium,Annual,294,4,1
8756,30,Male,59,10,9,4,Standard,Monthly,105,2,0
8757,45,Female,15,17,0,9,Standard,Monthly,105,23,0
8758,35,Male,29,15,6,3,Basic,Annual,861,29,0
8759,27,Female,1,6,0,8,Basic,Quarterly,164,11,0
8760,25,Male,44,17,6,17,Basic,Annual,907,9,1
8761,23,Male,59,17,10,21,Premium,Quarterly,884,12,1
8762,52,Male,49,8,7,17,Premium,Monthly,530,9,1
8763,56,Male,36,26,8,14,Premium,Monthly,103,17,0
8764,46,Male,5,22,3,22,Basic,Quarterly,165,20,0
8765,36,Male,2,10,7,15,Standard,Monthly,691,26,0
8766,20,Male,31,15,8,25,Premium,Quarterly,527,1,1
8767,41,Male,18,22,7,7,Basic,Annual,225,8,0
8768,38,Female,51,9,9,22,Basic,Monthly,416,13,1
8769,18,Female,57,18,3,30,Premium,Quarterly,910,5,0
8770,41,Male,56,21,2,22,Basic,Annual,785,26,0
8771,65,Female,31,1,4,11,Basic,Annual,688,1,1
8772,58,Male,37,26,8,15,Standard,Monthly,716,21,0
8773,29,Female,31,14,9,11,Standard,Monthly,789,4,0
8774,49,Male,29,16,0,26,Standard,Annual,254,11,0
8775,59,Male,55,13,8,9,Standard,Quarterly,568,16,0
8776,60,Male,23,27,10,18,Standard,Quarterly,630,9,0
8777,40,Male,56,4,7,18,Premium,Quarterly,662,16,1
8778,52,Female,35,17,1,12,Basic,Quarterly,225,17,0
8779,62,Male,16,22,4,3,Premium,Quarterly,258,16,0
8780,59,Male,1,21,3,5,Standard,Quarterly,707,17,0
8781,63,Female,13,1,6,11,Standard,Quarterly,399,18,1
8782,63,Male,17,13,7,19,Basic,Quarterly,807,11,0
8783,25,Female,19,21,3,21,Standard,Monthly,823,8,1
8784,27,Male,36,9,7,17,Standard,Monthly,895,30,1
8785,59,Male,38,14,9,14,Standard,Quarterly,425,10,0
8786,59,Female,18,30,2,8,Standard,Quarterly,304,4,0
8787,57,Male,37,14,0,13,Basic,Monthly,452,24,0
8788,43,Male,16,12,4,3,Standard,Quarterly,297,2,0
8789,32,Male,27,29,6,17,Standard,Quarterly,682,27,1
8790,24,Female,27,21,4,28,Premium,Quarterly,939,23,0
8791,38,Male,43,6,8,17,Premium,Monthly,907,12,1
8792,56,Female,24,4,3,4,Premium,Annual,886,29,0
8793,49,Male,10,2,1,2,Standard,Quarterly,297,22,0
8794,53,Male,10,20,3,8,Standard,Quarterly,742,14,0
8795,56,Male,15,19,5,13,Standard,Monthly,854,14,0
8796,32,Female,29,1,1,7,Basic,Monthly,925,21,0
8797,38,Male,34,10,9,2,Premium,Monthly,942,2,0
8798,50,Female,8,14,4,19,Premium,Quarterly,689,28,0
8799,35,Male,21,20,9,2,Basic,Monthly,128,2,0
8800,48,Male,12,23,10,2,Standard,Annual,648,14,0
8801,65,Female,58,2,0,2,Standard,Quarterly,219,10,0
8802,41,Female,39,17,7,1,Basic,Monthly,110,19,0
8803,54,Male,18,6,7,6,Premium,Quarterly,923,12,0
8804,54,Female,50,28,9,18,Premium,Monthly,346,19,1
8805,48,Male,6,28,0,2,Basic,Monthly,334,26,0
8806,37,Female,25,24,7,24,Premium,Quarterly,460,7,1
8807,48,Female,31,8,0,17,Premium,Monthly,527,13,0
8808,25,Male,25,24,10,25,Premium,Quarterly,451,20,1
8809,47,Male,18,22,5,30,Basic,Quarterly,361,25,0
8810,29,Male,42,24,4,30,Premium,Annual,323,6,0
8811,57,Male,39,22,8,10,Premium,Quarterly,279,30,0
8812,46,Male,25,11,6,20,Premium,Quarterly,888,5,1
8813,19,Male,6,4,1,4,Standard,Annual,925,16,0
8814,50,Male,7,12,2,10,Premium,Quarterly,815,24,0
8815,26,Female,33,6,0,18,Premium,Annual,179,29,0
8816,22,Male,30,22,1,5,Premium,Annual,662,6,0
8817,46,Male,52,1,8,18,Standard,Annual,820,8,1
8818,27,Male,16,14,5,28,Basic,Quarterly,203,28,0
8819,63,Female,16,9,10,21,Basic,Annual,260,28,1
8820,42,Male,26,6,6,15,Standard,Monthly,337,18,0
8821,58,Female,25,27,4,10,Basic,Quarterly,634,6,0
8822,52,Female,42,8,8,1,Basic,Annual,200,9,0
8823,51,Male,5,3,0,15,Premium,Monthly,809,17,0
8824,58,Female,35,30,10,13,Premium,Monthly,820,18,0
8825,29,Female,7,29,9,0,Basic,Quarterly,432,7,0
8826,24,Female,9,29,5,15,Premium,Monthly,411,6,0
8827,20,Female,14,11,1,24,Standard,Quarterly,515,2,0
8828,42,Male,27,7,2,24,Standard,Annual,237,13,0
8829,51,Female,19,25,7,5,Standard,Monthly,691,21,0
8830,32,Male,57,29,8,26,Standard,Quarterly,945,19,1
8831,21,Female,33,26,0,2,Premium,Annual,363,2,0
8832,27,Female,12,8,5,4,Premium,Annual,602,17,0
8833,41,Male,32,4,0,17,Basic,Monthly,509,20,0
8834,37,Female,3,5,3,13,Standard,Monthly,557,16,0
8835,38,Male,58,21,5,1,Premium,Annual,514,17,0
8836,43,Female,2,19,3,20,Premium,Quarterly,606,15,0
8837,31,Female,57,2,2,14,Premium,Annual,532,24,0
8838,24,Female,3,20,1,12,Basic,Monthly,505,12,0
8839,62,Female,31,14,2,2,Standard,Monthly,499,11,0
8840,55,Male,20,13,5,7,Standard,Annual,202,28,0
8841,46,Male,26,4,4,21,Premium,Annual,318,3,0
8842,31,Female,23,8,1,21,Standard,Monthly,559,30,1
8843,57,Male,14,22,8,17,Standard,Monthly,773,3,0
8844,36,Male,46,7,9,6,Basic,Annual,561,28,0
8845,62,Male,22,16,8,15,Standard,Quarterly,315,26,0
8846,41,Female,49,7,0,18,Basic,Monthly,537,15,0
8847,62,Male,44,26,6,1,Basic,Monthly,237,25,0
8848,41,Female,42,22,9,18,Standard,Monthly,548,24,1
8849,58,Female,18,14,7,30,Standard,Monthly,129,19,1
8850,47,Female,38,30,2,22,Premium,Annual,658,19,0
8851,33,Male,8,23,3,23,Standard,Annual,196,29,0
8852,37,Male,42,6,9,23,Premium,Annual,376,19,1
8853,36,Male,54,22,9,19,Standard,Monthly,666,5,1
8854,46,Male,39,14,4,12,Standard,Annual,822,8,0
8855,26,Female,9,3,0,25,Basic,Annual,907,15,0
8856,23,Female,11,4,9,16,Premium,Monthly,693,28,0
8857,18,Male,38,3,2,26,Basic,Annual,107,3,0
8858,19,Female,43,2,0,21,Standard,Monthly,154,15,1
8859,52,Male,21,13,0,9,Basic,Quarterly,327,29,0
8860,58,Female,54,6,3,10,Standard,Monthly,565,30,0
8861,44,Female,1,11,0,11,Standard,Monthly,634,7,0
8862,49,Female,26,14,2,26,Standard,Annual,342,30,1
8863,60,Male,11,21,8,2,Basic,Annual,784,20,0
8864,33,Male,37,1,8,19,Standard,Quarterly,274,9,1
8865,53,Female,58,10,4,6,Premium,Annual,181,26,0
8866,29,Male,11,23,5,17,Basic,Quarterly,883,14,0
8867,42,Female,52,2,2,10,Standard,Annual,674,30,0
8868,58,Male,3,22,5,21,Standard,Quarterly,366,13,0
8869,56,Female,29,23,8,29,Basic,Quarterly,911,22,1
8870,53,Female,21,10,1,22,Basic,Quarterly,231,26,1
8871,53,Female,14,24,3,1,Basic,Monthly,313,8,0
8872,47,Male,8,22,1,2,Standard,Annual,604,24,0
8873,19,Male,46,16,6,18,Standard,Annual,414,25,1
8874,32,Male,51,4,6,18,Standard,Monthly,774,3,1
8875,25,Male,17,18,7,1,Standard,Annual,470,9,0
8876,52,Female,1,26,7,11,Standard,Monthly,900,19,0
8877,23,Male,26,14,4,13,Premium,Quarterly,449,10,0
8878,49,Male,16,29,0,9,Basic,Quarterly,881,24,0
8879,39,Male,56,21,6,25,Basic,Annual,568,2,1
8880,44,Male,34,19,1,16,Standard,Quarterly,616,15,0
8881,62,Male,29,6,3,13,Standard,Quarterly,767,16,0
8882,36,Female,7,12,0,11,Basic,Monthly,518,29,0
8883,38,Female,44,19,4,8,Premium,Annual,187,13,0
8884,28,Male,51,6,6,19,Basic,Annual,466,23,1
8885,53,Female,43,4,10,17,Basic,Monthly,226,18,1
8886,63,Male,51,25,8,15,Premium,Annual,966,30,0
8887,47,Male,57,28,3,8,Standard,Quarterly,624,2,0
8888,23,Male,35,19,10,26,Premium,Quarterly,925,29,1
8889,57,Male,27,17,3,30,Basic,Monthly,992,12,0
8890,65,Male,8,3,5,15,Premium,Monthly,488,6,1
8891,45,Male,59,1,10,3,Basic,Quarterly,431,4,0
8892,60,Female,35,4,0,1,Basic,Monthly,568,24,0
8893,42,Female,37,22,1,0,Premium,Annual,691,28,0
8894,38,Male,35,17,7,24,Premium,Monthly,870,26,1
8895,18,Male,26,15,1,23,Standard,Quarterly,387,1,0
8896,28,Male,1,28,2,29,Premium,Monthly,110,10,0
8897,54,Male,30,27,8,29,Standard,Monthly,130,2,1
8898,29,Male,33,1,0,14,Basic,Quarterly,448,11,0
8899,29,Female,50,15,4,22,Premium,Monthly,826,25,1
8900,18,Female,19,16,8,16,Standard,Monthly,645,9,0
8901,52,Female,56,13,7,16,Basic,Monthly,911,16,1
8902,35,Female,33,2,7,24,Basic,Monthly,574,18,1
8903,48,Female,58,9,4,13,Basic,Quarterly,679,20,0
8904,20,Male,7,22,9,8,Standard,Quarterly,337,13,0
8905,47,Male,48,3,8,17,Premium,Monthly,724,27,1
8906,28,Female,26,19,7,27,Basic,Monthly,614,20,1
8907,31,Female,40,24,4,4,Basic,Quarterly,263,26,0
8908,62,Male,32,15,2,0,Standard,Monthly,308,9,0
8909,26,Female,36,30,3,28,Premium,Annual,320,17,1
8910,52,Male,28,3,3,26,Standard,Monthly,742,18,0
8911,47,Male,40,24,9,30,Premium,Annual,469,3,1
8912,49,Male,4,22,6,27,Basic,Monthly,996,26,0
8913,46,Female,44,24,6,13,Standard,Annual,459,27,0
8914,31,Female,56,1,4,28,Basic,Quarterly,443,22,1
8915,52,Female,14,26,0,22,Basic,Annual,425,24,1
8916,55,Female,41,23,3,11,Premium,Annual,273,13,0
8917,65,Female,44,10,2,10,Basic,Monthly,384,15,0
8918,56,Male,12,19,0,26,Premium,Annual,671,22,0
8919,42,Male,3,20,8,27,Basic,Quarterly,407,29,0
8920,34,Female,47,16,6,24,Premium,Annual,736,28,1
8921,34,Male,44,30,7,0,Premium,Monthly,623,14,0
8922,63,Male,26,16,2,16,Premium,Monthly,199,8,0
8923,60,Female,10,8,6,24,Basic,Annual,598,1,0
8924,57,Male,19,24,0,23,Premium,Quarterly,224,22,0
8925,24,Male,51,30,3,10,Basic,Annual,708,3,0
8926,25,Female,42,3,9,13,Standard,Monthly,978,11,0
8927,52,Male,14,11,10,7,Standard,Monthly,499,9,0
8928,29,Female,15,20,0,14,Premium,Monthly,644,1,0
8929,29,Male,18,5,4,12,Standard,Quarterly,868,7,0
8930,20,Male,13,16,9,28,Standard,Quarterly,415,26,0
8931,37,Male,45,18,8,22,Premium,Quarterly,345,11,1
8932,64,Female,6,28,7,0,Basic,Quarterly,455,16,0
8933,62,Male,58,16,10,11,Premium,Quarterly,928,26,0
8934,50,Female,48,30,5,8,Premium,Quarterly,104,12,0
8935,50,Male,54,13,4,12,Standard,Annual,564,24,0
8936,57,Female,3,7,8,27,Basic,Quarterly,411,18,1
8937,39,Female,54,23,2,28,Basic,Quarterly,232,16,1
8938,56,Female,50,23,0,7,Premium,Annual,200,21,0
8939,43,Female,15,12,9,24,Standard,Monthly,476,6,1
8940,60,Male,16,15,0,0,Standard,Monthly,214,27,0
8941,53,Male,4,22,1,5,Premium,Annual,205,3,0
8942,37,Male,7,15,5,30,Standard,Quarterly,655,18,0
8943,64,Female,50,11,7,24,Standard,Annual,707,15,1
8944,39,Male,56,9,4,8,Standard,Quarterly,133,25,0
8945,40,Female,49,12,8,28,Basic,Annual,125,22,1
8946,51,Female,38,21,9,27,Basic,Annual,806,20,1
8947,44,Male,13,12,5,13,Basic,Quarterly,267,7,0
8948,63,Male,22,7,7,9,Standard,Annual,519,28,0
8949,32,Male,34,3,10,5,Standard,Monthly,333,15,0
8950,38,Male,54,22,9,20,Basic,Quarterly,650,22,1
8951,28,Male,22,22,5,12,Premium,Monthly,457,12,0
8952,51,Male,25,5,8,28,Basic,Monthly,846,25,1
8953,63,Female,50,17,4,28,Standard,Annual,154,1,1
8954,44,Female,51,24,6,3,Premium,Monthly,233,1,0
8955,55,Female,4,16,6,22,Basic,Quarterly,671,1,0
8956,25,Male,29,21,5,24,Basic,Monthly,369,18,1
8957,38,Female,30,19,1,15,Premium,Monthly,630,26,0
8958,55,Male,48,5,0,19,Premium,Monthly,672,28,0
8959,39,Male,54,13,6,23,Standard,Annual,697,24,1
8960,27,Female,53,27,5,1,Basic,Annual,752,10,0
8961,38,Female,48,3,1,16,Basic,Annual,657,8,0
8962,47,Female,35,13,10,17,Standard,Quarterly,403,6,1
8963,23,Female,1,10,6,8,Basic,Quarterly,756,13,0
8964,18,Female,60,5,0,25,Basic,Monthly,706,12,1
8965,36,Female,35,29,5,5,Premium,Annual,938,8,0
8966,62,Female,6,14,5,24,Basic,Quarterly,379,12,1
8967,30,Male,44,21,0,18,Standard,Quarterly,280,14,0
8968,50,Male,15,21,1,20,Premium,Quarterly,685,19,0
8969,39,Male,14,10,9,29,Basic,Annual,313,16,0
8970,59,Male,45,12,9,7,Premium,Annual,214,7,0
8971,28,Male,59,20,10,0,Basic,Monthly,870,10,0
8972,59,Female,39,6,8,11,Premium,Monthly,241,16,0
8973,29,Male,29,18,2,6,Premium,Annual,789,17,0
8974,30,Male,45,30,3,26,Premium,Quarterly,351,3,0
8975,53,Male,37,18,8,24,Standard,Annual,684,9,1
8976,64,Female,41,16,9,4,Standard,Annual,162,2,0
8977,54,Female,37,3,9,24,Premium,Monthly,824,7,1
8978,57,Female,33,9,9,10,Basic,Annual,619,6,0
8979,21,Male,45,16,1,20,Basic,Quarterly,941,2,0
8980,37,Female,41,7,6,25,Basic,Monthly,891,15,1
8981,35,Male,9,9,10,13,Premium,Quarterly,318,16,0
8982,20,Male,16,21,9,2,Premium,Annual,744,11,0
8983,19,Male,10,26,3,20,Premium,Quarterly,241,10,0
8984,47,Male,21,17,2,29,Basic,Quarterly,966,30,0
8985,64,Male,18,17,4,23,Standard,Annual,284,12,0
8986,41,Female,30,10,5,25,Basic,Annual,927,26,1
8987,49,Male,56,10,5,21,Basic,Annual,192,4,1
8988,65,Female,44,27,5,29,Premium,Quarterly,798,2,1
8989,20,Female,13,15,2,16,Standard,Annual,714,12,0
8990,27,Male,10,13,1,8,Premium,Quarterly,544,18,0
8991,43,Female,26,21,10,2,Standard,Quarterly,583,4,0
8992,20,Male,1,10,10,19,Basic,Quarterly,135,29,0
8993,43,Male,33,6,5,5,Standard,Annual,451,5,0
8994,23,Female,16,26,5,6,Premium,Quarterly,582,25,0
8995,39,Male,20,28,4,23,Basic,Quarterly,230,28,0
8996,57,Female,1,24,2,19,Premium,Monthly,656,20,0
8997,26,Male,25,11,10,30,Premium,Quarterly,865,10,1
8998,31,Male,46,18,8,1,Standard,Monthly,753,30,0
8999,29,Male,55,23,5,24,Premium,Annual,167,9,1
9000,60,Female,30,29,9,24,Basic,Monthly,344,30,1
9001,34,Male,18,5,5,18,Basic,Quarterly,795,22,0
9002,65,Male,26,9,1,19,Basic,Annual,462,3,0
9003,51,Female,3,7,1,21,Basic,Quarterly,939,19,0
9004,26,Female,29,28,10,15,Standard,Annual,452,29,0
9005,59,Male,60,13,1,13,Standard,Quarterly,186,14,0
9006,18,Female,40,17,8,8,Basic,Quarterly,731,19,0
9007,54,Female,22,4,9,1,Basic,Annual,716,5,1
9008,32,Female,44,20,0,25,Standard,Quarterly,684,28,0
9009,52,Female,28,15,1,9,Premium,Monthly,260,28,0
9010,55,Female,13,23,2,15,Basic,Quarterly,580,30,0
9011,24,Male,8,23,3,24,Premium,Annual,679,1,0
9012,56,Female,6,8,1,3,Basic,Quarterly,129,27,0
9013,64,Male,37,12,2,10,Standard,Annual,661,2,0
9014,20,Male,18,28,7,26,Standard,Monthly,573,30,0
9015,45,Female,56,23,9,22,Basic,Quarterly,659,30,1
9016,46,Male,20,10,7,24,Premium,Quarterly,885,13,0
9017,53,Female,27,26,6,7,Basic,Quarterly,785,25,0
9018,28,Male,57,30,9,24,Standard,Monthly,995,5,1
9019,59,Male,22,27,7,14,Premium,Monthly,238,3,0
9020,40,Female,46,11,0,16,Standard,Quarterly,731,21,0
9021,44,Female,37,10,5,17,Standard,Quarterly,208,21,1
9022,52,Female,47,13,0,26,Premium,Quarterly,348,11,1
9023,35,Male,6,8,0,29,Premium,Monthly,785,25,0
9024,44,Male,43,30,1,2,Premium,Quarterly,571,11,0
9025,38,Female,57,24,6,16,Basic,Annual,658,3,1
9026,48,Female,12,30,5,4,Basic,Monthly,646,28,0
9027,61,Female,31,18,6,2,Premium,Annual,372,28,0
9028,50,Female,27,9,2,12,Premium,Quarterly,400,10,0
9029,47,Male,20,30,9,12,Standard,Quarterly,515,20,0
9030,18,Female,50,13,0,2,Premium,Quarterly,818,1,0
9031,27,Male,23,16,1,6,Basic,Monthly,982,5,0
9032,25,Female,14,2,4,3,Premium,Annual,155,3,1
9033,59,Female,46,22,5,6,Standard,Annual,814,6,0
9034,43,Female,32,5,0,14,Premium,Annual,825,27,0
9035,31,Male,45,27,8,19,Standard,Quarterly,990,28,1
9036,40,Male,6,20,5,3,Premium,Quarterly,573,12,0
9037,41,Female,43,24,1,10,Basic,Monthly,371,16,0
9038,28,Male,14,29,6,4,Basic,Annual,877,6,0
9039,31,Male,50,16,2,20,Premium,Quarterly,294,28,0
9040,47,Male,49,22,8,14,Standard,Quarterly,589,5,0
9041,32,Female,29,11,7,29,Standard,Quarterly,603,23,1
9042,62,Female,17,5,8,18,Basic,Quarterly,552,29,1
9043,22,Male,42,25,4,26,Basic,Monthly,503,15,0
9044,56,Female,23,15,1,7,Standard,Annual,304,27,0
9045,59,Male,51,22,8,14,Basic,Annual,452,13,0
9046,60,Female,6,29,1,8,Standard,Annual,216,3,0
9047,24,Male,44,11,8,18,Premium,Monthly,579,22,1
9048,54,Male,30,19,2,12,Premium,Quarterly,925,6,0
9049,33,Female,47,19,9,11,Basic,Annual,114,12,0
9050,40,Male,29,3,3,6,Standard,Quarterly,249,29,0
9051,58,Male,32,3,4,28,Standard,Quarterly,516,22,1
9052,31,Female,16,27,4,19,Premium,Quarterly,398,23,0
9053,43,Male,4,25,5,5,Premium,Annual,455,16,0
9054,29,Female,33,21,0,11,Standard,Monthly,229,4,0
9055,22,Female,26,22,7,27,Premium,Monthly,837,26,1
9056,51,Female,44,8,4,27,Premium,Monthly,434,1,1
9057,54,Male,60,18,4,25,Premium,Annual,347,11,0
9058,26,Male,36,14,7,29,Basic,Annual,670,1,1
9059,52,Male,38,3,8,2,Premium,Monthly,456,18,1
9060,30,Male,6,6,2,4,Premium,Annual,495,23,0
9061,34,Female,18,13,3,23,Standard,Quarterly,678,2,0
9062,53,Female,42,4,10,29,Premium,Monthly,967,4,1
9063,22,Female,55,23,0,28,Premium,Monthly,155,12,1
9064,55,Female,5,15,10,6,Premium,Quarterly,474,28,0
9065,44,Male,13,24,0,28,Basic,Annual,509,18,0
9066,59,Female,29,25,1,12,Standard,Monthly,403,13,0
9067,21,Male,29,5,7,8,Premium,Quarterly,994,1,0
9068,40,Female,33,10,4,1,Basic,Annual,246,21,0
9069,38,Female,26,29,5,27,Standard,Quarterly,973,26,1
9070,32,Female,39,18,6,3,Standard,Annual,617,5,0
9071,46,Male,37,4,0,9,Standard,Monthly,930,10,0
9072,56,Female,30,30,10,27,Premium,Annual,794,9,1
9073,27,Female,39,6,7,29,Basic,Annual,233,5,1
9074,55,Female,14,8,0,20,Basic,Monthly,774,8,0
9075,56,Male,4,23,0,13,Basic,Annual,347,30,0
9076,38,Male,26,18,5,20,Standard,Quarterly,899,7,1
9077,61,Female,21,26,3,19,Premium,Quarterly,451,21,0
9078,22,Female,13,15,1,13,Basic,Quarterly,846,29,0
9079,53,Male,2,23,6,5,Basic,Quarterly,436,20,0
9080,44,Male,42,24,0,7,Basic,Annual,908,20,0
9081,44,Female,19,28,0,14,Premium,Quarterly,916,10,0
9082,53,Male,27,27,3,18,Basic,Quarterly,882,17,0
9083,27,Female,22,2,5,19,Basic,Quarterly,395,15,0
9084,58,Male,42,20,7,2,Basic,Monthly,975,10,0
9085,47,Male,20,14,6,11,Basic,Quarterly,807,14,0
9086,19,Male,32,5,10,30,Basic,Quarterly,988,11,1
9087,28,Male,37,15,5,13,Standard,Annual,579,7,0
9088,63,Female,14,12,5,10,Standard,Annual,370,2,0
9089,26,Male,53,29,9,24,Basic,Monthly,489,23,1
9090,63,Male,27,10,1,12,Standard,Quarterly,237,1,0
9091,54,Male,52,6,2,21,Basic,Quarterly,671,29,0
9092,60,Female,56,30,7,2,Basic,Monthly,270,25,0
9093,57,Female,25,6,1,23,Standard,Quarterly,735,18,0
9094,64,Female,8,28,1,16,Basic,Monthly,110,9,0
9095,61,Female,34,12,4,24,Basic,Annual,903,16,0
9096,51,Female,32,2,9,16,Basic,Annual,902,23,1
9097,60,Male,53,8,8,9,Premium,Quarterly,403,6,0
9098,48,Male,60,28,8,27,Premium,Monthly,571,3,1
9099,57,Female,60,19,1,29,Premium,Monthly,645,13,1
9100,21,Male,30,15,5,10,Basic,Annual,626,20,0
9101,56,Male,16,15,6,24,Basic,Quarterly,805,27,0
9102,18,Male,32,16,5,27,Basic,Monthly,116,8,1
9103,59,Male,22,5,6,3,Basic,Monthly,217,23,1
9104,27,Female,26,18,1,19,Basic,Quarterly,848,12,0
9105,49,Male,6,16,9,0,Standard,Monthly,607,5,0
9106,53,Male,46,10,5,21,Premium,Quarterly,764,1,1
9107,36,Male,34,24,3,28,Basic,Monthly,200,27,0
9108,34,Female,17,13,0,5,Premium,Annual,260,29,0
9109,28,Female,15,8,8,19,Basic,Quarterly,678,14,0
9110,44,Male,4,23,2,18,Standard,Annual,712,18,0
9111,65,Female,11,16,2,3,Basic,Quarterly,638,29,0
9112,21,Male,16,16,6,7,Standard,Annual,848,18,0
9113,60,Male,35,29,4,0,Premium,Quarterly,318,29,0
9114,32,Male,29,13,1,16,Basic,Annual,221,2,0
9115,52,Female,53,17,6,10,Premium,Quarterly,576,23,0
9116,56,Male,33,12,2,14,Standard,Quarterly,237,26,0
9117,37,Female,48,16,3,4,Basic,Quarterly,358,4,0
9118,23,Female,49,16,3,2,Standard,Monthly,468,9,0
9119,34,Female,44,27,8,15,Basic,Annual,547,25,0
9120,20,Female,17,17,8,11,Standard,Annual,954,29,0
9121,40,Female,8,17,0,7,Premium,Annual,530,27,0
9122,39,Male,14,1,7,3,Premium,Annual,412,1,0
9123,34,Male,37,3,4,16,Premium,Annual,389,18,0
9124,63,Female,34,17,0,28,Premium,Annual,336,28,1
9125,20,Female,30,12,8,20,Premium,Quarterly,666,30,1
9126,43,Female,46,15,6,20,Standard,Monthly,975,21,1
9127,55,Female,27,1,9,29,Basic,Annual,220,17,1
9128,42,Female,46,4,0,8,Premium,Monthly,684,22,0
9129,47,Male,11,13,3,11,Basic,Monthly,222,22,0
9130,28,Male,21,11,3,16,Basic,Annual,286,9,0
9131,26,Female,42,29,10,19,Standard,Annual,143,7,1
9132,30,Male,31,16,0,30,Standard,Annual,587,9,0
9133,38,Female,2,11,2,2,Basic,Quarterly,506,22,0
9134,26,Female,15,23,8,28,Premium,Quarterly,415,27,1
9135,35,Female,21,10,6,14,Standard,Quarterly,932,30,0
9136,63,Male,29,29,4,26,Basic,Quarterly,498,15,0
9137,56,Male,58,29,2,10,Basic,Quarterly,410,28,0
9138,40,Female,39,26,8,23,Basic,Annual,221,30,1
9139,35,Female,12,27,1,5,Premium,Annual,345,23,0
9140,32,Female,22,19,7,26,Standard,Quarterly,544,19,0
9141,35,Female,18,27,8,7,Basic,Quarterly,274,29,0
9142,51,Female,5,16,10,14,Premium,Quarterly,226,20,0
9143,53,Male,50,13,6,17,Basic,Quarterly,401,25,1
9144,50,Male,35,19,2,23,Basic,Quarterly,573,22,0
9145,42,Male,2,6,1,30,Standard,Quarterly,669,22,0
9146,25,Male,27,25,8,6,Premium,Annual,643,11,0
9147,56,Female,19,4,0,7,Standard,Annual,318,26,0
9148,35,Male,34,24,9,1,Standard,Quarterly,851,9,0
9149,41,Male,30,11,0,29,Standard,Monthly,717,24,0
9150,27,Male,43,5,3,18,Basic,Quarterly,916,6,0
9151,33,Female,2,25,7,14,Premium,Annual,698,24,0
9152,23,Female,45,23,8,5,Standard,Annual,970,14,0
9153,27,Male,24,1,7,2,Basic,Annual,763,7,0
9154,57,Female,14,19,8,28,Premium,Annual,667,25,0
9155,49,Male,9,26,6,22,Premium,Annual,653,22,0
9156,59,Female,46,21,5,7,Standard,Quarterly,551,8,0
9157,31,Female,51,12,0,7,Standard,Monthly,454,25,0
9158,25,Female,40,24,6,26,Standard,Monthly,357,27,1
9159,56,Male,29,26,8,14,Standard,Quarterly,685,3,0
9160,20,Female,47,29,10,11,Premium,Quarterly,176,21,0
9161,25,Male,10,11,2,1,Standard,Annual,429,26,0
9162,27,Female,10,13,7,8,Basic,Quarterly,575,2,0
9163,64,Male,27,15,9,12,Basic,Annual,473,10,0
9164,64,Female,7,12,1,19,Standard,Annual,164,28,0
9165,21,Female,21,19,1,21,Premium,Annual,380,13,1
9166,41,Female,42,5,10,5,Premium,Annual,721,14,0
9167,47,Male,48,8,0,12,Premium,Annual,790,8,0
9168,43,Female,26,29,10,22,Basic,Annual,840,5,1
9169,48,Male,31,13,6,10,Premium,Annual,279,23,0
9170,32,Female,51,23,10,23,Standard,Monthly,391,18,1
9171,27,Male,17,15,10,2,Premium,Monthly,663,29,0
9172,60,Female,20,21,7,29,Premium,Annual,441,3,1
9173,57,Female,44,25,5,27,Standard,Annual,190,5,1
9174,63,Male,22,3,2,18,Standard,Annual,473,2,0
9175,54,Male,44,3,8,23,Standard,Annual,753,26,1
9176,43,Male,10,20,2,18,Premium,Annual,341,9,0
9177,38,Male,40,2,0,14,Standard,Monthly,578,11,0
9178,60,Male,9,20,7,7,Premium,Monthly,460,4,0
9179,37,Male,22,6,6,11,Basic,Monthly,108,19,0
9180,20,Male,54,7,0,14,Basic,Annual,920,5,0
9181,33,Male,52,14,6,6,Premium,Monthly,386,25,0
9182,57,Male,35,18,4,28,Premium,Quarterly,748,22,0
9183,58,Male,48,20,6,14,Premium,Quarterly,540,2,0
9184,42,Female,4,22,2,4,Premium,Annual,484,13,0
9185,56,Male,60,18,4,0,Basic,Quarterly,423,14,0
9186,55,Male,47,29,4,7,Premium,Monthly,135,4,0
9187,50,Female,24,2,3,29,Premium,Quarterly,366,19,1
9188,40,Female,46,14,8,19,Premium,Annual,224,10,1
9189,47,Male,51,7,6,15,Standard,Quarterly,831,28,0
9190,40,Male,53,21,6,3,Basic,Quarterly,333,21,0
9191,37,Female,1,15,9,12,Premium,Monthly,533,18,0
9192,43,Female,50,16,2,14,Standard,Annual,517,16,0
9193,51,Male,5,25,6,13,Basic,Monthly,154,28,0
9194,37,Male,20,26,6,3,Standard,Monthly,887,19,0
9195,45,Male,9,3,8,27,Basic,Quarterly,902,2,0
9196,57,Male,18,16,0,16,Premium,Monthly,591,17,0
9197,63,Female,48,8,5,4,Premium,Monthly,119,18,0
9198,29,Male,30,11,4,14,Basic,Monthly,398,12,0
9199,26,Female,15,21,4,17,Premium,Quarterly,773,29,0
9200,21,Male,57,26,6,17,Basic,Monthly,826,26,1
9201,43,Female,9,30,7,4,Standard,Quarterly,274,6,0
9202,33,Male,29,26,7,1,Premium,Monthly,482,26,0
9203,34,Male,37,17,2,26,Basic,Quarterly,121,7,0
9204,22,Female,58,11,6,18,Standard,Annual,293,17,1
9205,64,Male,58,13,10,24,Standard,Quarterly,189,8,1
9206,51,Female,57,6,6,16,Standard,Monthly,847,28,1
9207,36,Male,29,13,5,3,Basic,Annual,517,22,0
9208,60,Male,12,21,8,4,Standard,Monthly,833,18,0
9209,53,Female,57,1,3,9,Basic,Annual,255,20,1
9210,55,Male,30,29,8,14,Basic,Quarterly,885,6,0
9211,32,Female,56,11,5,7,Basic,Monthly,836,16,0
9212,42,Female,21,24,10,28,Premium,Quarterly,799,19,0
9213,39,Male,30,24,10,22,Basic,Monthly,504,3,1
9214,47,Male,29,16,8,6,Standard,Annual,335,12,0
9215,40,Female,22,11,3,24,Standard,Quarterly,753,28,0
9216,56,Female,35,6,2,30,Premium,Annual,844,6,0
9217,38,Female,29,1,2,5,Premium,Annual,765,18,0
9218,36,Female,46,18,3,15,Standard,Annual,846,5,0
9219,20,Female,51,6,5,18,Basic,Annual,833,20,1
9220,25,Male,59,25,4,0,Premium,Annual,859,10,0
9221,55,Male,12,11,1,17,Premium,Quarterly,864,24,0
9222,36,Female,2,24,5,30,Premium,Monthly,788,6,1
9223,40,Male,55,16,0,29,Standard,Annual,625,21,0
9224,27,Male,21,11,10,30,Premium,Annual,605,4,0
9225,39,Male,53,20,8,7,Standard,Quarterly,618,14,0
9226,32,Male,52,1,6,23,Basic,Annual,825,4,1
9227,60,Female,50,25,4,20,Premium,Monthly,274,18,0
9228,42,Male,2,4,7,19,Premium,Monthly,688,19,0
9229,39,Female,23,25,9,26,Standard,Quarterly,853,9,0
9230,55,Female,58,25,0,4,Standard,Annual,152,9,0
9231,43,Female,11,22,7,30,Standard,Monthly,132,14,1
9232,48,Female,59,12,2,8,Standard,Monthly,737,19,0
9233,27,Female,50,12,3,4,Basic,Annual,106,21,0
9234,52,Female,51,20,3,12,Basic,Annual,190,12,0
9235,26,Female,53,8,6,15,Premium,Monthly,429,8,0
9236,60,Female,11,13,5,4,Premium,Quarterly,653,23,0
9237,29,Female,10,21,2,25,Standard,Quarterly,513,13,0
9238,21,Male,38,24,9,8,Standard,Monthly,802,8,0
9239,54,Male,40,30,10,26,Standard,Annual,990,4,1
9240,44,Male,19,29,6,3,Premium,Annual,829,23,0
9241,26,Male,46,25,4,18,Standard,Quarterly,887,15,0
9242,34,Female,8,11,9,19,Premium,Monthly,246,21,0
9243,51,Male,30,27,3,16,Standard,Quarterly,554,18,0
9244,45,Male,49,10,1,7,Basic,Annual,188,22,0
9245,60,Male,15,29,6,6,Premium,Annual,315,22,0
9246,42,Female,24,30,2,28,Premium,Quarterly,668,18,0
9247,49,Female,5,30,8,0,Standard,Monthly,698,21,0
9248,21,Male,22,3,3,18,Standard,Annual,271,9,0
9249,61,Female,37,14,4,22,Standard,Annual,527,7,0
9250,18,Male,11,12,1,18,Basic,Quarterly,543,14,0
9251,22,Male,4,15,4,27,Basic,Quarterly,365,20,0
9252,46,Male,1,6,4,30,Basic,Quarterly,897,7,0
9253,19,Female,29,4,2,9,Basic,Monthly,746,25,0
9254,65,Male,58,30,0,16,Standard,Monthly,939,16,0
9255,55,Male,15,6,3,5,Premium,Quarterly,337,21,0
9256,41,Female,15,9,2,1,Standard,Annual,241,16,0
9257,51,Female,18,22,5,10,Premium,Monthly,687,22,0
9258,59,Male,58,11,6,20,Premium,Annual,248,14,1
9259,37,Male,16,28,7,8,Standard,Quarterly,874,2,0
9260,30,Female,60,7,9,13,Standard,Annual,187,27,0
9261,30,Female,45,28,4,14,Basic,Quarterly,343,11,0
9262,53,Male,58,27,9,5,Standard,Annual,197,21,0
9263,28,Male,39,18,10,13,Basic,Quarterly,268,14,0
9264,19,Male,36,8,2,29,Standard,Annual,295,25,0
9265,56,Male,54,28,0,15,Premium,Annual,467,16,0
9266,37,Female,28,19,7,22,Basic,Monthly,633,21,1
9267,62,Male,46,3,9,23,Basic,Monthly,715,15,1
9268,40,Male,9,25,10,26,Premium,Monthly,607,16,0
9269,52,Male,24,21,2,4,Premium,Annual,889,24,0
9270,29,Male,7,18,3,1,Premium,Annual,314,17,0
9271,57,Female,22,6,4,27,Basic,Monthly,191,17,1
9272,25,Male,52,8,2,28,Basic,Annual,914,5,0
9273,26,Female,15,26,2,11,Premium,Quarterly,602,5,0
9274,39,Female,7,14,9,19,Premium,Monthly,879,30,0
9275,39,Female,24,8,6,12,Basic,Annual,796,29,0
9276,37,Male,40,9,0,12,Basic,Quarterly,537,1,0
9277,33,Female,14,21,1,16,Premium,Quarterly,529,20,0
9278,22,Male,10,14,0,27,Premium,Quarterly,908,3,0
9279,45,Male,16,9,0,6,Standard,Monthly,971,1,0
9280,19,Female,11,8,10,11,Standard,Annual,176,20,0
9281,47,Female,37,12,10,5,Basic,Monthly,854,17,0
9282,50,Female,34,16,6,29,Standard,Monthly,183,17,1
9283,45,Female,42,1,3,23,Basic,Quarterly,853,28,0
9284,32,Male,14,25,6,16,Premium,Annual,865,5,0
9285,51,Female,32,9,8,29,Premium,Quarterly,207,9,1
9286,54,Female,33,18,0,20,Standard,Monthly,942,29,0
9287,64,Female,27,18,10,12,Premium,Monthly,966,12,0
9288,63,Female,36,29,10,16,Standard,Monthly,848,23,1
9289,30,Female,10,9,7,14,Basic,Quarterly,151,12,0
9290,38,Male,5,11,3,22,Standard,Monthly,423,3,0
9291,19,Female,29,28,3,1,Basic,Monthly,152,27,0
9292,42,Male,6,28,8,10,Basic,Annual,708,26,0
9293,21,Male,15,16,7,28,Standard,Monthly,456,26,0
9294,34,Male,34,29,4,5,Premium,Annual,204,8,0
9295,49,Male,28,21,4,0,Premium,Annual,878,29,0
9296,30,Female,6,12,10,4,Basic,Monthly,712,5,0
9297,41,Male,35,5,5,4,Premium,Quarterly,143,2,0
9298,60,Male,13,16,9,29,Standard,Monthly,134,15,0
9299,34,Male,17,10,0,23,Standard,Annual,195,1,0
9300,40,Female,56,12,5,4,Premium,Monthly,130,19,0
9301,23,Male,8,21,0,20,Basic,Quarterly,459,7,0
9302,52,Female,41,17,5,6,Standard,Quarterly,564,9,0
9303,27,Male,46,16,10,25,Basic,Monthly,392,24,1
9304,28,Male,56,1,2,13,Premium,Annual,451,30,0
9305,59,Male,60,25,2,26,Premium,Annual,381,29,0
9306,36,Male,40,5,6,26,Standard,Quarterly,361,4,1
9307,34,Male,38,11,3,22,Standard,Monthly,790,19,0
9308,25,Female,52,12,10,2,Premium,Quarterly,190,23,0
9309,19,Female,30,26,7,23,Premium,Annual,289,9,1
9310,29,Male,58,14,6,3,Standard,Quarterly,995,12,0
9311,35,Male,45,18,1,5,Premium,Monthly,293,29,0
9312,19,Female,48,25,6,13,Standard,Annual,783,6,0
9313,45,Male,37,4,7,21,Standard,Monthly,402,27,1
9314,61,Female,29,28,10,14,Standard,Quarterly,882,3,0
9315,61,Male,25,20,8,8,Basic,Quarterly,132,13,0
9316,41,Female,42,11,2,21,Standard,Quarterly,392,12,1
9317,26,Female,28,5,7,12,Premium,Quarterly,156,5,0
9318,63,Male,6,8,2,7,Premium,Monthly,337,6,0
9319,22,Male,40,11,0,18,Premium,Monthly,942,13,0
9320,36,Female,50,15,7,26,Premium,Annual,604,11,1
9321,40,Female,14,3,10,18,Premium,Annual,593,24,0
9322,60,Female,33,15,6,24,Standard,Quarterly,832,30,1
9323,48,Female,11,11,0,9,Premium,Monthly,908,1,0
9324,63,Male,47,8,9,15,Standard,Monthly,927,27,0
9325,34,Female,7,16,10,23,Premium,Quarterly,979,3,0
9326,18,Male,21,6,8,17,Standard,Quarterly,425,20,0
9327,34,Male,32,5,2,3,Premium,Annual,156,11,0
9328,51,Female,43,12,9,27,Premium,Quarterly,681,2,1
9329,49,Male,16,2,9,27,Premium,Annual,678,19,0
9330,31,Female,14,5,5,22,Basic,Monthly,129,12,1
9331,52,Female,1,27,10,15,Basic,Annual,292,10,0
9332,20,Female,30,28,8,0,Basic,Monthly,606,28,0
9333,47,Male,59,11,7,5,Standard,Monthly,313,24,0
9334,58,Female,46,23,7,2,Standard,Quarterly,175,11,0
9335,51,Male,20,22,10,0,Premium,Annual,953,11,0
9336,41,Male,12,16,7,22,Basic,Annual,483,10,0
9337,40,Female,44,3,0,8,Premium,Quarterly,709,8,0
9338,34,Male,49,24,5,14,Standard,Monthly,420,19,0
9339,29,Male,35,18,6,21,Basic,Monthly,194,11,1
9340,64,Female,57,9,2,21,Basic,Quarterly,877,1,0
9341,45,Male,26,19,3,29,Standard,Monthly,517,11,0
9342,60,Female,37,28,4,17,Basic,Quarterly,596,23,0
9343,45,Male,4,29,7,14,Basic,Monthly,895,9,0
9344,51,Female,40,23,2,0,Premium,Annual,752,21,0
9345,49,Female,21,3,4,30,Standard,Annual,197,2,1
9346,47,Female,43,17,10,17,Standard,Monthly,859,7,1
9347,37,Female,45,7,1,27,Premium,Quarterly,966,20,0
9348,29,Male,50,21,10,13,Premium,Monthly,580,24,0
9349,48,Male,44,22,0,3,Standard,Quarterly,650,25,0
9350,25,Male,38,4,3,17,Premium,Annual,530,12,0
9351,43,Male,3,10,1,10,Basic,Quarterly,392,21,0
9352,56,Female,29,14,2,22,Premium,Monthly,773,17,1
9353,33,Male,48,24,10,21,Basic,Annual,725,2,1
9354,20,Female,22,3,9,22,Basic,Monthly,789,27,1
9355,29,Male,58,26,0,2,Basic,Quarterly,637,2,0
9356,53,Male,23,23,9,10,Basic,Quarterly,908,9,0
9357,21,Male,22,3,2,30,Premium,Annual,628,2,0
9358,52,Male,50,26,3,25,Basic,Monthly,604,18,0
9359,35,Male,51,3,3,5,Standard,Monthly,965,26,0
9360,58,Male,2,11,0,23,Basic,Annual,554,3,0
9361,20,Female,15,25,8,16,Premium,Monthly,140,13,0
9362,41,Male,46,3,1,29,Standard,Annual,832,30,0
9363,53,Male,21,27,3,19,Basic,Monthly,397,5,0
9364,29,Male,42,10,5,18,Premium,Quarterly,643,7,1
9365,53,Male,52,13,1,9,Basic,Monthly,237,3,0
9366,52,Female,53,16,3,15,Basic,Quarterly,610,8,0
9367,26,Male,20,14,5,26,Basic,Monthly,943,3,0
9368,64,Female,11,11,3,2,Premium,Annual,711,4,0
9369,52,Female,55,5,4,23,Premium,Quarterly,534,30,1
9370,35,Male,31,6,5,15,Premium,Quarterly,371,23,0
9371,51,Male,41,17,3,18,Premium,Annual,518,15,0
9372,30,Male,20,26,5,28,Standard,Annual,808,27,0
9373,20,Male,9,28,8,18,Standard,Quarterly,728,15,0
9374,62,Female,40,19,1,10,Standard,Annual,499,27,0
9375,22,Male,18,13,0,22,Premium,Annual,576,25,0
9376,58,Female,55,24,8,23,Standard,Quarterly,128,7,1
9377,53,Female,13,29,9,19,Standard,Quarterly,668,8,0
9378,56,Male,29,8,4,26,Standard,Annual,785,25,0
9379,20,Female,16,10,7,20,Standard,Monthly,145,10,0
9380,64,Female,3,9,8,18,Standard,Quarterly,515,14,0
9381,62,Male,38,28,7,8,Premium,Quarterly,577,11,0
9382,28,Female,20,4,10,12,Basic,Annual,370,12,0
9383,51,Female,38,7,7,21,Basic,Annual,920,12,1
9384,58,Male,11,20,7,10,Basic,Monthly,180,14,0
9385,62,Female,27,11,3,19,Basic,Quarterly,967,19,0
9386,18,Female,18,5,8,5,Basic,Monthly,187,5,0
9387,46,Male,59,5,9,9,Premium,Quarterly,869,27,0
9388,34,Male,5,20,6,7,Standard,Monthly,382,19,0
9389,33,Female,57,28,3,12,Standard,Quarterly,117,14,0
9390,44,Female,32,5,0,11,Basic,Annual,626,27,0
9391,58,Female,3,9,5,30,Premium,Monthly,345,24,1
9392,56,Female,17,16,3,7,Premium,Annual,764,15,0
9393,36,Female,35,8,10,26,Premium,Annual,788,16,1
9394,27,Male,24,14,0,8,Standard,Annual,652,18,0
9395,19,Female,7,22,6,4,Basic,Monthly,990,14,0
9396,65,Male,39,18,9,17,Premium,Monthly,145,5,1
9397,26,Male,10,16,10,10,Basic,Monthly,728,1,0
9398,50,Female,4,14,0,18,Standard,Annual,394,22,0
9399,34,Female,11,23,0,19,Basic,Annual,390,4,0
9400,28,Female,22,9,8,10,Basic,Monthly,934,28,0
9401,53,Female,18,26,7,29,Premium,Quarterly,465,13,1
9402,33,Male,53,22,1,21,Standard,Annual,327,10,0
9403,49,Male,31,5,9,20,Premium,Quarterly,364,29,1
9404,45,Male,37,30,6,10,Premium,Quarterly,529,24,0
9405,61,Male,60,9,5,8,Basic,Quarterly,340,13,0
9406,33,Male,51,2,3,11,Standard,Annual,335,23,0
9407,58,Female,39,15,1,17,Premium,Quarterly,722,7,0
9408,44,Male,5,29,1,22,Basic,Quarterly,915,12,0
9409,64,Male,53,5,4,23,Basic,Annual,683,6,1
9410,29,Male,32,2,6,14,Premium,Annual,657,26,0
9411,50,Male,31,15,7,29,Basic,Monthly,154,29,1
9412,41,Female,31,10,7,5,Standard,Annual,272,5,0
9413,58,Female,60,30,0,19,Standard,Quarterly,259,26,0
9414,65,Female,23,2,7,17,Premium,Monthly,833,26,1
9415,51,Female,59,26,4,28,Premium,Monthly,621,5,1
9416,24,Female,14,17,10,23,Basic,Monthly,849,11,1
9417,38,Male,27,18,6,20,Premium,Annual,877,2,1
9418,18,Male,32,5,10,5,Standard,Monthly,212,24,0
9419,65,Female,26,21,0,8,Premium,Quarterly,937,26,0
9420,46,Female,54,30,9,20,Basic,Quarterly,418,25,1
9421,31,Female,45,9,3,22,Basic,Annual,452,3,1
9422,20,Male,3,23,5,10,Premium,Annual,440,24,0
9423,41,Male,55,12,7,20,Premium,Monthly,306,19,1
9424,36,Female,7,19,8,18,Basic,Monthly,549,4,0
9425,25,Male,46,29,5,21,Standard,Annual,493,16,1
9426,50,Female,12,18,5,22,Premium,Annual,431,23,1
9427,19,Female,5,21,1,16,Standard,Monthly,317,21,0
9428,47,Female,7,3,1,17,Premium,Quarterly,483,5,0
9429,20,Female,11,24,2,24,Standard,Annual,870,24,0
9430,18,Female,27,27,1,9,Basic,Monthly,728,30,0
9431,49,Male,10,28,7,23,Standard,Monthly,415,11,0
9432,54,Female,28,7,0,4,Standard,Quarterly,970,18,0
9433,35,Male,9,17,5,27,Basic,Monthly,357,30,0
9434,53,Male,35,29,9,7,Standard,Quarterly,142,21,0
9435,54,Female,5,3,4,0,Basic,Quarterly,179,24,1
9436,65,Female,3,29,9,19,Basic,Monthly,124,23,0
9437,43,Female,26,27,2,16,Standard,Quarterly,229,26,0
9438,25,Male,9,22,9,24,Standard,Annual,307,20,0
9439,20,Male,4,16,6,9,Standard,Annual,621,2,0
9440,33,Female,6,27,1,16,Premium,Monthly,598,28,0
9441,31,Female,5,12,5,9,Premium,Annual,745,25,0
9442,30,Male,48,8,1,13,Standard,Quarterly,896,5,0
9443,41,Female,59,26,2,19,Standard,Annual,696,2,0
9444,36,Female,33,23,8,22,Basic,Annual,656,17,1
9445,28,Male,17,8,9,11,Standard,Quarterly,219,18,0
9446,40,Female,14,11,7,20,Basic,Quarterly,387,30,0
9447,65,Female,52,30,0,5,Premium,Annual,407,23,0
9448,54,Male,1,17,2,4,Standard,Monthly,136,24,0
9449,33,Male,51,6,3,24,Basic,Annual,154,27,0
9450,57,Female,43,24,8,22,Basic,Quarterly,187,21,1
9451,40,Male,45,25,4,5,Premium,Annual,845,5,0
9452,45,Male,56,11,1,20,Premium,Annual,275,11,0
9453,58,Female,11,8,10,11,Standard,Quarterly,442,28,0
9454,29,Male,60,4,8,30,Premium,Annual,598,11,1
9455,46,Female,35,4,7,27,Standard,Quarterly,427,12,1
9456,44,Male,32,5,3,0,Basic,Monthly,693,29,0
9457,65,Male,51,5,5,20,Basic,Monthly,531,1,1
9458,24,Male,2,14,2,2,Basic,Monthly,565,11,0
9459,37,Female,15,8,2,7,Premium,Annual,359,17,0
9460,50,Female,10,4,0,30,Premium,Quarterly,287,27,1
9461,47,Male,33,27,4,11,Standard,Annual,432,21,0
9462,44,Female,47,4,6,24,Standard,Monthly,803,13,1
9463,41,Male,51,4,6,21,Standard,Annual,345,18,1
9464,39,Female,17,10,5,11,Premium,Annual,685,16,0
9465,43,Female,44,7,9,10,Standard,Monthly,127,22,0
9466,39,Male,9,20,2,22,Premium,Monthly,916,24,0
9467,28,Male,57,29,1,21,Premium,Monthly,758,4,0
9468,65,Female,57,23,6,5,Basic,Annual,475,3,0
9469,63,Female,25,24,1,15,Standard,Annual,130,27,0
9470,18,Male,56,21,2,18,Premium,Annual,153,11,0
9471,26,Female,32,16,9,14,Premium,Quarterly,469,30,0
9472,37,Male,51,24,9,27,Basic,Quarterly,488,16,1
9473,36,Female,18,5,4,16,Standard,Quarterly,264,30,0
9474,58,Female,1,9,3,16,Basic,Annual,454,6,0
9475,45,Female,19,13,6,27,Basic,Annual,597,30,0
9476,60,Female,25,21,9,29,Premium,Annual,304,1,1
9477,37,Male,22,9,10,19,Standard,Quarterly,952,2,0
9478,21,Male,1,7,5,21,Basic,Annual,134,29,0
9479,32,Female,27,5,3,6,Premium,Annual,201,7,0
9480,18,Female,20,9,0,11,Basic,Monthly,637,9,0
9481,47,Female,52,27,8,0,Standard,Monthly,875,17,0
9482,47,Female,24,9,4,10,Basic,Annual,611,13,0
9483,24,Male,37,27,9,14,Standard,Monthly,841,25,0
9484,18,Female,22,26,10,13,Basic,Monthly,320,5,0
9485,62,Female,59,12,10,18,Standard,Annual,976,5,1
9486,53,Female,54,24,0,23,Standard,Annual,900,4,0
9487,33,Male,22,26,6,23,Standard,Annual,359,10,0
9488,35,Male,4,11,2,0,Premium,Monthly,229,14,0
9489,18,Female,48,10,9,21,Basic,Annual,170,9,1
9490,62,Female,26,30,5,30,Premium,Monthly,816,16,1
9491,58,Female,17,9,5,7,Standard,Monthly,599,23,0
9492,40,Male,45,7,7,13,Premium,Annual,152,11,0
9493,57,Female,1,28,10,29,Basic,Monthly,166,18,1
9494,43,Male,26,9,7,2,Basic,Annual,763,18,0
9495,40,Male,15,20,4,26,Standard,Monthly,258,2,0
9496,62,Female,59,3,0,9,Basic,Annual,227,30,0
9497,63,Female,60,4,3,25,Premium,Monthly,372,14,1
9498,50,Female,45,14,7,0,Basic,Quarterly,343,1,0
9499,18,Female,56,7,9,27,Premium,Annual,235,6,1
9500,57,Female,55,14,6,27,Basic,Monthly,799,27,1
9501,55,Male,10,21,1,1,Basic,Quarterly,295,18,0
9502,58,Male,21,13,10,12,Standard,Quarterly,419,14,0
9503,59,Female,31,26,9,16,Basic,Quarterly,203,16,1
9504,46,Male,45,1,1,5,Standard,Quarterly,478,16,0
9505,63,Female,1,26,3,1,Premium,Quarterly,816,3,0
9506,24,Female,57,19,1,29,Standard,Annual,683,4,0
9507,49,Female,23,21,7,10,Standard,Monthly,468,1,0
9508,26,Male,54,8,1,0,Standard,Annual,517,16,0
9509,23,Male,35,14,4,8,Basic,Annual,753,23,0
9510,33,Male,32,15,1,0,Premium,Annual,166,24,0
9511,37,Female,16,26,10,2,Standard,Annual,525,17,0
9512,28,Female,35,8,9,21,Premium,Annual,512,10,1
9513,49,Male,55,19,4,19,Premium,Quarterly,929,19,0
9514,21,Male,45,14,1,27,Premium,Annual,966,16,0
9515,34,Female,15,15,8,20,Standard,Annual,825,29,0
9516,33,Male,40,21,7,24,Standard,Annual,904,11,1
9517,41,Female,56,11,4,10,Basic,Annual,950,4,0
9518,31,Male,41,24,6,22,Basic,Quarterly,852,26,1
9519,44,Male,5,29,6,30,Standard,Monthly,666,3,0
9520,39,Female,44,19,7,10,Premium,Quarterly,804,27,0
9521,33,Male,58,10,2,1,Standard,Monthly,669,18,0
9522,23,Female,3,14,1,19,Standard,Monthly,946,22,0
9523,45,Male,56,25,1,24,Standard,Quarterly,635,2,0
9524,21,Male,52,28,7,12,Basic,Monthly,517,10,0
9525,52,Male,7,12,10,13,Basic,Annual,637,27,0
9526,29,Female,13,29,3,22,Premium,Annual,528,2,0
9527,28,Male,60,23,8,28,Premium,Annual,393,2,1
9528,38,Male,35,20,10,6,Standard,Annual,877,23,0
9529,65,Male,60,24,2,10,Premium,Monthly,854,27,0
9530,61,Male,20,19,3,22,Basic,Quarterly,101,19,0
9531,64,Female,18,5,8,5,Standard,Monthly,947,23,1
9532,35,Male,8,7,5,4,Premium,Annual,372,22,0
9533,24,Male,22,18,5,18,Standard,Annual,803,11,0
9534,48,Female,15,20,2,12,Standard,Annual,851,4,0
9535,35,Male,15,25,6,19,Standard,Annual,778,8,0
9536,21,Female,24,17,3,10,Standard,Quarterly,558,27,0
9537,54,Male,3,23,8,21,Premium,Annual,977,11,0
9538,21,Male,8,20,1,23,Basic,Quarterly,301,7,0
9539,26,Male,37,23,6,25,Basic,Annual,541,29,1
9540,37,Female,4,30,5,13,Standard,Annual,238,20,0
9541,43,Male,44,19,4,11,Premium,Annual,469,29,0
9542,48,Male,27,9,3,26,Premium,Monthly,698,11,0
9543,60,Female,11,24,7,11,Basic,Annual,363,25,0
9544,20,Male,34,7,5,16,Premium,Quarterly,401,30,1
9545,30,Female,8,28,9,21,Basic,Monthly,720,11,1
9546,30,Male,16,10,2,23,Premium,Monthly,752,20,0
9547,38,Male,23,7,6,15,Basic,Monthly,414,5,0
9548,45,Female,34,3,1,25,Premium,Annual,345,28,1
9549,24,Female,46,21,2,14,Standard,Monthly,360,14,0
9550,48,Male,37,27,0,16,Premium,Quarterly,534,28,0
9551,28,Male,7,6,6,30,Basic,Quarterly,777,7,0
9552,43,Female,47,29,8,7,Basic,Annual,761,10,0
9553,34,Female,58,24,10,2,Premium,Annual,304,30,0
9554,41,Male,11,25,2,26,Premium,Annual,757,7,0
9555,46,Male,25,17,7,0,Premium,Quarterly,932,8,0
9556,24,Male,20,8,8,2,Basic,Quarterly,749,4,0
9557,31,Female,7,6,10,27,Basic,Quarterly,125,6,1
9558,32,Male,34,10,0,2,Basic,Annual,501,2,0
9559,24,Male,21,29,2,15,Premium,Quarterly,328,16,0
9560,60,Female,40,11,1,19,Standard,Annual,123,3,0
9561,34,Female,25,21,7,9,Standard,Annual,773,10,0
9562,51,Female,8,3,10,16,Standard,Monthly,738,14,1
9563,24,Male,55,26,10,29,Basic,Quarterly,723,23,1
9564,44,Male,43,11,7,13,Premium,Annual,615,24,0
9565,44,Male,42,27,0,8,Standard,Monthly,354,17,0
9566,54,Female,10,6,9,13,Standard,Monthly,871,2,0
9567,62,Male,45,8,3,16,Premium,Annual,735,20,0
9568,29,Male,43,21,5,0,Basic,Monthly,601,13,0
9569,25,Female,32,9,7,25,Standard,Quarterly,758,19,1
9570,26,Female,9,11,7,28,Standard,Monthly,240,16,1
9571,22,Female,13,19,8,20,Premium,Monthly,704,25,0
9572,43,Male,19,22,0,5,Basic,Annual,254,14,0
9573,33,Female,55,17,2,17,Premium,Quarterly,756,7,0
9574,33,Male,53,22,8,13,Standard,Monthly,730,16,0
9575,24,Male,60,4,8,22,Standard,Monthly,595,9,1
9576,31,Male,43,11,6,16,Basic,Annual,442,14,1
9577,29,Male,25,19,1,21,Basic,Annual,672,23,0
9578,65,Male,6,26,10,17,Basic,Annual,335,28,0
9579,42,Female,56,30,4,2,Basic,Annual,990,28,0
9580,42,Female,4,1,0,19,Standard,Annual,523,7,1
9581,63,Male,54,29,2,3,Basic,Annual,629,11,0
9582,41,Female,46,15,5,26,Standard,Monthly,170,30,1
9583,56,Male,19,17,10,24,Basic,Monthly,908,17,0
9584,40,Female,18,15,1,30,Standard,Annual,274,25,1
9585,65,Female,9,24,7,12,Standard,Quarterly,206,3,0
9586,32,Male,25,5,5,9,Standard,Monthly,362,3,0
9587,46,Male,15,16,2,12,Basic,Quarterly,723,8,0
9588,48,Female,26,7,4,6,Premium,Quarterly,487,30,0
9589,37,Female,42,19,5,25,Basic,Quarterly,716,7,1
9590,62,Male,16,6,8,26,Standard,Monthly,645,5,0
9591,26,Male,57,13,5,25,Basic,Annual,892,25,1
9592,54,Female,50,3,6,27,Basic,Quarterly,718,28,1
9593,32,Female,1,25,0,26,Standard,Annual,155,9,1
9594,33,Male,38,6,6,2,Standard,Quarterly,833,8,0
9595,54,Male,40,14,1,5,Basic,Annual,278,28,0
9596,26,Female,10,22,4,25,Premium,Quarterly,670,24,0
9597,62,Male,49,9,1,0,Basic,Monthly,427,20,0
9598,37,Male,47,13,8,4,Premium,Monthly,332,10,0
9599,62,Male,25,13,7,18,Standard,Annual,776,26,1
9600,18,Male,16,6,6,9,Basic,Annual,269,8,0
9601,50,Male,37,3,5,25,Premium,Annual,539,16,1
9602,25,Male,60,14,3,16,Standard,Annual,241,9,0
9603,59,Male,12,19,6,6,Premium,Annual,784,13,0
9604,23,Female,25,27,10,15,Basic,Monthly,211,9,0
9605,34,Male,53,11,10,21,Standard,Monthly,723,18,1
9606,26,Female,60,28,0,22,Standard,Monthly,784,25,1
9607,57,Female,37,18,6,12,Premium,Annual,491,14,0
9608,47,Female,25,24,1,21,Basic,Monthly,359,28,1
9609,53,Female,13,17,7,14,Premium,Annual,424,22,0
9610,34,Female,24,20,9,26,Standard,Monthly,775,3,1
9611,53,Male,33,14,6,22,Standard,Monthly,794,15,1
9612,33,Female,40,8,1,27,Premium,Quarterly,927,15,0
9613,43,Female,50,5,2,10,Standard,Annual,170,15,0
9614,59,Female,57,29,2,7,Standard,Quarterly,329,3,0
9615,36,Female,1,19,1,4,Basic,Annual,940,12,0
9616,63,Male,50,6,6,23,Basic,Annual,213,8,1
9617,40,Female,27,10,1,1,Premium,Monthly,918,26,0
9618,25,Female,35,25,0,7,Basic,Monthly,536,6,0
9619,43,Female,29,5,6,11,Premium,Monthly,619,23,0
9620,37,Female,32,24,8,22,Standard,Quarterly,659,30,1
9621,32,Male,1,11,6,29,Basic,Quarterly,628,29,0
9622,34,Male,40,12,8,10,Standard,Monthly,101,28,0
9623,42,Female,9,13,3,4,Basic,Monthly,577,7,0
9624,41,Female,55,21,10,4,Basic,Quarterly,186,1,0
9625,24,Female,49,28,6,2,Basic,Annual,715,9,0
9626,24,Female,45,13,10,20,Standard,Annual,794,16,1
9627,19,Male,43,10,8,19,Basic,Quarterly,455,12,1
9628,34,Female,13,28,7,21,Premium,Quarterly,107,30,1
9629,60,Female,53,13,0,10,Premium,Quarterly,938,30,0
9630,39,Male,46,2,1,28,Premium,Annual,135,6,1
9631,26,Female,31,8,4,10,Standard,Monthly,747,22,0
9632,56,Male,57,22,2,3,Standard,Monthly,238,4,0
9633,25,Male,20,23,10,30,Basic,Annual,399,16,0
9634,23,Female,45,14,7,9,Standard,Monthly,843,25,0
9635,25,Male,52,8,9,12,Standard,Annual,176,23,0
9636,22,Female,30,15,9,30,Standard,Monthly,102,13,1
9637,57,Female,56,9,3,27,Standard,Annual,450,18,1
9638,29,Male,59,20,9,28,Standard,Monthly,826,24,1
9639,62,Male,50,8,1,0,Basic,Monthly,300,11,0
9640,41,Male,23,18,4,25,Premium,Quarterly,231,25,0
9641,22,Male,19,1,10,15,Standard,Monthly,945,26,0
9642,51,Female,47,10,4,10,Basic,Monthly,736,19,0
9643,30,Male,51,1,6,22,Standard,Annual,197,19,1
9644,55,Female,49,20,4,10,Premium,Annual,176,2,0
9645,36,Male,12,27,9,13,Basic,Monthly,370,17,0
9646,65,Female,47,27,0,27,Standard,Monthly,941,8,1
9647,45,Female,6,5,6,30,Basic,Annual,997,12,0
9648,65,Male,29,2,5,7,Premium,Annual,999,5,1
9649,36,Male,33,1,10,26,Premium,Quarterly,424,18,1
9650,43,Male,47,19,5,20,Premium,Quarterly,951,10,1
9651,34,Male,35,29,4,12,Basic,Monthly,721,21,0
9652,47,Male,38,4,6,3,Standard,Quarterly,754,13,0
9653,18,Female,50,3,5,2,Premium,Annual,977,16,0
9654,51,Female,39,16,7,18,Basic,Annual,239,18,1
9655,51,Female,3,7,6,7,Premium,Quarterly,807,5,0
9656,54,Male,16,2,5,25,Basic,Quarterly,868,28,1
9657,20,Female,3,2,5,4,Premium,Monthly,973,3,0
9658,18,Female,47,26,9,9,Basic,Quarterly,613,26,0
9659,37,Female,40,15,9,4,Standard,Annual,868,5,0
9660,38,Female,41,3,9,18,Premium,Annual,888,27,1
9661,31,Male,49,2,5,5,Standard,Quarterly,512,17,0
9662,24,Female,54,3,7,23,Standard,Monthly,151,16,1
9663,48,Female,9,11,6,21,Basic,Quarterly,561,12,0
9664,65,Male,52,26,7,0,Premium,Monthly,133,12,0
9665,49,Male,23,15,7,16,Standard,Quarterly,689,29,0
9666,49,Female,51,13,8,25,Premium,Annual,642,24,1
9667,43,Male,21,7,6,16,Basic,Monthly,507,8,0
9668,52,Female,47,10,3,15,Basic,Annual,250,11,0
9669,57,Female,44,14,2,12,Standard,Annual,719,15,0
9670,52,Female,40,20,6,5,Premium,Quarterly,224,6,0
9671,32,Female,32,12,5,17,Premium,Quarterly,263,20,1
9672,39,Female,17,28,10,22,Standard,Quarterly,358,3,1
9673,55,Female,35,26,3,6,Premium,Quarterly,919,9,0
9674,24,Female,24,6,5,10,Basic,Quarterly,435,16,0
9675,32,Female,36,15,7,29,Basic,Monthly,695,4,1
9676,54,Female,11,1,1,15,Standard,Monthly,708,13,0
9677,49,Female,5,15,0,15,Basic,Annual,117,18,0
9678,52,Female,49,28,8,5,Basic,Annual,449,23,0
9679,37,Male,14,8,3,20,Premium,Annual,972,7,0
9680,42,Male,54,15,8,11,Basic,Annual,591,8,0
9681,59,Female,4,5,0,29,Premium,Monthly,596,25,1
9682,29,Male,31,26,10,1,Standard,Annual,522,9,0
9683,51,Male,3,24,5,12,Premium,Monthly,533,16,0
9684,29,Male,2,7,5,8,Basic,Monthly,827,11,0
9685,35,Female,25,8,1,4,Basic,Monthly,164,26,0
9686,33,Female,35,4,5,25,Basic,Annual,709,26,1
9687,33,Male,10,25,5,14,Premium,Quarterly,563,4,0
9688,37,Male,55,1,1,30,Premium,Quarterly,538,21,0
9689,64,Male,13,1,9,17,Standard,Quarterly,675,19,1
9690,61,Male,24,3,7,25,Basic,Annual,363,24,1
9691,53,Female,50,10,6,16,Premium,Quarterly,867,9,1
9692,36,Female,14,2,5,26,Premium,Annual,754,14,0
9693,32,Female,16,20,10,4,Standard,Annual,842,6,0
9694,63,Female,52,27,1,12,Standard,Quarterly,668,8,0
9695,62,Male,40,19,4,6,Premium,Annual,205,19,0
9696,27,Female,36,28,10,26,Premium,Monthly,951,8,1
9697,52,Male,43,5,9,23,Basic,Monthly,644,26,1
9698,64,Female,43,10,9,30,Premium,Monthly,932,23,1
9699,28,Female,9,26,5,11,Basic,Quarterly,684,21,0
9700,40,Male,11,16,2,22,Premium,Annual,192,28,0
9701,41,Female,4,9,5,6,Standard,Annual,328,14,0
9702,43,Female,48,2,10,13,Standard,Quarterly,132,4,0
9703,24,Male,9,3,2,5,Premium,Monthly,524,28,0
9704,39,Male,44,15,0,12,Basic,Annual,763,15,0
9705,38,Male,14,26,6,5,Premium,Monthly,128,18,0
9706,54,Male,59,28,8,5,Basic,Quarterly,958,29,0
9707,33,Male,9,13,8,27,Standard,Quarterly,765,14,0
9708,59,Male,49,15,9,11,Basic,Monthly,389,8,0
9709,44,Female,40,19,8,20,Standard,Annual,630,19,1
9710,30,Male,30,16,10,22,Basic,Annual,811,8,1
9711,21,Female,29,24,4,5,Premium,Monthly,114,3,0
9712,65,Male,4,4,7,6,Basic,Annual,316,27,1
9713,26,Female,46,29,10,5,Basic,Monthly,666,9,0
9714,35,Female,9,9,4,3,Basic,Monthly,900,11,0
9715,19,Male,12,5,3,25,Basic,Monthly,744,5,0
9716,24,Female,16,22,0,4,Basic,Quarterly,637,29,0
9717,60,Female,50,16,1,16,Premium,Annual,732,9,0
9718,47,Female,12,25,2,14,Standard,Quarterly,613,23,0
9719,27,Female,9,8,2,0,Basic,Monthly,567,16,0
9720,58,Female,20,12,10,17,Basic,Quarterly,834,28,0
9721,61,Female,28,23,9,12,Standard,Quarterly,858,9,0
9722,63,Male,43,19,1,30,Premium,Monthly,509,24,0
9723,52,Male,60,19,8,4,Basic,Quarterly,218,14,0
9724,55,Male,7,29,4,26,Basic,Annual,546,26,0
9725,28,Male,25,22,9,10,Standard,Annual,944,18,0
9726,48,Female,9,20,6,12,Standard,Annual,231,7,0
9727,20,Male,17,5,7,21,Basic,Quarterly,460,19,0
9728,59,Male,7,24,6,21,Standard,Annual,172,30,0
9729,65,Female,46,9,1,24,Premium,Monthly,193,27,1
9730,57,Female,16,27,6,1,Premium,Monthly,712,13,0
9731,36,Female,19,28,2,3,Premium,Annual,572,10,0
9732,37,Female,58,21,6,0,Standard,Monthly,213,24,0
9733,35,Male,14,7,7,15,Premium,Monthly,803,11,0
9734,33,Male,38,5,0,23,Premium,Quarterly,106,12,0
9735,55,Female,9,27,5,11,Basic,Monthly,429,29,0
9736,31,Male,46,1,4,8,Basic,Monthly,862,29,0
9737,20,Male,18,23,2,22,Basic,Quarterly,730,26,0
9738,19,Male,55,1,2,29,Premium,Quarterly,181,23,0
9739,63,Female,9,1,4,23,Basic,Monthly,971,21,1
9740,50,Male,30,9,9,27,Premium,Quarterly,604,19,1
9741,26,Male,59,24,2,5,Standard,Monthly,310,24,0
9742,60,Female,45,14,10,17,Standard,Monthly,473,17,1
9743,52,Female,36,14,6,9,Premium,Annual,117,8,0
9744,58,Female,18,7,2,4,Standard,Monthly,128,14,0
9745,60,Male,21,22,3,29,Standard,Quarterly,189,18,0
9746,51,Male,47,21,5,1,Premium,Annual,823,22,0
9747,45,Female,42,5,10,20,Basic,Monthly,397,9,1
9748,35,Female,54,14,7,6,Standard,Quarterly,852,27,0
9749,51,Male,35,12,2,7,Standard,Quarterly,503,20,0
9750,41,Male,34,18,7,5,Premium,Quarterly,557,17,0
9751,52,Male,3,6,4,6,Standard,Annual,821,15,0
9752,63,Male,58,2,2,16,Basic,Monthly,927,4,0
9753,24,Male,34,25,10,20,Standard,Quarterly,535,3,1
9754,60,Male,52,2,1,14,Basic,Monthly,209,24,0
9755,63,Male,38,24,2,27,Basic,Quarterly,318,5,0
9756,40,Male,44,8,0,29,Premium,Quarterly,861,8,0
9757,37,Female,43,15,0,13,Basic,Annual,384,17,0
9758,47,Female,57,13,8,28,Standard,Quarterly,783,28,1
9759,36,Male,13,3,9,16,Premium,Monthly,293,24,0
9760,18,Female,27,21,8,8,Standard,Annual,514,10,0
9761,29,Female,17,3,6,16,Standard,Annual,208,30,0
9762,43,Male,13,9,0,21,Premium,Monthly,985,17,0
9763,48,Male,41,24,6,3,Basic,Monthly,980,1,0
9764,19,Male,21,18,7,10,Premium,Quarterly,470,1,0
9765,40,Female,25,23,7,8,Basic,Annual,689,2,0
9766,52,Female,21,5,10,10,Basic,Annual,874,24,1
9767,58,Male,21,29,4,18,Premium,Monthly,324,3,0
9768,29,Male,2,16,3,9,Standard,Annual,716,26,0
9769,27,Female,55,22,0,28,Premium,Annual,751,14,0
9770,46,Female,53,20,10,16,Standard,Quarterly,454,30,1
9771,35,Female,4,30,1,28,Premium,Annual,738,26,0
9772,63,Female,41,6,4,10,Standard,Annual,619,13,0
9773,56,Male,56,25,9,25,Standard,Monthly,643,11,1
9774,33,Female,56,15,2,21,Standard,Monthly,864,24,1
9775,35,Female,53,2,10,2,Basic,Quarterly,703,15,0
9776,19,Female,60,24,5,7,Premium,Monthly,366,9,0
9777,54,Female,8,2,10,3,Standard,Annual,809,7,1
9778,58,Female,39,8,7,4,Standard,Quarterly,176,13,0
9779,24,Male,13,17,6,6,Standard,Monthly,357,17,0
9780,27,Male,30,8,3,15,Basic,Monthly,555,22,0
9781,40,Female,57,8,0,9,Basic,Monthly,453,9,0
9782,57,Male,46,9,10,19,Premium,Annual,900,26,1
9783,38,Male,38,9,6,8,Premium,Monthly,490,30,0
9784,29,Male,58,4,3,7,Premium,Monthly,386,23,0
9785,49,Female,15,16,4,17,Premium,Quarterly,820,25,0
9786,46,Female,14,12,2,23,Standard,Quarterly,122,9,1
9787,22,Female,35,6,7,20,Basic,Monthly,543,9,1
9788,46,Female,7,18,7,26,Standard,Monthly,299,23,1
9789,62,Female,50,5,4,24,Standard,Monthly,355,9,1
9790,50,Female,18,11,4,26,Basic,Quarterly,296,3,1
9791,42,Female,57,14,7,26,Basic,Annual,792,6,1
9792,23,Male,16,23,1,28,Premium,Annual,417,17,0
9793,52,Female,5,17,9,9,Basic,Annual,682,28,0
9794,60,Female,57,2,6,9,Basic,Monthly,561,8,1
9795,46,Male,29,26,5,14,Premium,Quarterly,417,13,0
9796,37,Female,7,5,1,0,Basic,Monthly,307,17,0
9797,50,Female,38,10,4,24,Premium,Annual,671,4,0
9798,24,Male,44,30,6,17,Basic,Annual,110,30,1
9799,64,Male,33,20,9,20,Basic,Quarterly,815,26,1
9800,39,Male,14,13,4,23,Standard,Quarterly,973,20,0
9801,23,Female,56,12,0,20,Basic,Monthly,641,28,0
9802,19,Male,2,19,3,10,Premium,Quarterly,464,6,0
9803,63,Male,57,9,3,13,Basic,Quarterly,696,15,0
9804,46,Male,14,12,9,21,Standard,Quarterly,408,24,0
9805,37,Male,11,21,7,28,Premium,Quarterly,200,19,0
9806,59,Female,23,8,3,18,Basic,Monthly,141,8,0
9807,64,Male,49,7,9,28,Premium,Monthly,291,29,1
9808,30,Male,14,28,4,14,Premium,Monthly,147,11,0
9809,45,Male,3,2,9,28,Standard,Annual,845,7,1
9810,48,Male,37,10,0,16,Premium,Annual,723,21,0
9811,35,Female,29,7,4,17,Premium,Annual,310,13,0
9812,20,Female,4,5,1,13,Standard,Quarterly,744,6,0
9813,38,Male,20,28,3,25,Standard,Quarterly,295,20,0
9814,34,Male,51,30,4,26,Premium,Annual,276,30,0
9815,52,Female,46,9,7,30,Standard,Annual,857,29,1
9816,27,Male,24,19,1,3,Basic,Quarterly,238,10,0
9817,30,Female,41,18,1,2,Standard,Quarterly,607,5,0
9818,37,Male,48,23,8,8,Basic,Monthly,655,27,0
9819,33,Female,8,19,8,29,Premium,Quarterly,348,8,1
9820,34,Female,4,9,0,19,Standard,Monthly,475,17,0
9821,41,Female,22,8,4,13,Basic,Annual,938,9,0
9822,56,Female,30,10,7,27,Premium,Quarterly,923,12,1
9823,56,Female,17,14,3,1,Standard,Annual,670,18,0
9824,37,Male,55,21,2,15,Standard,Annual,585,14,0
9825,20,Female,35,15,5,6,Standard,Quarterly,912,30,0
9826,22,Female,7,22,0,9,Basic,Monthly,623,15,0
9827,34,Male,24,19,4,29,Premium,Quarterly,673,26,0
9828,58,Male,5,25,3,8,Standard,Monthly,498,12,0
9829,46,Female,36,28,5,8,Premium,Quarterly,502,10,0
9830,34,Male,24,5,9,14,Premium,Annual,510,9,0
9831,18,Male,49,28,8,21,Standard,Quarterly,278,10,1
9832,63,Female,32,29,9,8,Premium,Annual,889,14,0
9833,34,Male,10,15,9,8,Premium,Annual,840,30,0
9834,41,Male,31,11,5,15,Premium,Annual,385,14,0
9835,39,Male,3,29,8,0,Premium,Annual,355,4,0
9836,26,Female,2,9,9,27,Premium,Monthly,287,28,1
9837,51,Female,20,11,0,25,Premium,Quarterly,987,2,0
9838,23,Female,58,13,3,1,Standard,Monthly,725,8,0
9839,36,Male,14,23,8,24,Premium,Annual,336,19,0
9840,48,Female,7,2,7,24,Premium,Annual,427,13,1
9841,44,Female,35,8,7,17,Standard,Monthly,321,23,1
9842,24,Female,22,28,8,7,Basic,Quarterly,627,25,0
9843,46,Male,51,9,7,23,Basic,Monthly,171,30,1
9844,54,Male,50,8,3,9,Standard,Annual,371,2,0
9845,27,Male,38,5,4,23,Premium,Monthly,257,15,0
9846,30,Male,3,19,10,12,Standard,Quarterly,497,10,0
9847,46,Female,20,26,7,0,Basic,Annual,999,20,0
9848,60,Female,31,19,3,4,Premium,Quarterly,298,23,0
9849,57,Male,54,12,4,21,Premium,Quarterly,781,11,0
9850,34,Male,4,14,4,4,Standard,Annual,421,11,0
9851,59,Female,47,29,2,7,Premium,Monthly,805,16,0
9852,33,Female,7,23,8,30,Standard,Monthly,268,7,1
9853,22,Male,47,27,10,0,Standard,Annual,268,18,0
9854,63,Male,28,19,0,17,Standard,Quarterly,620,6,0
9855,31,Female,45,6,8,7,Basic,Quarterly,408,23,0
9856,60,Male,25,13,3,5,Standard,Annual,551,17,0
9857,48,Female,53,15,4,30,Basic,Quarterly,180,24,1
9858,20,Female,31,2,6,28,Premium,Annual,795,19,1
9859,31,Female,55,24,0,16,Premium,Annual,251,3,0
9860,39,Male,18,13,1,15,Basic,Annual,223,6,0
9861,34,Male,6,24,10,2,Standard,Annual,838,2,0
9862,48,Male,29,1,8,5,Basic,Annual,247,1,1
9863,29,Male,22,6,1,18,Premium,Monthly,859,17,0
9864,52,Male,17,18,0,29,Premium,Annual,114,23,0
9865,45,Male,26,23,2,6,Premium,Monthly,456,11,0
9866,49,Male,44,3,2,26,Premium,Annual,199,11,0
9867,51,Male,59,25,3,13,Standard,Annual,732,26,0
9868,39,Male,42,22,5,6,Basic,Quarterly,949,17,0
9869,58,Male,36,30,10,29,Premium,Quarterly,449,19,1
9870,38,Male,47,13,8,19,Standard,Monthly,574,17,1
9871,24,Male,35,13,10,29,Basic,Annual,149,23,1
9872,51,Female,6,20,1,6,Basic,Annual,543,19,0
9873,55,Male,1,14,6,13,Basic,Annual,659,7,0
9874,50,Female,25,20,1,13,Premium,Monthly,612,3,0
9875,52,Male,18,24,3,20,Premium,Quarterly,666,18,0
9876,20,Male,24,1,9,4,Premium,Quarterly,374,15,0
9877,19,Male,43,3,0,16,Premium,Annual,778,5,0
9878,42,Female,5,22,10,25,Premium,Quarterly,713,15,0
9879,46,Male,27,19,5,20,Premium,Annual,493,4,1
9880,63,Male,17,4,8,5,Premium,Quarterly,755,12,1
9881,61,Female,38,19,5,18,Premium,Monthly,680,11,1
9882,43,Male,49,8,6,23,Premium,Annual,745,15,1
9883,52,Male,7,20,4,25,Standard,Annual,142,25,0
9884,30,Male,12,29,3,15,Premium,Monthly,773,14,0
9885,21,Female,60,27,0,7,Standard,Monthly,378,21,0
9886,24,Male,2,21,9,26,Basic,Annual,122,11,0
9887,41,Female,36,17,8,28,Premium,Quarterly,541,1,1
9888,24,Female,56,20,2,0,Basic,Monthly,538,17,0
9889,52,Female,55,20,8,10,Standard,Quarterly,690,27,0
9890,39,Female,37,8,2,20,Premium,Monthly,119,12,0
9891,27,Female,42,21,4,24,Premium,Monthly,157,23,1
9892,54,Female,28,11,1,25,Standard,Annual,856,6,0
9893,53,Male,34,17,6,16,Standard,Quarterly,155,25,1
9894,30,Female,13,12,8,13,Premium,Monthly,827,16,0
9895,33,Female,3,3,8,20,Premium,Monthly,382,17,0
9896,42,Male,32,21,7,9,Basic,Quarterly,983,13,0
9897,47,Male,23,6,2,22,Standard,Annual,545,7,0
9898,24,Male,32,4,1,19,Basic,Quarterly,522,15,0
9899,56,Male,55,29,10,4,Basic,Annual,613,2,0
9900,50,Female,7,29,6,5,Premium,Monthly,104,13,0
9901,60,Female,39,18,5,19,Standard,Quarterly,783,29,1
9902,64,Female,53,19,7,7,Standard,Quarterly,657,7,0
9903,35,Male,24,19,7,18,Basic,Monthly,826,25,1
9904,50,Female,7,1,8,24,Basic,Annual,375,15,1
9905,22,Male,17,19,4,1,Premium,Annual,851,1,0
9906,23,Male,53,13,1,28,Basic,Quarterly,791,3,0
9907,38,Female,12,1,0,15,Basic,Quarterly,467,30,0
9908,28,Male,50,28,2,24,Standard,Monthly,150,5,0
9909,25,Female,51,19,3,19,Standard,Quarterly,369,25,0
9910,64,Female,12,13,6,6,Basic,Monthly,320,19,0
9911,45,Male,34,8,9,7,Premium,Monthly,893,19,0
9912,34,Male,4,15,5,1,Basic,Monthly,303,21,0
9913,40,Female,7,9,4,14,Premium,Annual,326,15,0
9914,57,Male,46,30,1,20,Basic,Quarterly,615,15,0
9915,47,Male,27,15,9,19,Premium,Monthly,696,26,1
9916,38,Female,30,29,3,23,Basic,Monthly,416,11,1
9917,29,Female,38,10,5,28,Basic,Monthly,827,12,1
9918,56,Male,2,26,7,21,Basic,Annual,354,4,0
9919,42,Female,46,16,3,15,Standard,Annual,1000,23,0
9920,63,Female,25,17,1,23,Basic,Monthly,325,6,1
9921,28,Male,25,6,3,5,Premium,Monthly,467,7,0
9922,64,Female,15,21,2,12,Premium,Annual,940,25,0
9923,25,Female,38,30,9,11,Premium,Monthly,919,18,0
9924,24,Male,21,8,3,15,Basic,Quarterly,473,5,0
9925,44,Female,46,27,10,6,Basic,Monthly,458,27,0
9926,27,Male,26,29,5,19,Standard,Monthly,457,15,1
9927,62,Female,23,4,3,18,Basic,Quarterly,281,9,0
9928,43,Female,38,22,10,24,Premium,Monthly,741,16,1
9929,39,Female,25,9,9,13,Standard,Quarterly,630,23,0
9930,25,Male,31,14,1,11,Standard,Monthly,875,14,0
9931,21,Male,45,6,3,4,Basic,Annual,493,2,0
9932,29,Female,12,22,9,28,Standard,Quarterly,574,12,0
9933,36,Female,60,24,5,13,Basic,Monthly,709,16,0
9934,59,Female,7,8,3,28,Premium,Quarterly,885,22,0
9935,20,Male,25,6,3,30,Basic,Annual,259,4,0
9936,20,Male,41,9,2,19,Basic,Quarterly,322,7,0
9937,51,Male,51,8,0,19,Basic,Monthly,455,30,0
9938,29,Male,27,19,0,5,Premium,Annual,854,10,0
9939,65,Female,24,19,1,10,Standard,Annual,320,17,0
9940,39,Female,22,15,8,30,Standard,Monthly,576,23,1
9941,19,Male,10,25,4,0,Standard,Monthly,873,10,0
9942,39,Male,2,2,4,27,Premium,Annual,939,24,1
9943,33,Female,21,26,1,21,Basic,Quarterly,518,9,0
9944,19,Female,36,7,5,4,Basic,Monthly,537,14,0
9945,61,Female,42,4,4,17,Basic,Annual,993,28,1
9946,57,Female,50,22,7,28,Standard,Monthly,242,26,1
9947,65,Female,11,15,6,2,Basic,Annual,559,5,0
9948,22,Male,35,5,5,18,Standard,Annual,104,4,1
9949,34,Male,36,24,5,17,Premium,Annual,932,26,1
9950,26,Male,36,20,2,24,Premium,Monthly,251,6,0
9951,56,Female,24,17,6,9,Standard,Monthly,562,30,0
9952,21,Male,30,4,2,11,Standard,Quarterly,489,26,0
9953,19,Female,45,30,2,11,Standard,Annual,835,18,0
9954,56,Female,57,16,2,2,Standard,Quarterly,452,26,0
9955,43,Female,32,10,5,28,Premium,Monthly,177,4,1
9956,34,Male,1,2,7,16,Standard,Annual,295,8,1
9957,28,Male,46,9,0,7,Premium,Monthly,204,7,0
9958,37,Female,51,9,10,8,Premium,Annual,944,7,0
9959,40,Female,1,9,2,30,Premium,Monthly,258,29,1
9960,51,Male,28,14,5,24,Standard,Annual,307,6,1
9961,62,Male,33,5,8,7,Standard,Quarterly,513,1,1
9962,28,Male,29,19,9,23,Basic,Annual,373,9,1
9963,35,Female,39,3,8,26,Premium,Annual,331,12,1
9964,30,Male,36,1,1,3,Standard,Monthly,927,9,0
9965,34,Male,34,30,0,15,Basic,Monthly,644,15,0
9966,40,Male,41,8,7,2,Standard,Annual,282,20,0
9967,45,Male,1,30,7,30,Standard,Annual,876,26,0
9968,59,Female,34,8,1,22,Premium,Quarterly,881,9,0
9969,65,Male,37,26,7,1,Basic,Quarterly,752,20,0
9970,54,Male,41,22,2,20,Standard,Quarterly,688,22,0
9971,61,Female,32,18,1,16,Premium,Monthly,136,26,0
9972,62,Female,56,21,1,19,Basic,Quarterly,936,1,0
9973,45,Female,18,18,1,26,Basic,Annual,828,4,0
9974,54,Female,16,8,7,27,Standard,Quarterly,941,5,0
9975,59,Female,22,20,9,2,Basic,Quarterly,355,20,0
9976,41,Male,50,29,10,10,Standard,Quarterly,213,15,0
9977,55,Male,52,7,8,1,Premium,Annual,772,5,0
9978,43,Male,35,19,1,13,Premium,Annual,946,26,0
9979,34,Male,45,28,2,12,Basic,Monthly,566,11,0
9980,36,Female,40,27,10,7,Standard,Annual,311,2,0
9981,43,Female,26,27,3,27,Standard,Quarterly,621,30,0
9982,50,Female,12,7,10,30,Premium,Quarterly,885,13,0
9983,61,Female,52,26,5,15,Standard,Quarterly,565,8,0
9984,58,Female,37,14,10,18,Basic,Annual,646,10,1
9985,51,Male,36,23,4,0,Basic,Annual,106,4,0
9986,60,Female,47,9,1,4,Basic,Quarterly,862,3,0
9987,36,Male,30,27,0,29,Standard,Annual,942,11,0
9988,24,Male,29,19,2,4,Premium,Quarterly,125,26,0
9989,58,Female,35,14,6,23,Standard,Monthly,268,25,1
9990,19,Female,27,17,7,2,Standard,Quarterly,360,11,0
9991,48,Male,42,11,4,16,Standard,Monthly,975,6,0
9992,34,Female,41,22,8,7,Premium,Monthly,172,17,0
9993,28,Male,4,10,6,7,Standard,Monthly,909,23,0
9994,24,Female,53,21,6,29,Basic,Annual,604,4,1
9995,20,Female,20,26,7,23,Premium,Annual,647,9,0
9996,36,Male,3,14,6,25,Premium,Annual,126,24,0
9997,55,Male,18,1,4,2,Premium,Annual,943,9,1
9998,62,Female,17,30,2,9,Standard,Quarterly,872,10,0
9999,34,Male,20,11,7,13,Premium,Monthly,764,5,0
